query_id,split,query_type,input_tokens,agent_id,token_budget,observed_quality,cost_usd,latency_ms
1,train,math_olympiad,152,A,512,0.0,0.0001371,4189.0
1,train,math_olympiad,152,A,1024,0.0,0.0002651,7837.9
1,train,math_olympiad,152,A,2048,0.0,0.0005211,15645.9
1,train,math_olympiad,152,A,4096,0.0,0.0010331,31709.7
1,train,math_olympiad,152,B,512,0.0,0.0002425,11432.4
1,train,math_olympiad,152,B,1024,0.0,0.0004729,22532.5
1,train,math_olympiad,152,B,2048,0.0,0.0009337,45283.0
1,train,math_olympiad,152,B,4096,0.0,0.0009296,45004.9
1,train,math_olympiad,152,C,512,0.0,0.0001146,1210.8
1,train,math_olympiad,152,C,1024,0.0,0.000217,6500.8
1,train,math_olympiad,152,C,2048,0.0,0.0004218,4179.9
1,train,math_olympiad,152,C,4096,0.0,0.0008314,21463.3
1,train,math_olympiad,152,D,512,0.0,0.0001391,5001.1
1,train,math_olympiad,152,D,1024,0.0,0.0002671,10024.4
1,train,math_olympiad,152,D,2048,0.0,0.0005231,24892.1
1,train,math_olympiad,152,D,4096,0.0,0.0010351,34700.9
1,train,math_olympiad,152,E,512,0.0,0.0006109,2639.7
1,train,math_olympiad,152,E,1024,0.0,0.0011738,9989.7
1,train,math_olympiad,152,E,2048,0.0,0.0023002,10390.8
1,train,math_olympiad,152,E,4096,0.0,0.004553,20278.5
2,test,knowledge,180,A,512,0.0,0.0001386,4897.0
2,test,knowledge,180,A,1024,0.0,0.0002666,7852.7
2,test,knowledge,180,A,2048,0.0,0.0005226,20198.3
2,test,knowledge,180,A,4096,1.0,0.0006266,24597.0
2,test,knowledge,180,B,512,0.0,0.0002448,17371.0
2,test,knowledge,180,B,1024,0.0,0.0004752,35775.0
2,test,knowledge,180,B,2048,0.0,0.0005324,40930.0
2,test,knowledge,180,B,4096,0.0,0.0005044,37801.3
2,test,knowledge,180,C,512,0.0,0.000117,2951.1
2,test,knowledge,180,C,1024,0.0,5.78e-05,1693.8
2,test,knowledge,180,C,2048,1.0,0.0003688,11038.8
2,test,knowledge,180,C,4096,1.0,0.0003936,11721.2
2,test,knowledge,180,D,512,0.0,0.0001408,8390.2
2,test,knowledge,180,D,1024,1.0,0.0001862,9363.6
2,test,knowledge,180,D,2048,1.0,8.32e-05,16546.0
2,test,knowledge,180,D,4096,1.0,0.0002552,15516.5
2,test,knowledge,180,E,512,0.0,0.0006181,2891.0
2,test,knowledge,180,E,1024,0.0,0.001181,5790.0
2,test,knowledge,180,E,2048,0.0,0.0023074,11230.2
2,test,knowledge,180,E,4096,1.0,0.0024768,43324.2
3,test,knowledge,439,A,512,0.0,0.000156,4113.2
3,test,knowledge,439,A,1024,0.0,0.000276,7614.4
3,test,knowledge,439,A,2048,0.0,0.00054,15670.8
3,test,knowledge,439,A,4096,0.0,0.000341,9553.1
3,test,knowledge,439,B,512,0.0,0.0002298,10612.6
3,test,knowledge,439,B,1024,0.0,0.0004948,23511.9
3,test,knowledge,439,B,2048,0.0,0.0003764,19913.6
3,test,knowledge,439,B,4096,0.0,0.0008778,47156.7
3,test,knowledge,439,C,512,0.0,0.0001141,2369.4
3,test,knowledge,439,C,1024,0.0,0.0002399,5200.3
3,test,knowledge,439,C,2048,0.0,9.41e-05,1709.6
3,test,knowledge,439,C,4096,0.0,0.0001261,2308.1
3,test,knowledge,439,D,512,0.0,0.0001625,9475.5
3,test,knowledge,439,D,1024,0.0,0.0002905,14035.2
3,test,knowledge,439,D,2048,1.0,0.0003465,13278.0
3,test,knowledge,439,D,4096,0.0,0.0010585,58597.5
3,test,knowledge,439,E,512,0.0,0.0006874,3329.4
3,test,knowledge,439,E,1024,0.0,0.0012506,6461.9
3,test,knowledge,439,E,2048,0.0,0.0023767,19028.0
3,test,knowledge,439,E,4096,1.0,0.0027092,11248.6
4,train,math_olympiad,195,A,512,0.0,0.0001397,5062.1
4,train,math_olympiad,195,A,1024,0.0,0.0002677,7803.3
4,train,math_olympiad,195,A,2048,0.0,0.0005237,15619.4
4,train,math_olympiad,195,A,4096,0.0,0.0010357,31897.0
4,train,math_olympiad,195,B,512,0.0,0.0002458,10997.3
4,train,math_olympiad,195,B,1024,0.0,0.0004762,22098.2
4,train,math_olympiad,195,B,2048,0.0,0.0007125,33375.0
4,train,math_olympiad,195,B,4096,0.0,0.0004879,22881.0
4,train,math_olympiad,195,C,512,0.0,0.0001181,1096.9
4,train,math_olympiad,195,C,1024,0.0,0.0002205,2352.8
4,train,math_olympiad,195,C,2048,0.0,0.0004253,4672.8
4,train,math_olympiad,195,C,4096,0.0,0.0008349,19463.7
4,train,math_olympiad,195,D,512,0.0,0.0001422,7701.0
4,train,math_olympiad,195,D,1024,0.0,0.0002702,15602.3
4,train,math_olympiad,195,D,2048,0.0,0.0005262,21713.1
4,train,math_olympiad,195,D,4096,0.0,8.52e-05,10257.5
4,train,math_olympiad,195,E,512,0.0,0.0006241,2403.8
4,train,math_olympiad,195,E,1024,0.0,0.0011873,4441.3
4,train,math_olympiad,195,E,2048,0.0,0.0023137,7453.5
4,train,math_olympiad,195,E,4096,0.0,0.0045662,38283.2
5,train,math_comp,78,A,512,0.0,0.0001327,4082.9
5,train,math_comp,78,A,1024,1.0,0.0001489,4489.5
5,train,math_comp,78,A,2048,1.0,9.44e-05,3056.1
5,train,math_comp,78,A,4096,1.0,7.64e-05,2613.2
5,train,math_comp,78,B,512,0.0,0.0002363,27583.9
5,train,math_comp,78,B,1024,1.0,0.0003248,21427.0
5,train,math_comp,78,B,2048,1.0,0.0003923,19248.2
5,train,math_comp,78,B,4096,1.0,0.0004872,71098.7
5,train,math_comp,78,C,512,0.0,0.0001088,3590.2
5,train,math_comp,78,C,1024,0.0,0.0002112,5822.8
5,train,math_comp,78,C,2048,1.0,6.58e-05,2069.0
5,train,math_comp,78,C,4096,1.0,0.0002038,6487.3
5,train,math_comp,78,D,512,0.0,0.0001335,7062.3
5,train,math_comp,78,D,1024,1.0,3.05e-05,5256.8
5,train,math_comp,78,D,2048,1.0,0.0001772,10970.7
5,train,math_comp,78,D,4096,1.0,2.65e-05,4928.8
5,train,math_comp,78,E,512,0.0,0.0005896,4368.3
5,train,math_comp,78,E,1024,1.0,0.0010931,9862.5
5,train,math_comp,78,E,2048,1.0,0.001793,8387.0
5,train,math_comp,78,E,4096,1.0,0.0012647,6354.0
6,train,math_olympiad,112,A,512,0.0,0.0001347,4017.6
6,train,math_olympiad,112,A,1024,0.0,0.0002492,7357.2
6,train,math_olympiad,112,A,2048,0.0,0.0002745,8569.0
6,train,math_olympiad,112,A,4096,0.0,0.0010307,31650.0
6,train,math_olympiad,112,B,512,0.0,0.0002392,11670.9
6,train,math_olympiad,112,B,1024,0.0,0.0004696,22707.3
6,train,math_olympiad,112,B,2048,1.0,0.0005956,28927.8
6,train,math_olympiad,112,B,4096,0.0,0.0006586,31845.2
6,train,math_olympiad,112,C,512,0.0,0.0001114,2785.6
6,train,math_olympiad,112,C,1024,0.0,0.0002138,6699.0
6,train,math_olympiad,112,C,2048,0.0,0.0004186,11237.5
6,train,math_olympiad,112,C,4096,1.0,0.0008182,20002.3
6,train,math_olympiad,112,D,512,0.0,0.0001361,6194.1
6,train,math_olympiad,112,D,1024,0.0,0.0002641,11986.6
6,train,math_olympiad,112,D,2048,1.0,0.0004588,55163.1
6,train,math_olympiad,112,D,4096,1.0,0.0003011,11956.3
6,train,math_olympiad,112,E,512,0.0,0.0005995,1949.3
6,train,math_olympiad,112,E,1024,0.0,0.0011624,9820.5
6,train,math_olympiad,112,E,2048,1.0,0.0022242,7792.5
6,train,math_olympiad,112,E,4096,1.0,0.0022506,7718.8
7,test,coding,203,A,512,1.0,0.0001084,2961.5
7,test,coding,203,A,1024,1.0,0.0001404,5244.6
7,test,coding,203,A,2048,1.0,0.0001217,3515.4
7,test,coding,203,A,4096,1.0,0.0001474,4461.1
7,test,coding,203,B,512,1.0,0.0001144,5213.5
7,test,coding,203,B,1024,1.0,0.0001144,5344.5
7,test,coding,203,B,2048,1.0,0.0001144,4813.5
7,test,coding,203,B,4096,1.0,0.0001144,5295.6
7,test,coding,203,C,512,0.0,0.0001182,2695.2
7,test,coding,203,C,1024,1.0,0.0001764,3755.0
7,test,coding,203,C,2048,1.0,6.48e-05,1259.5
7,test,coding,203,C,4096,1.0,0.0001474,4379.9
7,test,coding,203,D,512,0.0,0.0001422,6740.5
7,test,coding,203,D,1024,1.0,0.0002512,9926.5
7,test,coding,203,D,2048,1.0,3.69e-05,2564.0
7,test,coding,203,D,4096,1.0,0.0003199,12338.0
7,test,coding,203,E,512,0.0,0.0006241,12108.7
7,test,coding,203,E,1024,1.0,0.0010861,8783.7
7,test,coding,203,E,2048,1.0,0.0010377,8886.1
7,test,coding,203,E,4096,1.0,0.0008961,3780.5
8,train,multihop_qa,3656,A,512,0.0,0.0003474,4072.5
8,train,multihop_qa,3656,A,1024,0.05128,0.0004754,7745.7
8,train,multihop_qa,3656,A,2048,0.0,0.0007314,15503.3
8,train,multihop_qa,3656,A,4096,0.44444,0.0009989,23893.5
8,train,multihop_qa,3656,B,512,0.33333,0.0004017,12439.7
8,train,multihop_qa,3656,B,1024,0.66667,0.0004333,6373.7
8,train,multihop_qa,3656,B,2048,0.33333,0.0004212,5472.2
8,train,multihop_qa,3656,B,4096,0.33333,0.0004387,6936.2
8,train,multihop_qa,3656,C,512,0.0,0.0004366,2756.8
8,train,multihop_qa,3656,C,1024,0.33333,0.0003352,960.1
8,train,multihop_qa,3656,C,2048,0.33333,0.0007184,8921.2
8,train,multihop_qa,3656,C,4096,0.33333,0.0003352,1026.0
8,train,multihop_qa,3656,D,512,0.0,0.0004018,6416.6
8,train,multihop_qa,3656,D,1024,0.33333,0.000463,10787.0
8,train,multihop_qa,3656,D,2048,0.30769,0.0004402,8883.5
8,train,multihop_qa,3656,D,4096,0.25,0.000513,11566.0
8,train,multihop_qa,3656,E,512,0.0,0.0016474,12824.4
8,train,multihop_qa,3656,E,1024,0.0,0.0022109,7492.7
8,train,multihop_qa,3656,E,2048,0.0,0.0033373,11782.0
8,train,multihop_qa,3656,E,4096,0.18182,0.0036274,13287.9
9,train,knowledge,436,A,512,0.0,0.0001551,4032.2
9,train,knowledge,436,A,1024,0.0,0.0002831,7881.7
9,train,knowledge,436,A,2048,0.0,0.0005391,15509.0
9,train,knowledge,436,A,4096,0.0,0.0010511,31717.8
9,train,knowledge,436,B,512,0.0,0.0002653,12021.0
9,train,knowledge,436,B,1024,0.0,0.0004957,24355.2
9,train,knowledge,436,B,2048,0.0,0.0006991,34718.5
9,train,knowledge,436,B,4096,0.0,0.0007513,37845.7
9,train,knowledge,436,C,512,0.0,0.0001365,4235.5
9,train,knowledge,436,C,1024,0.0,0.0002389,6184.5
9,train,knowledge,436,C,2048,0.0,0.0004437,11713.6
9,train,knowledge,436,C,4096,0.0,0.0008533,20954.2
9,train,knowledge,436,D,512,0.0,0.0001464,21633.3
9,train,knowledge,436,D,1024,0.0,0.0002894,9479.4
9,train,knowledge,436,D,2048,0.0,0.0005454,19969.2
9,train,knowledge,436,D,4096,0.0,0.0006149,31587.8
9,train,knowledge,436,E,512,0.0,0.0006874,2679.7
9,train,knowledge,436,E,1024,0.0,0.0012509,3466.8
9,train,knowledge,436,E,2048,0.0,0.002377,9486.0
9,train,knowledge,436,E,4096,0.0,0.003257,26696.7
10,train,coding,223,A,512,0.0,0.0001423,3914.3
10,train,coding,223,A,1024,0.0,0.0002703,7694.3
10,train,coding,223,A,2048,0.0,0.0001056,2831.0
10,train,coding,223,A,4096,0.0,0.0001056,2834.7
10,train,coding,223,B,512,1.0,0.0001246,5478.3
10,train,coding,223,B,1024,0.0,0.0001174,5309.0
10,train,coding,223,B,2048,1.0,0.0001251,5391.2
10,train,coding,223,B,4096,1.0,0.0001251,5489.3
10,train,coding,223,C,512,1.0,7.96e-05,1818.7
10,train,coding,223,C,1024,1.0,7.5e-05,1682.4
10,train,coding,223,C,2048,1.0,7.34e-05,1351.7
10,train,coding,223,C,4096,1.0,7.78e-05,1616.2
10,train,coding,223,D,512,0.0,5.4e-05,5986.0
10,train,coding,223,D,1024,1.0,0.0001255,5427.1
10,train,coding,223,D,2048,1.0,0.0001183,4524.3
10,train,coding,223,D,4096,1.0,6.03e-05,5740.5
10,train,coding,223,E,512,0.0,0.0006295,3011.9
10,train,coding,223,E,1024,0.0,0.001193,5385.8
10,train,coding,223,E,2048,0.0,0.0015315,12671.1
10,train,coding,223,E,4096,0.0,0.0017573,7764.5
11,train,math_olympiad,128,A,512,0.0,0.0001357,4933.1
11,train,math_olympiad,128,A,1024,0.0,0.0002637,10150.7
11,train,math_olympiad,128,A,2048,0.0,0.0005197,20780.1
11,train,math_olympiad,128,A,4096,0.0,0.0010317,41685.0
11,train,math_olympiad,128,B,512,0.0,0.0002406,12793.5
11,train,math_olympiad,128,B,1024,0.0,0.000471,24308.8
11,train,math_olympiad,128,B,2048,0.0,0.0009318,46934.6
11,train,math_olympiad,128,B,4096,0.0,0.0017355,84906.5
11,train,math_olympiad,128,C,512,0.0,0.0001126,2166.9
11,train,math_olympiad,128,C,1024,0.0,0.000215,3500.4
11,train,math_olympiad,128,C,2048,0.0,0.0004198,9150.4
11,train,math_olympiad,128,C,4096,0.0,0.0008294,18566.0
11,train,math_olympiad,128,D,512,0.0,0.0001372,6905.2
11,train,math_olympiad,128,D,1024,0.0,0.0002651,13041.4
11,train,math_olympiad,128,D,2048,0.0,0.0005212,23903.0
11,train,math_olympiad,128,D,4096,0.0,0.0007904,166868.0
11,train,math_olympiad,128,E,512,0.0,0.0006043,1680.2
11,train,math_olympiad,128,E,1024,0.0,0.0011675,3158.0
11,train,math_olympiad,128,E,2048,0.0,0.0022936,41457.4
11,train,math_olympiad,128,E,4096,0.0,0.0045464,19348.7
12,test,math_olympiad,109,A,512,0.0,0.0001344,3951.4
12,test,math_olympiad,109,A,1024,1.0,0.0001576,4543.2
12,test,math_olympiad,109,A,2048,1.0,0.0001576,4629.3
12,test,math_olympiad,109,A,4096,1.0,0.0001491,4422.0
12,test,math_olympiad,109,B,512,0.0,0.0002391,16055.6
12,test,math_olympiad,109,B,1024,1.0,0.0003053,16571.0
12,test,math_olympiad,109,B,2048,1.0,0.0003053,14637.0
12,test,math_olympiad,109,B,4096,1.0,0.00033,16145.5
12,test,math_olympiad,109,C,512,0.0,0.0001111,2341.5
12,test,math_olympiad,109,C,1024,0.0,0.0002135,2798.6
12,test,math_olympiad,109,C,2048,0.0,0.0004183,8979.4
12,test,math_olympiad,109,C,4096,1.0,0.0002491,2850.9
12,test,math_olympiad,109,D,512,1.0,7.94e-05,10493.1
12,test,math_olympiad,109,D,1024,1.0,0.0002494,11274.2
12,test,math_olympiad,109,D,2048,1.0,0.0002576,10001.9
12,test,math_olympiad,109,D,4096,1.0,0.0001716,7825.4
12,test,math_olympiad,109,E,512,0.0,0.0005971,1752.5
12,test,math_olympiad,109,E,1024,0.0,0.0011603,3347.6
12,test,math_olympiad,109,E,2048,1.0,0.0019413,5437.0
12,test,math_olympiad,109,E,4096,1.0,0.0019413,5244.8
13,train,knowledge,814,A,512,0.0,0.0001768,3864.7
13,train,knowledge,814,A,1024,0.0,0.0003048,7864.2
13,train,knowledge,814,A,2048,0.0,0.0005608,15689.6
13,train,knowledge,814,A,4096,0.0,0.0010728,31970.4
13,train,knowledge,814,B,512,0.0,0.0002977,12934.5
13,train,knowledge,814,B,1024,0.0,0.0005281,30402.1
13,train,knowledge,814,B,2048,0.0,0.0005857,28029.4
13,train,knowledge,814,B,4096,0.0,0.0010492,51686.4
13,train,knowledge,814,C,512,0.0,0.000168,3260.2
13,train,knowledge,814,C,1024,0.0,0.0002704,6083.8
13,train,knowledge,814,C,2048,0.0,0.0004752,11376.0
13,train,knowledge,814,C,4096,1.0,0.000794,19314.0
13,train,knowledge,814,D,512,1.0,0.0001263,6670.1
13,train,knowledge,814,D,1024,0.0,0.0003166,15728.7
13,train,knowledge,814,D,2048,1.0,0.0002054,13563.0
13,train,knowledge,814,D,4096,1.0,0.0006148,28582.0
13,train,knowledge,814,E,512,0.0,0.0008023,2534.1
13,train,knowledge,814,E,1024,0.0,0.0013655,9904.8
13,train,knowledge,814,E,2048,0.0,0.0024919,9298.0
13,train,knowledge,814,E,4096,1.0,0.0033378,13176.0
14,train,knowledge,271,A,512,0.0,6.5e-05,1742.9
14,train,knowledge,271,A,1024,0.0,6.5e-05,1534.2
14,train,knowledge,271,A,2048,0.0,6.5e-05,1539.3
14,train,knowledge,271,A,4096,0.0,6.5e-05,1596.4
14,train,knowledge,271,B,512,0.0,0.0002521,11524.6
14,train,knowledge,271,B,1024,0.0,0.0003416,15950.2
14,train,knowledge,271,B,2048,0.0,0.0002849,13270.2
14,train,knowledge,271,B,4096,0.0,0.0005266,24904.3
14,train,knowledge,271,C,512,0.0,8.42e-05,2715.1
14,train,knowledge,271,C,1024,0.0,8.28e-05,2570.3
14,train,knowledge,271,C,2048,0.0,0.00043,10970.9
14,train,knowledge,271,C,4096,0.0,0.0001314,4261.4
14,train,knowledge,271,D,512,0.0,0.0001487,23176.4
14,train,knowledge,271,D,1024,0.0,0.0002767,13997.2
14,train,knowledge,271,D,2048,0.0,0.0005327,30876.4
14,train,knowledge,271,D,4096,0.0,0.0010447,68903.3
14,train,knowledge,271,E,512,0.0,0.000643,3220.4
14,train,knowledge,271,E,1024,0.0,0.0012059,19414.8
14,train,knowledge,271,E,2048,0.0,0.0023323,12604.0
14,train,knowledge,271,E,4096,0.0,0.0045851,22651.7
15,test,multihop_qa,2006,A,512,1.0,0.0001431,1035.7
15,test,multihop_qa,2006,A,1024,1.0,0.0001431,1041.1
15,test,multihop_qa,2006,A,2048,1.0,0.0001431,1053.0
15,test,multihop_qa,2006,A,4096,1.0,0.0001431,1033.0
15,test,multihop_qa,2006,B,512,1.0,0.000181,2054.0
15,test,multihop_qa,2006,B,1024,1.0,0.000181,1191.7
15,test,multihop_qa,2006,B,2048,1.0,0.000181,1128.6
15,test,multihop_qa,2006,B,4096,1.0,0.000181,1323.6
15,test,multihop_qa,2006,C,512,1.0,0.000166,1195.4
15,test,multihop_qa,2006,C,1024,0.2,0.0001684,1111.3
15,test,multihop_qa,2006,C,2048,0.66667,0.0001656,1105.3
15,test,multihop_qa,2006,C,4096,1.0,0.000166,1046.2
15,test,multihop_qa,2006,D,512,1.0,0.0001968,2813.5
15,test,multihop_qa,2006,D,1024,1.0,0.0001981,3094.3
15,test,multihop_qa,2006,D,2048,1.0,0.0001903,4012.3
15,test,multihop_qa,2006,D,4096,1.0,0.0001628,1451.3
15,test,multihop_qa,2006,E,512,1.0,0.0010368,2310.2
15,test,multihop_qa,2006,E,1024,1.0,0.0009865,2163.1
15,test,multihop_qa,2006,E,2048,1.0,0.0010503,1894.4
15,test,multihop_qa,2006,E,4096,1.0,0.0010489,10590.4
16,train,math_olympiad,145,A,512,0.0,0.0001369,4733.9
16,train,math_olympiad,145,A,1024,0.0,0.0002649,9398.8
16,train,math_olympiad,145,A,2048,0.0,0.0005209,21133.3
16,train,math_olympiad,145,A,4096,0.0,0.0010329,36997.0
16,train,math_olympiad,145,B,512,0.0,0.0002419,11192.6
16,train,math_olympiad,145,B,1024,0.0,0.0004534,21230.2
16,train,math_olympiad,145,B,2048,0.0,0.0005394,26113.2
16,train,math_olympiad,145,B,4096,0.0,0.0005011,23646.0
16,train,math_olympiad,145,C,512,0.0,0.000114,2151.1
16,train,math_olympiad,145,C,1024,0.0,0.0002164,4515.4
16,train,math_olympiad,145,C,2048,0.0,0.0004212,6750.3
16,train,math_olympiad,145,C,4096,0.0,0.0008308,17918.7
16,train,math_olympiad,145,D,512,0.0,0.0001387,6615.4
16,train,math_olympiad,145,D,1024,0.0,0.0002347,20510.4
16,train,math_olympiad,145,D,2048,0.0,0.0005227,20647.8
16,train,math_olympiad,145,D,4096,0.0,0.0003615,75421.3
16,train,math_olympiad,145,E,512,0.0,0.0006097,2986.4
16,train,math_olympiad,145,E,1024,0.0,0.0011726,9833.3
16,train,math_olympiad,145,E,2048,0.0,0.002299,19919.9
16,train,math_olympiad,145,E,4096,0.0,0.0045518,20455.9
17,test,math_comp,119,A,512,1.0,3.56e-05,1166.6
17,test,math_comp,119,A,1024,1.0,4.36e-05,1451.9
17,test,math_comp,119,A,2048,1.0,4.36e-05,1440.4
17,test,math_comp,119,A,4096,1.0,3.56e-05,1273.6
17,test,math_comp,119,B,512,1.0,0.0001695,9132.4
17,test,math_comp,119,B,1024,1.0,0.0001267,5686.3
17,test,math_comp,119,B,2048,1.0,0.0001515,7930.7
17,test,math_comp,119,B,4096,1.0,0.0001501,7114.9
17,test,math_comp,119,C,512,1.0,4.4e-05,861.2
17,test,math_comp,119,C,1024,1.0,9.8e-05,2799.8
17,test,math_comp,119,C,2048,1.0,9.84e-05,2769.7
17,test,math_comp,119,C,4096,1.0,4.06e-05,524.1
17,test,math_comp,119,D,512,1.0,7.94e-05,4598.3
17,test,math_comp,119,D,1024,1.0,1.21e-05,28437.5
17,test,math_comp,119,D,2048,1.0,9.54e-05,4508.3
17,test,math_comp,119,D,4096,1.0,1.24e-05,28098.1
17,test,math_comp,119,E,512,1.0,0.0005604,1826.6
17,test,math_comp,119,E,1024,1.0,0.000438,3627.3
17,test,math_comp,119,E,2048,1.0,0.0005821,2785.8
17,test,math_comp,119,E,4096,1.0,0.0006041,9204.3
18,train,multihop_qa,3168,A,512,0.0,0.0003181,5287.7
18,train,multihop_qa,3168,A,1024,0.06061,0.0004461,10652.3
18,train,multihop_qa,3168,A,2048,0.0,0.0007021,21171.4
18,train,multihop_qa,3168,A,4096,0.0,0.0012141,42313.4
18,train,multihop_qa,3168,B,512,1.0,0.0003052,1944.3
18,train,multihop_qa,3168,B,1024,1.0,0.0003281,2724.3
18,train,multihop_qa,3168,B,2048,1.0,0.0003402,4746.2
18,train,multihop_qa,3168,B,4096,1.0,0.0003646,13685.5
18,train,multihop_qa,3168,C,512,0.0,0.0003815,2265.6
18,train,multihop_qa,3168,C,1024,1.0,0.0002813,339.2
18,train,multihop_qa,3168,C,2048,1.0,0.0002813,411.1
18,train,multihop_qa,3168,C,4096,1.0,0.0002813,416.6
18,train,multihop_qa,3168,D,512,1.0,0.0002509,1943.2
18,train,multihop_qa,3168,D,1024,1.0,0.0002687,3752.6
18,train,multihop_qa,3168,D,2048,1.0,0.0002497,1840.8
18,train,multihop_qa,3168,D,4096,1.0,0.0003182,5288.5
18,train,multihop_qa,3168,E,512,0.0,0.0015007,10441.9
18,train,multihop_qa,3168,E,1024,0.0,0.0020642,4081.2
18,train,multihop_qa,3168,E,2048,1.0,0.0021233,5775.3
18,train,multihop_qa,3168,E,4096,1.0,0.002197,11947.5
19,train,multihop_qa,2063,A,512,0.0339,0.0002541,4148.1
19,train,multihop_qa,2063,A,1024,0.02837,0.0003821,9899.9
19,train,multihop_qa,2063,A,2048,0.03361,0.0006381,16005.9
19,train,multihop_qa,2063,A,4096,0.04494,0.0011501,32133.5
19,train,multihop_qa,2063,B,512,1.0,0.0002604,5239.1
19,train,multihop_qa,2063,B,1024,0.0,0.0003527,9680.5
19,train,multihop_qa,2063,B,2048,1.0,0.0002568,5339.3
19,train,multihop_qa,2063,B,4096,1.0,0.000341,9836.6
19,train,multihop_qa,2063,C,512,0.0,0.0001678,240.3
19,train,multihop_qa,2063,C,1024,0.0,0.0003716,4125.0
19,train,multihop_qa,2063,C,2048,0.0,0.0005764,9718.3
19,train,multihop_qa,2063,C,4096,0.0,0.0001678,632.3
19,train,multihop_qa,2063,D,512,1.0,0.0002395,4096.2
19,train,multihop_qa,2063,D,1024,1.0,0.0003427,11011.3
19,train,multihop_qa,2063,D,2048,1.0,0.0002562,6663.3
19,train,multihop_qa,2063,D,4096,1.0,0.0001975,7269.0
19,train,multihop_qa,2063,E,512,0.0,0.0011668,2818.1
19,train,multihop_qa,2063,E,1024,0.0,0.0017303,8143.2
19,train,multihop_qa,2063,E,2048,0.0,0.0028567,14234.3
19,train,multihop_qa,2063,E,4096,0.0,0.0051095,25185.4
20,train,math_comp,119,A,512,0.0,0.0001351,4170.0
20,train,math_comp,119,A,1024,1.0,0.0002504,7552.4
20,train,math_comp,119,A,2048,1.0,0.0002691,8109.0
20,train,math_comp,119,A,4096,1.0,0.0002704,8170.2
20,train,math_comp,119,B,512,1.0,0.0001909,9429.4
20,train,math_comp,119,B,1024,1.0,0.0002917,15812.7
20,train,math_comp,119,B,2048,1.0,0.0001909,9096.2
20,train,math_comp,119,B,4096,1.0,0.00019,9110.8
20,train,math_comp,119,C,512,0.0,0.0001122,3788.3
20,train,math_comp,119,C,1024,1.0,8.58e-05,2883.3
20,train,math_comp,119,C,2048,1.0,8.28e-05,2650.7
20,train,math_comp,119,C,4096,1.0,8.28e-05,2536.3
20,train,math_comp,119,D,512,1.0,0.0001259,5295.5
20,train,math_comp,119,D,1024,1.0,0.0001196,4774.2
20,train,math_comp,119,D,2048,1.0,3.64e-05,3447.6
20,train,math_comp,119,D,4096,1.0,0.0001661,6469.1
20,train,math_comp,119,E,512,0.0,0.0006025,2100.2
20,train,math_comp,119,E,1024,0.0,0.0011657,2700.3
20,train,math_comp,119,E,2048,0.0,0.0022918,18538.1
20,train,math_comp,119,E,4096,0.0,0.0045449,6189.3
21,train,math_comp,193,A,512,0.0,0.000139,3949.5
21,train,math_comp,193,A,1024,0.0,0.0001423,4077.1
21,train,math_comp,193,A,2048,0.0,0.0001423,4102.5
21,train,math_comp,193,A,4096,0.0,0.0001423,4116.3
21,train,math_comp,193,B,512,0.0,0.0002455,30769.4
21,train,math_comp,193,B,1024,1.0,0.0004299,28491.0
21,train,math_comp,193,B,2048,1.0,0.0004299,30980.9
21,train,math_comp,193,B,4096,0.0,0.0002625,13078.2
21,train,math_comp,193,C,512,0.0,0.0001179,2374.3
21,train,math_comp,193,C,1024,0.0,0.0002203,6948.1
21,train,math_comp,193,C,2048,1.0,0.0003715,7676.3
21,train,math_comp,193,C,4096,1.0,0.0003155,9919.4
21,train,math_comp,193,D,512,1.0,7.1e-05,6278.6
21,train,math_comp,193,D,1024,1.0,0.0002405,10553.7
21,train,math_comp,193,D,2048,1.0,0.000302,10188.4
21,train,math_comp,193,D,4096,1.0,0.000261,11477.9
21,train,math_comp,193,E,512,0.0,0.0006211,1472.0
21,train,math_comp,193,E,1024,0.0,0.0011843,3735.4
21,train,math_comp,193,E,2048,1.0,0.001522,4663.8
21,train,math_comp,193,E,4096,1.0,0.0017893,4963.0
22,test,coding,222,A,512,1.0,7.34e-05,2358.0
22,test,coding,222,A,1024,1.0,7.34e-05,2357.3
22,test,coding,222,A,2048,1.0,7.34e-05,2644.8
22,test,coding,222,A,4096,1.0,7.34e-05,2668.4
22,test,coding,222,B,512,1.0,0.0001225,5023.6
22,test,coding,222,B,1024,1.0,0.0001225,5559.3
22,test,coding,222,B,2048,1.0,0.000123,5091.4
22,test,coding,222,B,4096,1.0,0.000123,5100.4
22,test,coding,222,C,512,1.0,5.14e-05,928.5
22,test,coding,222,C,1024,1.0,0.0001732,4667.0
22,test,coding,222,C,2048,1.0,0.0001294,3425.5
22,test,coding,222,C,4096,1.0,5.14e-05,997.3
22,test,coding,222,D,512,0.0,0.0001435,6294.9
22,test,coding,222,D,1024,1.0,0.000115,4652.0
22,test,coding,222,D,2048,1.0,0.0001495,5508.9
22,test,coding,222,D,4096,1.0,0.0001323,5355.6
22,test,coding,222,E,512,0.0,0.0006298,2858.9
22,test,coding,222,E,1024,1.0,0.0008561,7805.9
22,test,coding,222,E,2048,1.0,0.0008278,4022.5
22,test,coding,222,E,4096,1.0,0.0008715,8024.7
23,test,knowledge,179,A,512,0.0,0.000139,5575.9
23,test,knowledge,179,A,1024,0.0,0.0002398,8401.9
23,test,knowledge,179,A,2048,0.0,0.0002105,8548.4
23,test,knowledge,179,A,4096,0.0,0.0001548,6255.7
23,test,knowledge,179,B,512,0.0,0.0002447,10888.2
23,test,knowledge,179,B,1024,0.0,0.0004657,25537.0
23,test,knowledge,179,B,2048,0.0,0.0008239,39865.2
23,test,knowledge,179,B,4096,0.0,0.0005791,26235.5
23,test,knowledge,179,C,512,0.0,0.0001167,2798.3
23,test,knowledge,179,C,1024,0.0,0.0001029,2385.3
23,test,knowledge,179,C,2048,0.0,0.0001979,4912.0
23,test,knowledge,179,C,4096,0.0,0.0002597,6439.6
23,test,knowledge,179,D,512,0.0,4.5e-05,3133.8
23,test,knowledge,179,D,1024,0.0,9.8e-05,14319.5
23,test,knowledge,179,D,2048,0.0,4.7e-05,4850.7
23,test,knowledge,179,D,4096,0.0,8.3e-05,9094.2
23,test,knowledge,179,E,512,0.0,0.0006199,2898.4
23,test,knowledge,179,E,1024,0.0,0.0011207,4189.6
23,test,knowledge,179,E,2048,0.0,0.0006639,5201.5
23,test,knowledge,179,E,4096,0.0,0.0006639,5344.8
24,test,knowledge,266,A,512,0.0,0.0001438,5603.0
24,test,knowledge,266,A,1024,0.0,0.0002718,10806.2
24,test,knowledge,266,A,2048,0.0,0.0005278,21253.0
24,test,knowledge,266,A,4096,0.0,0.000501,20133.2
24,test,knowledge,266,B,512,0.0,0.0002299,11144.4
24,test,knowledge,266,B,1024,0.0,0.0002313,11372.9
24,test,knowledge,266,B,2048,0.0,0.0002344,11527.3
24,test,knowledge,266,B,4096,0.0,0.0002304,11347.2
24,test,knowledge,266,C,512,0.0,0.0001026,2186.0
24,test,knowledge,266,C,1024,0.0,0.000227,5184.6
24,test,knowledge,266,C,2048,0.0,0.0004318,10427.6
24,test,knowledge,266,C,4096,0.0,0.0001022,1867.5
24,test,knowledge,266,D,512,0.0,0.0001471,7483.7
24,test,knowledge,266,D,1024,0.0,4.56e-05,14965.4
24,test,knowledge,266,D,2048,0.0,0.0003119,17996.3
24,test,knowledge,266,D,4096,0.0,0.0005179,29938.7
24,test,knowledge,266,E,512,0.0,0.000643,2889.9
24,test,knowledge,266,E,1024,0.0,0.0012062,5633.6
24,test,knowledge,266,E,2048,0.0,0.0014691,11597.7
24,test,knowledge,266,E,4096,0.0,0.001259,22491.3
25,train,multihop_qa,2601,A,512,0.02749,0.0002841,4956.1
25,train,multihop_qa,2601,A,1024,0.01468,0.0004121,9524.2
25,train,multihop_qa,2601,A,2048,0.0,0.0006681,16322.1
25,train,multihop_qa,2601,A,4096,0.88889,0.0011801,31649.1
25,train,multihop_qa,2601,B,512,0.88889,0.0003105,5043.1
25,train,multihop_qa,2601,B,1024,0.88889,0.0003302,16567.4
25,train,multihop_qa,2601,B,2048,0.88889,0.0003073,4938.5
25,train,multihop_qa,2601,B,4096,0.88889,0.0003073,5125.2
25,train,multihop_qa,2601,C,512,0.88889,0.000219,536.8
25,train,multihop_qa,2601,C,1024,0.88889,0.0003642,3027.8
25,train,multihop_qa,2601,C,2048,0.88889,0.000219,511.5
25,train,multihop_qa,2601,C,4096,0.88889,0.000219,594.8
25,train,multihop_qa,2601,D,512,0.88889,0.0002056,2099.3
25,train,multihop_qa,2601,D,1024,0.88889,0.0002578,3473.9
25,train,multihop_qa,2601,D,2048,0.88889,0.0002431,3210.0
25,train,multihop_qa,2601,D,4096,0.88889,0.0002586,4278.5
25,train,multihop_qa,2601,E,512,0.0,0.0013303,4912.4
25,train,multihop_qa,2601,E,1024,0.0,0.0018935,10777.0
25,train,multihop_qa,2601,E,2048,0.88889,0.0016419,4943.5
25,train,multihop_qa,2601,E,4096,0.88889,0.0020761,12198.2
26,train,math_comp,91,A,512,1.0,0.0001027,3911.9
26,train,math_comp,91,A,1024,1.0,9.45e-05,3964.3
26,train,math_comp,91,A,2048,1.0,9.37e-05,3863.4
26,train,math_comp,91,A,4096,1.0,9.37e-05,3843.1
26,train,math_comp,91,B,512,0.0,0.0002374,10776.9
26,train,math_comp,91,B,1024,1.0,0.0001807,8305.8
26,train,math_comp,91,B,2048,1.0,0.0003175,14396.5
26,train,math_comp,91,B,4096,1.0,0.0004304,19405.1
26,train,math_comp,91,C,512,1.0,6.13e-05,1588.0
26,train,math_comp,91,C,1024,1.0,5.41e-05,983.3
26,train,math_comp,91,C,2048,1.0,6.17e-05,1232.9
26,train,math_comp,91,C,4096,1.0,6.11e-05,1306.1
26,train,math_comp,91,D,512,1.0,0.0001238,5497.0
26,train,math_comp,91,D,1024,1.0,0.0001215,5656.7
26,train,math_comp,91,D,2048,1.0,0.0001118,4349.4
26,train,math_comp,91,D,4096,1.0,0.0001385,5538.1
26,train,math_comp,91,E,512,1.0,0.0005917,3381.2
26,train,math_comp,91,E,1024,1.0,0.000573,4890.6
26,train,math_comp,91,E,2048,1.0,0.0005928,2671.2
26,train,math_comp,91,E,4096,1.0,0.0006129,3638.4
27,train,multihop_qa,2681,A,512,0.0,0.0002889,4330.8
27,train,multihop_qa,2681,A,1024,0.0,0.0004169,8412.4
27,train,multihop_qa,2681,A,2048,0.0,0.0006729,16507.2
27,train,multihop_qa,2681,A,4096,0.0,0.0011849,31276.8
27,train,multihop_qa,2681,B,512,1.0,0.0002755,11616.7
27,train,multihop_qa,2681,B,1024,0.0,0.0002786,3913.1
27,train,multihop_qa,2681,B,2048,1.0,0.0002602,2814.2
27,train,multihop_qa,2681,B,4096,1.0,0.0002755,3364.6
27,train,multihop_qa,2681,C,512,0.0,0.0003278,3107.8
27,train,multihop_qa,2681,C,1024,0.0,0.0002258,360.8
27,train,multihop_qa,2681,C,2048,0.0,0.0002258,335.4
27,train,multihop_qa,2681,C,4096,0.0,0.0002258,369.6
27,train,multihop_qa,2681,D,512,1.0,0.0002174,2854.2
27,train,multihop_qa,2681,D,1024,1.0,0.0002129,2236.6
27,train,multihop_qa,2681,D,2048,1.0,0.0002214,3217.0
27,train,multihop_qa,2681,D,4096,0.66667,0.0002184,2706.1
27,train,multihop_qa,2681,E,512,0.0,0.0013513,3567.9
27,train,multihop_qa,2681,E,1024,0.0,0.0019145,5651.8
27,train,multihop_qa,2681,E,2048,0.0,0.0030406,11682.2
27,train,multihop_qa,2681,E,4096,1.0,0.0027722,10488.6
28,train,math_olympiad,152,A,512,0.0,0.0001371,4243.2
28,train,math_olympiad,152,A,1024,0.0,0.0002651,8359.5
28,train,math_olympiad,152,A,2048,0.0,0.0005211,16398.9
28,train,math_olympiad,152,A,4096,1.0,0.0010331,31229.1
28,train,math_olympiad,152,B,512,0.0,0.0002426,12475.3
28,train,math_olympiad,152,B,1024,0.0,0.000473,22602.4
28,train,math_olympiad,152,B,2048,1.0,0.00054,24825.5
28,train,math_olympiad,152,B,4096,1.0,0.0004545,20693.2
28,train,math_olympiad,152,C,512,0.0,0.0001142,3144.3
28,train,math_olympiad,152,C,1024,0.0,0.0002166,3202.4
28,train,math_olympiad,152,C,2048,0.0,0.0004214,11368.2
28,train,math_olympiad,152,C,4096,1.0,0.0007866,11421.3
28,train,math_olympiad,152,D,512,0.0,6.5e-05,8801.3
28,train,math_olympiad,152,D,1024,1.0,0.0001499,36910.3
28,train,math_olympiad,152,D,2048,1.0,0.0004164,20319.5
28,train,math_olympiad,152,D,4096,0.0,8.1e-05,11167.6
28,train,math_olympiad,152,E,512,0.0,0.0006094,9585.0
28,train,math_olympiad,152,E,1024,0.0,0.0011729,3600.9
28,train,math_olympiad,152,E,2048,0.0,0.0022993,7100.2
28,train,math_olympiad,152,E,4096,1.0,0.0029142,8923.7
29,train,math_comp,112,A,512,0.0,0.0001347,4672.1
29,train,math_comp,112,A,1024,0.0,0.0002627,10553.3
29,train,math_comp,112,A,2048,1.0,0.0002235,7882.2
29,train,math_comp,112,A,4096,1.0,0.00085,34656.4
29,train,math_comp,112,B,512,0.0,0.0002394,11241.3
29,train,math_comp,112,B,1024,1.0,0.0003883,19038.7
29,train,math_comp,112,B,2048,1.0,0.0003883,19041.7
29,train,math_comp,112,B,4096,1.0,0.0003879,19114.5
29,train,math_comp,112,C,512,0.0,0.0001114,3783.7
29,train,math_comp,112,C,1024,1.0,0.0001774,5070.3
29,train,math_comp,112,C,2048,1.0,0.000347,11316.8
29,train,math_comp,112,C,4096,1.0,0.0004544,11574.0
29,train,math_comp,112,D,512,0.0,0.0001357,8382.6
29,train,math_comp,112,D,1024,1.0,0.0001817,8354.9
29,train,math_comp,112,D,2048,1.0,3.22e-05,2412.8
29,train,math_comp,112,D,4096,0.0,3.42e-05,2536.5
29,train,math_comp,112,E,512,0.0,0.0005983,10111.2
29,train,math_comp,112,E,1024,0.0,0.0011615,5170.6
29,train,math_comp,112,E,2048,1.0,0.0012784,4412.1
29,train,math_comp,112,E,4096,1.0,0.0015644,5906.4
30,train,coding,252,A,512,1.0,0.0001036,2978.3
30,train,coding,252,A,1024,1.0,0.0001036,2976.2
30,train,coding,252,A,2048,1.0,9.51e-05,4073.6
30,train,coding,252,A,4096,1.0,0.0001036,3072.0
30,train,coding,252,B,512,1.0,0.0001359,6004.3
30,train,coding,252,B,1024,1.0,0.0001359,6148.8
30,train,coding,252,B,2048,1.0,0.0001359,6135.6
30,train,coding,252,B,4096,1.0,0.0001359,6979.5
30,train,coding,252,C,512,1.0,7.11e-05,1086.5
30,train,coding,252,C,1024,1.0,7.07e-05,1081.5
30,train,coding,252,C,2048,1.0,7.17e-05,1039.0
30,train,coding,252,C,4096,1.0,7.13e-05,1041.0
30,train,coding,252,D,512,1.0,0.0001433,4809.6
30,train,coding,252,D,1024,1.0,7.12e-05,8721.7
30,train,coding,252,D,2048,1.0,0.0001857,6662.8
30,train,coding,252,D,4096,1.0,0.0001615,5999.6
30,train,coding,252,E,512,0.0,0.0006391,2385.9
30,train,coding,252,E,1024,0.0,0.001202,9887.1
30,train,coding,252,E,2048,1.0,0.0011745,7628.6
30,train,coding,252,E,4096,1.0,0.0017817,14538.7
31,test,math_comp,152,A,512,0.0,0.0001371,4193.0
31,test,math_comp,152,A,1024,0.0,0.0002651,8166.5
31,test,math_comp,152,A,2048,0.0,0.0005211,15907.1
31,test,math_comp,152,A,4096,1.0,0.0004828,14907.7
31,test,math_comp,152,B,512,0.0,0.0002424,34890.9
31,test,math_comp,152,B,1024,1.0,0.0003106,41124.9
31,test,math_comp,152,B,2048,1.0,0.0002806,37759.4
31,test,math_comp,152,B,4096,1.0,0.0003129,13635.6
31,test,math_comp,152,C,512,0.0,0.0001151,2149.4
31,test,math_comp,152,C,1024,0.0,0.0002175,6356.3
31,test,math_comp,152,C,2048,0.0,0.0004223,11660.1
31,test,math_comp,152,C,4096,1.0,0.0006635,19915.7
31,test,math_comp,152,D,512,1.0,3.7e-05,5652.6
31,test,math_comp,152,D,1024,1.0,0.0001705,7889.9
31,test,math_comp,152,D,2048,1.0,0.0002118,5574.1
31,test,math_comp,152,D,4096,1.0,6.7e-05,11577.2
31,test,math_comp,152,E,512,0.0,0.0006118,5102.3
31,test,math_comp,152,E,1024,0.0,0.001175,9340.5
31,test,math_comp,152,E,2048,1.0,0.0019673,7464.3
31,test,math_comp,152,E,4096,1.0,0.0016392,7331.1
32,test,math_comp,110,A,512,0.0,0.0001344,5293.6
32,test,math_comp,110,A,1024,1.0,0.0001944,6782.0
32,test,math_comp,110,A,2048,1.0,0.0001701,5897.9
32,test,math_comp,110,A,4096,1.0,0.0001944,7819.1
32,test,math_comp,110,B,512,0.0,0.0002392,11071.0
32,test,math_comp,110,B,1024,1.0,0.0003549,18641.8
32,test,math_comp,110,B,2048,1.0,0.0003607,17970.2
32,test,math_comp,110,B,4096,1.0,0.000394,18668.3
32,test,math_comp,110,C,512,0.0,0.0001114,2567.8
32,test,math_comp,110,C,1024,0.0,0.0002138,5757.0
32,test,math_comp,110,C,2048,1.0,0.0002868,8329.2
32,test,math_comp,110,C,4096,1.0,0.000142,3691.4
32,test,math_comp,110,D,512,0.0,0.0001357,5834.0
32,test,math_comp,110,D,1024,1.0,0.0002356,8944.0
32,test,math_comp,110,D,2048,1.0,0.0002522,9440.5
32,test,math_comp,110,D,4096,1.0,0.0002576,9659.3
32,test,math_comp,110,E,512,0.0,0.0005983,2607.0
32,test,math_comp,110,E,1024,1.0,0.000944,2713.1
32,test,math_comp,110,E,2048,1.0,0.0010328,4426.2
32,test,math_comp,110,E,4096,1.0,0.0011483,19444.8
33,train,knowledge,547,A,512,0.0,0.0001576,4170.0
33,train,knowledge,547,A,1024,0.0,0.0002856,8095.1
33,train,knowledge,547,A,2048,0.0,0.0005416,16216.3
33,train,knowledge,547,A,4096,0.0,0.0006738,19500.4
33,train,knowledge,547,B,512,0.0,0.0002864,12957.4
33,train,knowledge,547,B,1024,0.0,0.0005168,24161.4
33,train,knowledge,547,B,2048,0.0,0.0004803,63274.1
33,train,knowledge,547,B,4096,0.0,0.0006707,31876.8
33,train,knowledge,547,C,512,0.0,0.0001576,3225.3
33,train,knowledge,547,C,1024,0.0,0.00026,5687.8
33,train,knowledge,547,C,2048,0.0,0.0004648,10533.6
33,train,knowledge,547,C,4096,0.0,8.36e-05,1209.0
33,train,knowledge,547,D,512,0.0,0.000169,9121.6
33,train,knowledge,547,D,1024,1.0,0.0002465,39938.5
33,train,knowledge,547,D,2048,0.0,0.000553,34974.4
33,train,knowledge,547,D,4096,0.0,0.001065,62388.1
33,train,knowledge,547,E,512,0.0,0.0007096,1355.5
33,train,knowledge,547,E,1024,0.0,0.0012728,4860.3
33,train,knowledge,547,E,2048,0.0,0.0023992,9971.6
33,train,knowledge,547,E,4096,0.0,0.0046517,38084.4
34,test,multihop_qa,2676,A,512,0.0,0.0001713,564.2
34,test,multihop_qa,2676,A,1024,0.0,0.0001713,621.0
34,test,multihop_qa,2676,A,2048,0.0,0.0001713,538.5
34,test,multihop_qa,2676,A,4096,0.0,0.0001713,541.1
34,test,multihop_qa,2676,B,512,0.28571,0.0002738,3147.7
34,test,multihop_qa,2676,B,1024,0.28571,0.0002752,3145.4
34,test,multihop_qa,2676,B,2048,0.28571,0.0002752,3559.0
34,test,multihop_qa,2676,B,4096,0.28571,0.0002752,3553.6
34,test,multihop_qa,2676,C,512,0.19048,0.0002284,566.2
34,test,multihop_qa,2676,C,1024,0.19048,0.0002284,561.6
34,test,multihop_qa,2676,C,2048,0.27273,0.0002286,374.5
34,test,multihop_qa,2676,C,4096,0.25,0.000666,9459.1
34,test,multihop_qa,2676,D,512,0.0,0.0003234,6738.0
34,test,multihop_qa,2676,D,1024,0.28571,0.0002234,5950.5
34,test,multihop_qa,2676,D,2048,0.5,0.0003117,6458.6
34,test,multihop_qa,2676,D,4096,0.31579,0.0003374,7620.2
34,test,multihop_qa,2676,E,512,0.0,0.0013354,2982.0
34,test,multihop_qa,2676,E,1024,0.0,0.0018986,5592.4
34,test,multihop_qa,2676,E,2048,0.25,0.0018582,4677.7
34,test,multihop_qa,2676,E,4096,0.5,0.0021695,5547.1
35,train,math_olympiad,234,A,512,0.0,0.000142,5393.2
35,train,math_olympiad,234,A,1024,0.0,0.00027,10825.5
35,train,math_olympiad,234,A,2048,0.0,0.000526,21289.5
35,train,math_olympiad,234,A,4096,0.0,0.001038,42022.7
35,train,math_olympiad,234,B,512,0.0,0.0002502,10839.4
35,train,math_olympiad,234,B,1024,0.0,0.0004095,18591.8
35,train,math_olympiad,234,B,2048,0.0,0.0003613,16316.4
35,train,math_olympiad,234,B,4096,0.0,0.0004126,18962.8
35,train,math_olympiad,234,C,512,0.0,0.0001217,2651.1
35,train,math_olympiad,234,C,1024,0.0,0.0002241,4931.3
35,train,math_olympiad,234,C,2048,0.0,0.0004289,8723.9
35,train,math_olympiad,234,C,4096,0.0,0.0008385,22211.2
35,train,math_olympiad,234,D,512,0.0,0.0001446,8821.9
35,train,math_olympiad,234,D,1024,0.0,0.0002726,16531.4
35,train,math_olympiad,234,D,2048,0.0,0.0005286,14245.9
35,train,math_olympiad,234,D,4096,0.0,0.0010407,48527.8
35,train,math_olympiad,234,E,512,0.0,0.0006325,2872.6
35,train,math_olympiad,234,E,1024,0.0,0.0011957,5975.9
35,train,math_olympiad,234,E,2048,0.0,0.0023224,9915.2
35,train,math_olympiad,234,E,4096,0.0,0.0045749,78549.0
36,train,knowledge,678,A,512,0.0,0.0001701,4226.7
36,train,knowledge,678,A,1024,0.0,0.0002981,8107.0
36,train,knowledge,678,A,2048,0.0,0.0005541,15375.2
36,train,knowledge,678,A,4096,0.0,0.0010661,29638.2
36,train,knowledge,678,B,512,0.0,0.0002846,12547.2
36,train,knowledge,678,B,1024,0.0,0.000515,24153.5
36,train,knowledge,678,B,2048,0.0,0.0007571,36436.9
36,train,knowledge,678,B,4096,1.0,0.0006941,31057.2
36,train,knowledge,678,C,512,0.0,0.0001486,2470.5
36,train,knowledge,678,C,1024,0.0,0.000251,4649.8
36,train,knowledge,678,C,2048,0.0,0.0004558,11882.1
36,train,knowledge,678,C,4096,0.0,0.0008654,18818.9
36,train,knowledge,678,D,512,0.0,0.0001793,7960.7
36,train,knowledge,678,D,1024,0.0,0.0003073,13887.4
36,train,knowledge,678,D,2048,0.0,0.0005633,27209.0
36,train,knowledge,678,D,4096,0.0,0.0010753,46588.2
36,train,knowledge,678,E,512,0.0,0.0007453,11552.5
36,train,knowledge,678,E,1024,0.0,0.0013088,4935.1
36,train,knowledge,678,E,2048,0.0,0.0024352,7900.9
36,train,knowledge,678,E,4096,0.0,0.004688,17242.4
37,train,multihop_qa,2443,A,512,0.0,0.0001591,732.6
37,train,multihop_qa,2443,A,1024,0.0,0.0001591,598.7
37,train,multihop_qa,2443,A,2048,0.0,0.0002056,2248.3
37,train,multihop_qa,2443,A,4096,0.0,0.0001591,562.0
37,train,multihop_qa,2443,B,512,0.0,0.0002166,1712.8
37,train,multihop_qa,2443,B,1024,1.0,0.0002166,1477.5
37,train,multihop_qa,2443,B,2048,0.0,0.0002166,1452.1
37,train,multihop_qa,2443,B,4096,0.0,0.0002288,1876.8
37,train,multihop_qa,2443,C,512,0.0,0.0003022,2037.4
37,train,multihop_qa,2443,C,1024,0.0,0.0002006,708.8
37,train,multihop_qa,2443,C,2048,1.0,0.0003172,3073.6
37,train,multihop_qa,2443,C,4096,1.0,0.0003454,3608.6
37,train,multihop_qa,2443,D,512,1.0,0.0002254,2748.1
37,train,multihop_qa,2443,D,1024,1.0,0.0002184,2949.3
37,train,multihop_qa,2443,D,2048,1.0,0.0001927,3720.1
37,train,multihop_qa,2443,D,4096,1.0,0.000194,4032.6
37,train,multihop_qa,2443,E,512,1.0,0.0012227,10232.9
37,train,multihop_qa,2443,E,1024,1.0,0.001182,4630.6
37,train,multihop_qa,2443,E,2048,1.0,0.0012227,10181.2
37,train,multihop_qa,2443,E,4096,1.0,0.0013151,5872.8
38,train,multihop_qa,2751,A,512,0.0,0.0002935,4139.0
38,train,multihop_qa,2751,A,1024,0.0,0.0004215,10906.9
38,train,multihop_qa,2751,A,2048,0.0,0.0006775,18782.7
38,train,multihop_qa,2751,A,4096,0.0,0.0011895,37506.5
38,train,multihop_qa,2751,B,512,0.0,0.0003231,5543.5
38,train,multihop_qa,2751,B,1024,0.0,0.000338,6319.9
38,train,multihop_qa,2751,B,2048,0.0,0.0003353,6232.9
38,train,multihop_qa,2751,B,4096,0.0,0.0003168,5002.0
38,train,multihop_qa,2751,C,512,0.0,0.0002264,1370.1
38,train,multihop_qa,2751,C,1024,0.0,0.0002288,470.6
38,train,multihop_qa,2751,C,2048,0.0,0.0002288,333.0
38,train,multihop_qa,2751,C,4096,0.0,0.001045,20014.6
38,train,multihop_qa,2751,D,512,0.0,0.000331,7171.5
38,train,multihop_qa,2751,D,1024,0.0,0.0002354,3884.3
38,train,multihop_qa,2751,D,2048,0.0,0.000715,28521.8
38,train,multihop_qa,2751,D,4096,0.25,0.0004924,14719.2
38,train,multihop_qa,2751,E,512,0.0,0.001372,4933.0
38,train,multihop_qa,2751,E,1024,0.0,0.0019352,5979.9
38,train,multihop_qa,2751,E,2048,0.33333,0.0029956,11327.1
38,train,multihop_qa,2751,E,4096,0.0,0.0053144,21964.1
39,train,math_comp,81,A,512,0.0,0.0001329,4026.1
39,train,math_comp,81,A,1024,1.0,0.0001207,3644.9
39,train,math_comp,81,A,2048,1.0,0.0001997,6048.0
39,train,math_comp,81,A,4096,1.0,0.0001244,3837.3
39,train,math_comp,81,B,512,0.0,0.0002364,29461.3
39,train,math_comp,81,B,1024,1.0,0.000266,20007.2
39,train,math_comp,81,B,2048,1.0,0.0002987,39319.7
39,train,math_comp,81,B,4096,1.0,0.000266,17548.4
39,train,math_comp,81,C,512,0.0,0.0001089,2647.5
39,train,math_comp,81,C,1024,1.0,0.0001579,3820.1
39,train,math_comp,81,C,2048,1.0,8.65e-05,1661.7
39,train,math_comp,81,C,4096,1.0,0.0001579,3815.8
39,train,math_comp,81,D,512,0.0,0.0001338,25934.7
39,train,math_comp,81,D,1024,1.0,0.000145,4795.5
39,train,math_comp,81,D,2048,1.0,8.93e-05,5034.0
39,train,math_comp,81,D,4096,1.0,2.5e-05,2326.3
39,train,math_comp,81,E,512,1.0,0.0004827,8758.1
39,train,math_comp,81,E,1024,1.0,0.0005619,2500.8
39,train,math_comp,81,E,2048,1.0,0.00064,5145.0
39,train,math_comp,81,E,4096,1.0,0.0005732,1561.1
40,train,multihop_qa,3283,A,512,0.28571,0.0003258,4857.5
40,train,multihop_qa,3283,A,1024,0.25,0.0004538,9512.9
40,train,multihop_qa,3283,A,2048,1.0,0.0007066,18690.4
40,train,multihop_qa,3283,A,4096,1.0,0.0011428,34770.2
40,train,multihop_qa,3283,B,512,1.0,0.0003769,6771.9
40,train,multihop_qa,3283,B,1024,1.0,0.0004219,8869.9
40,train,multihop_qa,3283,B,2048,0.4,0.0004914,9430.6
40,train,multihop_qa,3283,B,4096,1.0,0.0004003,7399.2
40,train,multihop_qa,3283,C,512,0.0,0.0003715,2387.5
40,train,multihop_qa,3283,C,1024,0.0,0.0002697,612.6
40,train,multihop_qa,3283,C,2048,0.0,0.0002697,457.0
40,train,multihop_qa,3283,C,4096,0.0,0.0002697,453.8
40,train,multihop_qa,3283,D,512,0.22222,0.0002667,4365.1
40,train,multihop_qa,3283,D,1024,0.85714,0.000487,11197.4
40,train,multihop_qa,3283,D,2048,0.47619,0.0006087,16714.5
40,train,multihop_qa,3283,D,4096,0.5,0.0004265,8184.8
40,train,multihop_qa,3283,E,512,0.0,0.0015403,10464.7
40,train,multihop_qa,3283,E,1024,0.0,0.0021035,5604.1
40,train,multihop_qa,3283,E,2048,0.0,0.0032302,10848.8
40,train,multihop_qa,3283,E,4096,1.0,0.0038877,13541.9
41,train,math_olympiad,155,A,512,0.0,0.0001375,5477.7
41,train,math_olympiad,155,A,1024,0.0,0.0002655,9456.1
41,train,math_olympiad,155,A,2048,0.0,0.0005215,18764.9
41,train,math_olympiad,155,A,4096,0.0,0.0010335,37500.8
41,train,math_olympiad,155,B,512,0.0,0.0002428,11364.3
41,train,math_olympiad,155,B,1024,0.0,0.0004732,23910.8
41,train,math_olympiad,155,B,2048,0.0,0.0007608,39290.1
41,train,math_olympiad,155,B,4096,1.0,0.0006253,41136.1
41,train,math_olympiad,155,C,512,0.0,0.0001146,1518.4
41,train,math_olympiad,155,C,1024,0.0,0.000217,4820.7
41,train,math_olympiad,155,C,2048,0.0,0.0004218,5744.0
41,train,math_olympiad,155,C,4096,0.0,0.0008314,18867.0
41,train,math_olympiad,155,D,512,0.0,0.0001396,9738.0
41,train,math_olympiad,155,D,1024,0.0,0.0002676,13033.1
41,train,math_olympiad,155,D,2048,0.0,0.0005236,19708.8
41,train,math_olympiad,155,D,4096,1.0,0.0009081,24277.1
41,train,math_olympiad,155,E,512,0.0,0.0006112,2663.9
41,train,math_olympiad,155,E,1024,0.0,0.0011747,6295.1
41,train,math_olympiad,155,E,2048,0.0,0.0023011,8718.8
41,train,math_olympiad,155,E,4096,0.0,0.0045536,37881.9
42,test,knowledge,233,A,512,0.0,0.0001417,3833.9
42,test,knowledge,233,A,1024,0.0,0.0002302,6334.1
42,test,knowledge,233,A,2048,0.0,0.0002029,5657.6
42,test,knowledge,233,A,4096,0.0,0.0002702,7533.8
42,test,knowledge,233,B,512,1.0,0.0002449,13012.4
42,test,knowledge,233,B,1024,1.0,0.0003061,15183.1
42,test,knowledge,233,B,2048,1.0,0.0002719,12983.9
42,test,knowledge,233,B,4096,0.0,0.0002665,15011.2
42,test,knowledge,233,C,512,0.0,0.000121,2896.2
42,test,knowledge,233,C,1024,0.0,0.0002234,5501.4
42,test,knowledge,233,C,2048,0.0,0.0004282,9919.5
42,test,knowledge,233,C,4096,0.0,0.0006914,17081.4
42,test,knowledge,233,D,512,0.0,0.0001197,17609.7
42,test,knowledge,233,D,1024,0.0,0.0002724,17864.8
42,test,knowledge,233,D,2048,1.0,0.0004957,31170.9
42,test,knowledge,233,D,4096,1.0,0.0004537,22810.4
42,test,knowledge,233,E,512,0.0,0.0006331,5165.6
42,test,knowledge,233,E,1024,0.0,0.0011966,4564.2
42,test,knowledge,233,E,2048,0.0,0.0020887,8798.8
42,test,knowledge,233,E,4096,0.0,0.0031293,11590.9
43,test,knowledge,646,A,512,0.0,0.0001498,3154.3
43,test,knowledge,646,A,1024,0.0,0.0001603,3500.0
43,test,knowledge,646,A,2048,0.0,0.0001758,4975.5
43,test,knowledge,646,A,4096,0.0,0.0001693,3833.0
43,test,knowledge,646,B,512,0.0,0.0002821,20317.7
43,test,knowledge,646,B,1024,0.0,0.0005125,32397.8
43,test,knowledge,646,B,2048,0.0,0.0006407,94244.6
43,test,knowledge,646,B,4096,0.0,0.0010093,51839.7
43,test,knowledge,646,C,512,0.0,0.0001496,2180.5
43,test,knowledge,646,C,1024,0.0,0.000252,3853.4
43,test,knowledge,646,C,2048,0.0,0.0004568,7223.2
43,test,knowledge,646,C,4096,1.0,0.0002382,4035.2
43,test,knowledge,646,D,512,1.0,0.0001605,18167.6
43,test,knowledge,646,D,1024,1.0,0.000247,31160.3
43,test,knowledge,646,D,2048,0.0,0.0005605,33327.9
43,test,knowledge,646,D,4096,0.0,0.0010725,42039.0
43,test,knowledge,646,E,512,0.0,0.0007402,2479.3
43,test,knowledge,646,E,1024,0.0,0.0013034,4893.4
43,test,knowledge,646,E,2048,0.0,0.0024298,9620.3
43,test,knowledge,646,E,4096,0.0,0.0046826,84148.9
44,train,math_olympiad,169,A,512,0.0,0.0001381,4871.6
44,train,math_olympiad,169,A,1024,0.0,0.0002661,9410.3
44,train,math_olympiad,169,A,2048,1.0,0.0005221,18804.0
44,train,math_olympiad,169,A,4096,1.0,0.0003256,11577.4
44,train,math_olympiad,169,B,512,0.0,0.000244,10625.6
44,train,math_olympiad,169,B,1024,1.0,0.00041,18587.8
44,train,math_olympiad,169,B,2048,1.0,0.0005779,27264.4
44,train,math_olympiad,169,B,4096,1.0,0.0004712,22105.9
44,train,math_olympiad,169,C,512,0.0,0.0001158,2731.4
44,train,math_olympiad,169,C,1024,1.0,0.0002182,4196.4
44,train,math_olympiad,169,C,2048,0.0,0.000423,9554.0
44,train,math_olympiad,169,C,4096,1.0,0.0001552,2799.9
44,train,math_olympiad,169,D,512,0.0,0.0001403,6792.1
44,train,math_olympiad,169,D,1024,0.0,0.0002683,12641.0
44,train,math_olympiad,169,D,2048,1.0,0.0004853,22829.3
44,train,math_olympiad,169,D,4096,1.0,0.0006223,27952.2
44,train,math_olympiad,169,E,512,0.0,0.0006154,4934.9
44,train,math_olympiad,169,E,1024,0.0,0.0011786,20325.8
44,train,math_olympiad,169,E,2048,0.0,0.002305,18733.7
44,train,math_olympiad,169,E,4096,1.0,0.0023339,8313.7
45,test,knowledge,192,A,512,0.0,0.0001392,3730.1
45,test,knowledge,192,A,1024,0.0,0.0002672,7250.7
45,test,knowledge,192,A,2048,0.0,0.0005232,14150.3
45,test,knowledge,192,A,4096,0.0,0.0010352,37107.4
45,test,knowledge,192,B,512,0.0,0.0002468,34971.6
45,test,knowledge,192,B,1024,0.0,0.0004773,21354.5
45,test,knowledge,192,B,2048,0.0,0.000776,105606.7
45,test,knowledge,192,B,4096,0.0,0.0018597,87419.2
45,test,knowledge,192,C,512,0.0,0.0001188,1669.0
45,test,knowledge,192,C,1024,0.0,0.0002212,3477.0
45,test,knowledge,192,C,2048,0.0,0.000426,6453.5
45,test,knowledge,192,C,4096,0.0,0.0008356,14136.8
45,test,knowledge,192,D,512,0.0,0.000142,8181.6
45,test,knowledge,192,D,1024,0.0,0.00027,13073.1
45,test,knowledge,192,D,2048,1.0,0.0002638,26257.0
45,test,knowledge,192,D,4096,1.0,0.0006668,29122.3
45,test,knowledge,192,E,512,0.0,0.0006208,2589.2
45,test,knowledge,192,E,1024,0.0,0.0011843,5724.3
45,test,knowledge,192,E,2048,0.0,0.0023104,9914.4
45,test,knowledge,192,E,4096,0.0,0.0045632,38522.7
46,train,knowledge,448,A,512,0.0,0.0001561,3817.5
46,train,knowledge,448,A,1024,0.0,0.0002411,5507.3
46,train,knowledge,448,A,2048,0.0,0.0002721,6216.6
46,train,knowledge,448,A,4096,0.0,0.0006386,14830.6
46,train,knowledge,448,B,512,0.0,0.0002662,16318.4
46,train,knowledge,448,B,1024,0.0,0.0004966,27812.0
46,train,knowledge,448,B,2048,0.0,0.0004795,20788.0
46,train,knowledge,448,B,4096,0.0,0.0006231,29225.0
46,train,knowledge,448,C,512,0.0,0.0001358,2057.5
46,train,knowledge,448,C,1024,0.0,0.0002382,3737.5
46,train,knowledge,448,C,2048,0.0,0.000443,7769.5
46,train,knowledge,448,C,4096,0.0,0.0008526,11639.6
46,train,knowledge,448,D,512,0.0,0.000162,9155.8
46,train,knowledge,448,D,1024,0.0,0.00029,36307.9
46,train,knowledge,448,D,2048,0.0,0.000546,30274.7
46,train,knowledge,448,D,4096,0.0,0.001058,47783.1
46,train,knowledge,448,E,512,0.0,0.0006859,3052.9
46,train,knowledge,448,E,1024,0.0,0.0012491,10168.6
46,train,knowledge,448,E,2048,0.0,0.0023758,7708.1
46,train,knowledge,448,E,4096,1.0,0.002964,24256.6
47,test,multihop_qa,2968,A,512,0.0,0.0003061,3470.8
47,test,multihop_qa,2968,A,1024,0.17391,0.0004341,6529.5
47,test,multihop_qa,2968,A,2048,0.66667,0.0003926,5412.6
47,test,multihop_qa,2968,A,4096,0.125,0.0002488,2757.5
47,test,multihop_qa,2968,B,512,0.4,0.0002628,1849.1
47,test,multihop_qa,2968,B,1024,0.4,0.0002744,7218.3
47,test,multihop_qa,2968,B,2048,0.4,0.0002696,2472.4
47,test,multihop_qa,2968,B,4096,0.4,0.0002673,1870.2
47,test,multihop_qa,2968,C,512,0.0,0.000343,5967.7
47,test,multihop_qa,2968,C,1024,0.66667,0.0003636,5765.0
47,test,multihop_qa,2968,C,2048,1.0,0.0002412,283.8
47,test,multihop_qa,2968,C,4096,1.0,0.0002412,391.6
47,test,multihop_qa,2968,D,512,0.21053,0.0002699,3313.6
47,test,multihop_qa,2968,D,1024,0.66667,0.0002369,5286.4
47,test,multihop_qa,2968,D,2048,0.66667,0.0002329,4978.1
47,test,multihop_qa,2968,D,4096,0.66667,0.0002754,3648.7
47,test,multihop_qa,2968,E,512,0.0,0.0014281,3069.9
47,test,multihop_qa,2968,E,1024,0.66667,0.001405,9808.2
47,test,multihop_qa,2968,E,2048,0.66667,0.0013951,2753.5
47,test,multihop_qa,2968,E,4096,0.66667,0.0014875,3249.5
48,test,math_olympiad,209,A,512,0.0,0.0001409,3076.2
48,test,math_olympiad,209,A,1024,0.0,0.0002689,6056.9
48,test,math_olympiad,209,A,2048,0.0,0.0005249,17544.4
48,test,math_olympiad,209,A,4096,0.0,0.0010369,26365.1
48,test,math_olympiad,209,B,512,0.0,0.0002466,11148.3
48,test,math_olympiad,209,B,1024,0.0,0.0004769,55798.3
48,test,math_olympiad,209,B,2048,0.0,0.0009067,51771.0
48,test,math_olympiad,209,B,4096,0.0,0.0008676,49737.3
48,test,math_olympiad,209,C,512,0.0,0.0001187,2518.4
48,test,math_olympiad,209,C,1024,0.0,0.0002211,3852.3
48,test,math_olympiad,209,C,2048,0.0,0.0004259,6793.3
48,test,math_olympiad,209,C,4096,0.0,0.0001717,2789.2
48,test,math_olympiad,209,D,512,0.0,0.0001437,6799.8
48,test,math_olympiad,209,D,1024,0.0,0.0002717,11507.6
48,test,math_olympiad,209,D,2048,1.0,0.0004262,17814.4
48,test,math_olympiad,209,D,4096,0.0,0.0004319,15683.8
48,test,math_olympiad,209,E,512,0.0,0.0006262,4725.0
48,test,math_olympiad,209,E,1024,0.0,0.0011894,5108.9
48,test,math_olympiad,209,E,2048,0.0,0.0023161,8334.2
48,test,math_olympiad,209,E,4096,0.0,0.0045689,13742.5
49,test,coding,238,A,512,1.0,7.13e-05,1472.2
49,test,coding,238,A,1024,1.0,7.1e-05,1801.7
49,test,coding,238,A,2048,1.0,7.2e-05,1593.9
49,test,coding,238,A,4096,1.0,7.2e-05,1671.3
49,test,coding,238,B,512,1.0,0.00012,4837.1
49,test,coding,238,B,1024,1.0,0.00012,4890.2
49,test,coding,238,B,2048,1.0,0.0001196,5060.2
49,test,coding,238,B,4096,1.0,0.00012,4865.3
49,test,coding,238,C,512,0.0,0.0001213,2957.6
49,test,coding,238,C,1024,1.0,5.79e-05,753.3
49,test,coding,238,C,2048,1.0,5.79e-05,726.4
49,test,coding,238,C,4096,1.0,0.0002153,5845.3
49,test,coding,238,D,512,1.0,0.0001261,4749.8
49,test,coding,238,D,1024,1.0,2.44e-05,1077.2
49,test,coding,238,D,2048,1.0,0.0003096,10760.9
49,test,coding,238,D,4096,1.0,2.44e-05,1052.4
49,test,coding,238,E,512,0.0,0.0006352,4743.2
49,test,coding,238,E,1024,1.0,0.0008533,3430.3
49,test,coding,238,E,2048,1.0,0.0008533,3182.2
49,test,coding,238,E,4096,1.0,0.0007617,3348.9
50,test,multihop_qa,2870,A,512,0.0,0.0003007,3493.7
50,test,multihop_qa,2870,A,1024,0.11111,0.0004287,6821.8
50,test,multihop_qa,2870,A,2048,0.03448,0.0006847,13792.9
50,test,multihop_qa,2870,A,4096,0.25,0.0008607,18516.2
50,test,multihop_qa,2870,B,512,0.33333,0.0002976,4016.9
50,test,multihop_qa,2870,B,1024,0.33333,0.0002976,4002.9
50,test,multihop_qa,2870,B,2048,0.33333,0.0002971,3892.1
50,test,multihop_qa,2870,B,4096,0.33333,0.0002971,3856.9
50,test,multihop_qa,2870,C,512,0.0,0.0002332,268.2
50,test,multihop_qa,2870,C,1024,0.0,0.0004366,3568.3
50,test,multihop_qa,2870,C,2048,0.0,0.000237,559.0
50,test,multihop_qa,2870,C,4096,0.0,0.001051,13404.8
50,test,multihop_qa,2870,D,512,0.23529,0.0003074,5210.1
50,test,multihop_qa,2870,D,1024,0.10526,0.0003244,5956.6
50,test,multihop_qa,2870,D,2048,0.22222,0.0002382,4459.6
50,test,multihop_qa,2870,D,4096,0.18182,0.000327,6023.2
50,test,multihop_qa,2870,E,512,0.0,0.0014086,2820.2
50,test,multihop_qa,2870,E,1024,0.0,0.0019718,20336.8
50,test,multihop_qa,2870,E,2048,0.33333,0.0019666,3929.0
50,test,multihop_qa,2870,E,4096,0.33333,0.0023051,7063.3
51,train,multihop_qa,2840,A,512,0.06061,0.0002985,3621.8
51,train,multihop_qa,2840,A,1024,0.03704,0.0004265,7080.5
51,train,multihop_qa,2840,A,2048,0.03077,0.0006825,13709.2
51,train,multihop_qa,2840,A,4096,0.03774,0.0011945,33834.2
51,train,multihop_qa,2840,B,512,0.4,0.0003015,4168.6
51,train,multihop_qa,2840,B,1024,0.4,0.0003068,4274.4
51,train,multihop_qa,2840,B,2048,0.0,0.0002974,3958.9
51,train,multihop_qa,2840,B,4096,0.4,0.0003109,4796.2
51,train,multihop_qa,2840,C,512,0.4,0.0002306,503.1
51,train,multihop_qa,2840,C,1024,0.4,0.0002306,1531.0
51,train,multihop_qa,2840,C,2048,0.4,0.0002306,298.5
51,train,multihop_qa,2840,C,4096,0.0,0.001049,14245.6
51,train,multihop_qa,2840,D,512,0.0,0.000335,14238.3
51,train,multihop_qa,2840,D,1024,0.0,0.000463,15955.0
51,train,multihop_qa,2840,D,2048,0.4,0.0005325,45730.6
51,train,multihop_qa,2840,D,4096,0.0,0.001231,52466.5
51,train,multihop_qa,2840,E,512,0.0,0.0013747,10467.8
51,train,multihop_qa,2840,E,1024,0.0,0.0019379,10007.0
51,train,multihop_qa,2840,E,2048,0.0,0.0030643,11003.1
51,train,multihop_qa,2840,E,4096,0.0,0.0053171,76220.0
52,train,knowledge,589,A,512,0.0,0.0001636,3542.3
52,train,knowledge,589,A,1024,0.0,0.0002916,6929.9
52,train,knowledge,589,A,2048,0.0,0.0005476,13057.8
52,train,knowledge,589,A,4096,0.0,0.0010596,25294.0
52,train,knowledge,589,B,512,0.0,0.0002765,12390.3
52,train,knowledge,589,B,1024,0.0,0.0003305,18758.7
52,train,knowledge,589,B,2048,0.0,0.0003332,18865.1
52,train,knowledge,589,B,4096,0.0,0.0003327,18850.8
52,train,knowledge,589,C,512,0.0,0.0001506,2779.3
52,train,knowledge,589,C,1024,0.0,0.0001294,2045.1
52,train,knowledge,589,C,2048,0.0,0.0004578,8481.8
52,train,knowledge,589,C,4096,0.0,8.3e-05,1152.8
52,train,knowledge,589,D,512,0.0,0.0001696,9620.1
52,train,knowledge,589,D,1024,0.0,0.0001814,20662.2
52,train,knowledge,589,D,2048,0.0,0.0005536,35710.4
52,train,knowledge,589,D,4096,0.0,0.0010656,73029.5
52,train,knowledge,589,E,512,0.0,0.0007399,2998.6
52,train,knowledge,589,E,1024,0.0,0.0013031,5471.2
52,train,knowledge,589,E,2048,0.0,0.0024295,39323.4
52,train,knowledge,589,E,4096,0.0,0.0046823,76808.2
53,train,math_comp,107,A,512,0.0,0.0001345,3186.4
53,train,math_comp,107,A,1024,0.0,0.0002625,6296.7
53,train,math_comp,107,A,2048,1.0,0.0002025,4873.5
53,train,math_comp,107,A,4096,1.0,0.0002545,6172.9
53,train,math_comp,107,B,512,0.0,0.000239,10749.8
53,train,math_comp,107,B,1024,0.0,0.0004694,21837.6
53,train,math_comp,107,B,2048,0.0,0.0008573,39821.0
53,train,math_comp,107,B,4096,0.0,0.0008447,39394.7
53,train,math_comp,107,C,512,0.0,0.0001108,4510.2
53,train,math_comp,107,C,1024,0.0,0.0002132,8527.4
53,train,math_comp,107,C,2048,0.0,0.000418,15966.1
53,train,math_comp,107,C,4096,0.0,0.0008276,26969.2
53,train,math_comp,107,D,512,0.0,0.0001359,18307.9
53,train,math_comp,107,D,1024,0.0,0.0002639,11659.2
53,train,math_comp,107,D,2048,0.0,0.0005199,22129.0
53,train,math_comp,107,D,4096,0.0,0.0005192,24742.4
53,train,math_comp,107,E,512,0.0,0.000598,1807.4
53,train,math_comp,107,E,1024,0.0,0.0011609,5058.2
53,train,math_comp,107,E,2048,0.0,0.0022873,10450.4
53,train,math_comp,107,E,4096,0.0,0.0029275,75263.9
54,train,knowledge,296,A,512,0.0,0.0001458,3308.9
54,train,knowledge,296,A,1024,0.0,0.0002738,8793.8
54,train,knowledge,296,A,2048,0.0,0.0002788,6370.1
54,train,knowledge,296,A,4096,0.0,0.0002708,8716.4
54,train,knowledge,296,B,512,0.0,0.0002554,13402.7
54,train,knowledge,296,B,1024,0.0,0.0004858,25959.5
54,train,knowledge,296,B,2048,0.0,0.0009466,55013.2
54,train,knowledge,296,B,4096,0.0,0.001155,67632.0
54,train,knowledge,296,C,512,0.0,0.0001262,1708.9
54,train,knowledge,296,C,1024,0.0,0.0002286,4971.9
54,train,knowledge,296,C,2048,0.0,0.0004334,8894.8
54,train,knowledge,296,C,4096,1.0,0.0007424,14188.2
54,train,knowledge,296,D,512,0.0,0.0001498,8521.4
54,train,knowledge,296,D,1024,0.0,0.0002778,15622.0
54,train,knowledge,296,D,2048,1.0,0.0002962,43408.5
54,train,knowledge,296,D,4096,1.0,0.0007205,45179.9
54,train,knowledge,296,E,512,0.0,0.0006487,5062.7
54,train,knowledge,296,E,1024,0.0,0.0012122,4473.9
54,train,knowledge,296,E,2048,0.0,0.0023386,7836.1
54,train,knowledge,296,E,4096,0.0,0.0045914,19052.8
55,train,math_comp,260,A,512,0.0,0.0001436,3137.1
55,train,math_comp,260,A,1024,0.0,0.0002716,8952.5
55,train,math_comp,260,A,2048,0.0,0.0002574,5783.6
55,train,math_comp,260,A,4096,1.0,0.0009591,23622.7
55,train,math_comp,260,B,512,0.0,0.0002517,11282.4
55,train,math_comp,260,B,1024,0.0,0.000482,56195.5
55,train,math_comp,260,B,2048,0.0,0.0008655,41507.8
55,train,math_comp,260,B,4096,0.0,0.0007021,39007.6
55,train,math_comp,260,C,512,0.0,0.0001234,1682.9
55,train,math_comp,260,C,1024,1.0,0.0002258,4015.9
55,train,math_comp,260,C,2048,0.0,0.0004306,8552.2
55,train,math_comp,260,C,4096,0.0,0.0008402,16146.6
55,train,math_comp,260,D,512,0.0,0.0001459,3631.3
55,train,math_comp,260,D,1024,1.0,0.0001492,7123.7
55,train,math_comp,260,D,2048,1.0,0.0001847,31506.5
55,train,math_comp,260,D,4096,1.0,0.0002822,7688.4
55,train,math_comp,260,E,512,0.0,0.0006388,4950.6
55,train,math_comp,260,E,1024,0.0,0.001202,10258.8
55,train,math_comp,260,E,2048,0.0,0.0023284,18665.7
55,train,math_comp,260,E,4096,0.0,0.0045812,21051.4
56,train,math_olympiad,172,A,512,0.0,0.0001378,4551.4
56,train,math_olympiad,172,A,1024,0.0,0.0002658,7827.4
56,train,math_olympiad,172,A,2048,0.0,0.0005218,13462.2
56,train,math_olympiad,172,A,4096,0.0,0.0010338,26393.3
56,train,math_olympiad,172,B,512,0.0,0.0002443,11498.7
56,train,math_olympiad,172,B,1024,0.0,0.0004746,64226.2
56,train,math_olympiad,172,B,2048,0.0,0.0007858,46455.2
56,train,math_olympiad,172,B,4096,0.0,0.0009157,46228.0
56,train,math_olympiad,172,C,512,0.0,0.0001165,2132.4
56,train,math_olympiad,172,C,1024,0.0,0.0002189,3972.1
56,train,math_olympiad,172,C,2048,0.0,0.0004237,7699.9
56,train,math_olympiad,172,C,4096,0.0,0.0008333,13026.6
56,train,math_olympiad,172,D,512,0.0,0.0001402,6489.6
56,train,math_olympiad,172,D,1024,1.0,0.0002079,10298.8
56,train,math_olympiad,172,D,2048,0.0,6.32e-05,9619.1
56,train,math_olympiad,172,D,4096,1.0,6.21e-05,9447.8
56,train,math_olympiad,172,E,512,0.0,0.0006148,9273.7
56,train,math_olympiad,172,E,1024,0.0,0.0011783,4705.8
56,train,math_olympiad,172,E,2048,1.0,0.0012476,7140.6
56,train,math_olympiad,172,E,4096,1.0,0.0012033,10017.4
57,train,multihop_qa,2006,A,512,0.8,0.0001419,669.6
57,train,multihop_qa,2006,A,1024,0.8,0.0001399,966.9
57,train,multihop_qa,2006,A,2048,0.8,0.0001429,646.6
57,train,multihop_qa,2006,A,4096,0.8,0.0001424,748.8
57,train,multihop_qa,2006,B,512,0.8,0.0001812,1467.6
57,train,multihop_qa,2006,B,1024,0.8,0.0001843,1561.0
57,train,multihop_qa,2006,B,2048,0.8,0.0001852,1475.9
57,train,multihop_qa,2006,B,4096,0.8,0.0001852,1472.9
57,train,multihop_qa,2006,C,512,0.8,0.0001653,359.0
57,train,multihop_qa,2006,C,1024,0.8,0.0002741,2612.9
57,train,multihop_qa,2006,C,2048,0.8,0.0001653,220.9
57,train,multihop_qa,2006,C,4096,0.8,0.0002907,2704.3
57,train,multihop_qa,2006,D,512,0.8,0.0001827,7020.1
57,train,multihop_qa,2006,D,1024,0.8,0.0001872,965.7
57,train,multihop_qa,2006,D,2048,0.8,0.000187,7126.6
57,train,multihop_qa,2006,D,4096,0.8,0.000187,4619.5
57,train,multihop_qa,2006,E,512,0.8,0.0009594,1895.5
57,train,multihop_qa,2006,E,1024,0.8,0.000886,1913.8
57,train,multihop_qa,2006,E,2048,0.8,0.0009,2928.1
57,train,multihop_qa,2006,E,4096,0.8,0.000922,1615.5
58,test,coding,148,A,512,1.0,4.07e-05,922.8
58,test,coding,148,A,1024,1.0,4.07e-05,977.5
58,test,coding,148,A,2048,1.0,4.07e-05,916.8
58,test,coding,148,A,4096,1.0,4.07e-05,974.7
58,test,coding,148,B,512,1.0,5.59e-05,2259.4
58,test,coding,148,B,1024,1.0,5.59e-05,2447.7
58,test,coding,148,B,2048,1.0,5.59e-05,2587.2
58,test,coding,148,B,4096,1.0,5.59e-05,2521.8
58,test,coding,148,C,512,0.0,0.0001142,3146.6
58,test,coding,148,C,1024,0.0,0.0002166,6150.1
58,test,coding,148,C,2048,1.0,3.12e-05,636.9
58,test,coding,148,C,4096,1.0,0.0002114,6004.6
58,test,coding,148,D,512,0.0,0.0001384,8228.3
58,test,coding,148,D,1024,1.0,3.54e-05,4563.0
58,test,coding,148,D,2048,1.0,0.0003274,16082.7
58,test,coding,148,D,4096,1.0,3.28e-05,4185.6
58,test,coding,148,E,512,1.0,0.0005626,4578.9
58,test,coding,148,E,1024,1.0,0.0006011,11150.6
58,test,coding,148,E,2048,1.0,0.0006418,5204.2
58,test,coding,148,E,4096,1.0,0.000655,5555.6
59,train,math_comp,142,A,512,1.0,0.0001113,3901.0
59,train,math_comp,142,A,1024,1.0,0.0001068,2831.6
59,train,math_comp,142,A,2048,1.0,0.000111,2719.0
59,train,math_comp,142,A,4096,1.0,0.0001088,2784.7
59,train,math_comp,142,B,512,0.0,0.0002414,24667.4
59,train,math_comp,142,B,1024,1.0,0.0003224,15808.6
59,train,math_comp,142,B,2048,1.0,0.0004417,20888.3
59,train,math_comp,142,B,4096,1.0,0.0003417,49740.2
59,train,math_comp,142,C,512,1.0,9.16e-05,2014.0
59,train,math_comp,142,C,1024,1.0,7.92e-05,1484.0
59,train,math_comp,142,C,2048,1.0,0.0001124,1669.7
59,train,math_comp,142,C,4096,1.0,0.0005448,9291.9
59,train,math_comp,142,D,512,1.0,0.0001251,19793.9
59,train,math_comp,142,D,1024,0.0,0.0002664,18243.5
59,train,math_comp,142,D,2048,1.0,0.0001316,8367.4
59,train,math_comp,142,D,4096,1.0,8.24e-05,5846.7
59,train,math_comp,142,E,512,0.0,0.0006085,2605.2
59,train,math_comp,142,E,1024,0.0,0.001172,3879.8
59,train,math_comp,142,E,2048,1.0,0.0022332,36846.9
59,train,math_comp,142,E,4096,1.0,0.0016689,13924.3
60,train,coding,201,A,512,1.0,6.75e-05,1452.4
60,train,coding,201,A,1024,1.0,5.95e-05,1230.2
60,train,coding,201,A,2048,1.0,5.95e-05,1220.4
60,train,coding,201,A,4096,1.0,5.95e-05,1296.5
60,train,coding,201,B,512,1.0,0.000102,4271.3
60,train,coding,201,B,1024,1.0,0.000102,4398.5
60,train,coding,201,B,2048,1.0,0.000102,4466.6
60,train,coding,201,B,4096,1.0,0.000102,4480.3
60,train,coding,201,C,512,1.0,4.92e-05,877.7
60,train,coding,201,C,1024,1.0,4.92e-05,634.2
60,train,coding,201,C,2048,1.0,4.92e-05,965.8
60,train,coding,201,C,4096,1.0,0.0002484,5939.7
60,train,coding,201,D,512,0.0,0.0001424,5622.8
60,train,coding,201,D,1024,0.0,0.0002704,10011.6
60,train,coding,201,D,2048,1.0,0.0004002,15651.9
60,train,coding,201,D,4096,1.0,0.0002434,11646.6
60,train,coding,201,E,512,0.0,0.0006253,2491.9
60,train,coding,201,E,1024,1.0,0.0009124,5424.7
60,train,coding,201,E,2048,1.0,0.0007559,6059.8
60,train,coding,201,E,4096,1.0,0.0007669,15580.0
61,train,knowledge,461,A,512,0.0,0.0001569,3347.4
61,train,knowledge,461,A,1024,0.0,0.0002849,9622.7
61,train,knowledge,461,A,2048,0.0,0.0005409,12816.3
61,train,knowledge,461,A,4096,0.0,0.0008821,32655.9
61,train,knowledge,461,B,512,0.0,0.0002678,12503.9
61,train,knowledge,461,B,1024,0.0,0.0004334,20441.1
61,train,knowledge,461,B,2048,0.0,0.0004982,25572.6
61,train,knowledge,461,B,4096,0.0,0.0003842,38732.0
61,train,knowledge,461,C,512,0.0,0.0001376,4527.8
61,train,knowledge,461,C,1024,0.0,0.00024,8690.9
61,train,knowledge,461,C,2048,0.0,0.0004448,6894.7
61,train,knowledge,461,C,4096,0.0,0.0008544,13991.3
61,train,knowledge,461,D,512,0.0,0.0001626,9865.4
61,train,knowledge,461,D,1024,0.0,0.0002518,12791.4
61,train,knowledge,461,D,2048,0.0,8.43e-05,4508.5
61,train,knowledge,461,D,4096,0.0,9.31e-05,6198.3
61,train,knowledge,461,E,512,0.0,0.000691,4936.1
61,train,knowledge,461,E,1024,0.0,0.0012542,9635.8
61,train,knowledge,461,E,2048,0.0,0.0016626,4573.2
61,train,knowledge,461,E,4096,0.0,0.0013257,5280.7
62,test,coding,175,A,512,1.0,4.04e-05,903.7
62,test,coding,175,A,1024,1.0,4.04e-05,1258.5
62,test,coding,175,A,2048,1.0,4.04e-05,860.2
62,test,coding,175,A,4096,1.0,4.04e-05,1218.5
62,test,coding,175,B,512,1.0,7.52e-05,3057.8
62,test,coding,175,B,1024,1.0,7.52e-05,3068.0
62,test,coding,175,B,2048,1.0,7.52e-05,3240.5
62,test,coding,175,B,4096,1.0,7.52e-05,3578.3
62,test,coding,175,C,512,1.0,3.53e-05,615.0
62,test,coding,175,C,1024,1.0,0.0001031,2467.2
62,test,coding,175,C,2048,1.0,3.53e-05,409.6
62,test,coding,175,C,4096,1.0,0.0001185,2839.3
62,test,coding,175,D,512,0.0,0.0001401,7074.8
62,test,coding,175,D,1024,1.0,3.86e-05,2496.1
62,test,coding,175,D,2048,1.0,0.0002448,9706.2
62,test,coding,175,D,4096,1.0,0.0003296,13681.5
62,test,coding,175,E,512,1.0,0.0004661,7834.0
62,test,coding,175,E,1024,1.0,0.0005178,2279.5
62,test,coding,175,E,2048,1.0,0.0006135,11259.5
62,test,coding,175,E,4096,1.0,0.0005277,4212.5
63,train,math_olympiad,132,A,512,0.0,0.000136,3199.6
63,train,math_olympiad,132,A,1024,0.0,0.000264,6371.5
63,train,math_olympiad,132,A,2048,0.0,0.00052,17824.5
63,train,math_olympiad,132,A,4096,0.0,0.001032,25903.1
63,train,math_olympiad,132,B,512,0.0,0.0002406,10538.5
63,train,math_olympiad,132,B,1024,0.0,0.000471,21808.7
63,train,math_olympiad,132,B,2048,0.0,0.0009318,45566.9
63,train,math_olympiad,132,B,4096,0.0,0.0011073,54669.7
63,train,math_olympiad,132,C,512,0.0,0.000113,3134.2
63,train,math_olympiad,132,C,1024,0.0,0.0002154,6492.3
63,train,math_olympiad,132,C,2048,0.0,0.0004202,11769.5
63,train,math_olympiad,132,C,4096,0.0,0.0008298,20545.3
63,train,math_olympiad,132,D,512,0.0,0.0001377,8138.1
63,train,math_olympiad,132,D,1024,0.0,0.0002658,12805.3
63,train,math_olympiad,132,D,2048,0.0,0.0005218,117602.6
63,train,math_olympiad,132,D,4096,0.0,0.0010338,42464.0
63,train,math_olympiad,132,E,512,0.0,0.0006049,2877.4
63,train,math_olympiad,132,E,1024,0.0,0.0011684,5188.4
63,train,math_olympiad,132,E,2048,0.0,0.0022945,10444.1
63,train,math_olympiad,132,E,4096,0.0,0.0045476,18887.1
64,train,math_olympiad,157,A,512,0.0,0.0001377,5075.7
64,train,math_olympiad,157,A,1024,0.0,0.0002657,10159.8
64,train,math_olympiad,157,A,2048,0.0,0.0005217,13210.8
64,train,math_olympiad,157,A,4096,0.0,0.0010337,26053.6
64,train,math_olympiad,157,B,512,0.0,0.0002426,31463.8
64,train,math_olympiad,157,B,1024,0.0,0.000473,54273.4
64,train,math_olympiad,157,B,2048,0.0,0.0005149,24978.6
64,train,math_olympiad,157,B,4096,0.0,0.0005221,25483.6
64,train,math_olympiad,157,C,512,0.0,0.0001144,2625.5
64,train,math_olympiad,157,C,1024,0.0,0.0002168,5924.8
64,train,math_olympiad,157,C,2048,0.0,0.0004216,9639.9
64,train,math_olympiad,157,C,4096,0.0,0.0008312,15941.4
64,train,math_olympiad,157,D,512,0.0,0.0001398,25333.2
64,train,math_olympiad,157,D,1024,0.0,0.0002678,13937.9
64,train,math_olympiad,157,D,2048,0.0,0.000204,36212.2
64,train,math_olympiad,157,D,4096,0.0,0.0010358,46958.8
64,train,math_olympiad,157,E,512,0.0,0.0006115,2839.3
64,train,math_olympiad,157,E,1024,0.0,0.0011747,10157.2
64,train,math_olympiad,157,E,2048,0.0,0.0023014,8389.3
64,train,math_olympiad,157,E,4096,0.0,0.0045539,20155.9
65,train,knowledge,391,A,512,0.0,0.0001525,5153.0
65,train,knowledge,391,A,1024,0.0,0.0002805,6683.1
65,train,knowledge,391,A,2048,0.0,0.000286,9146.9
65,train,knowledge,391,A,4096,0.0,0.0010485,36323.5
65,train,knowledge,391,B,512,0.0,0.0001528,16297.4
65,train,knowledge,391,B,1024,0.0,0.0002797,26963.4
65,train,knowledge,391,B,2048,0.0,0.0001672,13249.1
65,train,knowledge,391,B,4096,0.0,0.0001411,10808.9
65,train,knowledge,391,C,512,0.0,0.0001318,1722.5
65,train,knowledge,391,C,1024,0.0,7.06e-05,1502.4
65,train,knowledge,391,C,2048,0.0,0.000439,6813.6
65,train,knowledge,391,C,4096,1.0,6.62e-05,996.3
65,train,knowledge,391,D,512,1.0,5.36e-05,14608.6
65,train,knowledge,391,D,1024,1.0,0.0002402,15368.8
65,train,knowledge,391,D,2048,1.0,4.59e-05,13434.6
65,train,knowledge,391,D,4096,1.0,0.0005102,30800.4
65,train,knowledge,391,E,512,0.0,0.0006697,4847.1
65,train,knowledge,391,E,1024,0.0,0.0012332,8400.4
65,train,knowledge,391,E,2048,0.0,0.0023596,12937.1
65,train,knowledge,391,E,4096,1.0,0.0041292,19385.3
66,train,coding,270,A,512,1.0,4.72e-05,876.7
66,train,coding,270,A,1024,1.0,4.72e-05,865.0
66,train,coding,270,A,2048,1.0,4.62e-05,812.1
66,train,coding,270,A,4096,1.0,4.62e-05,891.8
66,train,coding,270,B,512,1.0,0.0001373,5674.6
66,train,coding,270,B,1024,1.0,0.0001373,5619.5
66,train,coding,270,B,2048,1.0,0.0001373,5625.2
66,train,coding,270,B,4096,1.0,0.0001373,5621.2
66,train,coding,270,C,512,1.0,7.15e-05,950.0
66,train,coding,270,C,1024,0.0,0.0002257,5251.5
66,train,coding,270,C,2048,1.0,7.03e-05,1003.7
66,train,coding,270,C,4096,1.0,7.15e-05,938.9
66,train,coding,270,D,512,1.0,0.0001281,5071.2
66,train,coding,270,D,1024,1.0,0.0001089,4066.0
66,train,coding,270,D,2048,1.0,0.0002219,8304.0
66,train,coding,270,D,4096,1.0,0.0001384,5540.8
66,train,coding,270,E,512,0.0,0.0006439,5056.3
66,train,coding,270,E,1024,1.0,0.0011884,9173.4
66,train,coding,270,E,2048,1.0,0.001093,3440.0
66,train,coding,270,E,4096,1.0,0.001093,3350.6
67,train,math_comp,116,A,512,0.0,0.0001352,3840.4
67,train,math_comp,116,A,1024,0.0,0.0002632,6725.7
67,train,math_comp,116,A,2048,0.0,0.0004744,11766.9
67,train,math_comp,116,A,4096,0.0,0.0010312,26022.0
67,train,math_comp,116,B,512,0.0,0.0002394,11250.7
67,train,math_comp,116,B,1024,1.0,0.0004644,22404.4
67,train,math_comp,116,B,2048,1.0,0.0008811,48551.1
67,train,math_comp,116,B,4096,1.0,0.0007478,92860.6
67,train,math_comp,116,C,512,0.0,0.0001112,1686.7
67,train,math_comp,116,C,1024,0.0,0.0002136,3515.2
67,train,math_comp,116,C,2048,0.0,0.0002176,3210.5
67,train,math_comp,116,C,4096,0.0,0.0007546,17768.5
67,train,math_comp,116,D,512,1.0,6.3e-05,10594.3
67,train,math_comp,116,D,1024,0.0,0.0002647,12402.9
67,train,math_comp,116,D,2048,1.0,0.000343,16334.5
67,train,math_comp,116,D,4096,0.0,0.0003589,14902.6
67,train,math_comp,116,E,512,0.0,0.0005992,2271.8
67,train,math_comp,116,E,1024,0.0,0.0011624,3810.1
67,train,math_comp,116,E,2048,0.0,0.0019343,16080.6
67,train,math_comp,116,E,4096,0.0,0.0021609,17535.4
68,train,math_olympiad,162,A,512,0.0,0.0001381,5458.3
68,train,math_olympiad,162,A,1024,0.0,0.0002661,6533.3
68,train,math_olympiad,162,A,2048,0.0,0.0005221,19104.2
68,train,math_olympiad,162,A,4096,0.0,0.0010341,26368.3
68,train,math_olympiad,162,B,512,0.0,0.0002433,30984.0
68,train,math_olympiad,162,B,1024,0.0,0.0004738,28407.7
68,train,math_olympiad,162,B,2048,0.0,0.0009346,46320.9
68,train,math_olympiad,162,B,4096,0.0,0.0018561,244171.9
68,train,math_olympiad,162,C,512,0.0,0.0001154,1866.1
68,train,math_olympiad,162,C,1024,0.0,0.0002178,3891.6
68,train,math_olympiad,162,C,2048,0.0,0.0004226,7420.7
68,train,math_olympiad,162,C,4096,0.0,0.0008322,14317.2
68,train,math_olympiad,162,D,512,0.0,0.00014,6959.3
68,train,math_olympiad,162,D,1024,0.0,0.000268,10880.9
68,train,math_olympiad,162,D,2048,0.0,0.000524,20644.1
68,train,math_olympiad,162,D,4096,1.0,0.0003645,63312.2
68,train,math_olympiad,162,E,512,0.0,0.0006133,2437.5
68,train,math_olympiad,162,E,1024,0.0,0.0011765,18073.0
68,train,math_olympiad,162,E,2048,0.0,0.0023029,10101.4
68,train,math_olympiad,162,E,4096,0.0,0.0045557,37294.0
69,train,math_olympiad,112,A,512,0.0,0.000135,3396.8
69,train,math_olympiad,112,A,1024,0.0,0.000263,10379.2
69,train,math_olympiad,112,A,2048,0.0,0.000519,18899.6
69,train,math_olympiad,112,A,4096,0.0,0.001031,27078.2
69,train,math_olympiad,112,B,512,0.0,0.0002392,28919.7
69,train,math_olympiad,112,B,1024,0.0,0.0004697,27974.5
69,train,math_olympiad,112,B,2048,1.0,0.0009215,43909.9
69,train,math_olympiad,112,B,4096,0.0,0.0009503,50871.7
69,train,math_olympiad,112,C,512,0.0,0.0001112,2342.8
69,train,math_olympiad,112,C,1024,0.0,0.0002136,3660.0
69,train,math_olympiad,112,C,2048,0.0,0.0004184,8810.1
69,train,math_olympiad,112,C,4096,1.0,0.0007628,16404.5
69,train,math_olympiad,112,D,512,0.0,0.0001364,7577.4
69,train,math_olympiad,112,D,1024,0.0,0.0002644,16503.3
69,train,math_olympiad,112,D,2048,0.0,0.0005204,26038.0
69,train,math_olympiad,112,D,4096,0.0,0.0010324,62549.8
69,train,math_olympiad,112,E,512,0.0,0.0005995,3119.7
69,train,math_olympiad,112,E,1024,0.0,0.0011627,5608.6
69,train,math_olympiad,112,E,2048,0.0,0.0022888,10780.0
69,train,math_olympiad,112,E,4096,1.0,0.0027005,11242.7
70,train,multihop_qa,2834,A,512,0.04444,0.000298,3585.4
70,train,multihop_qa,2834,A,1024,0.47059,0.000194,1486.7
70,train,multihop_qa,2834,A,2048,0.4,0.000227,2632.8
70,train,multihop_qa,2834,A,4096,0.45161,0.0002158,2086.7
70,train,multihop_qa,2834,B,512,0.76923,0.0002804,2936.8
70,train,multihop_qa,2834,B,1024,0.76923,0.0002804,2874.8
70,train,multihop_qa,2834,B,2048,0.76923,0.0002782,3213.6
70,train,multihop_qa,2834,B,4096,0.76923,0.0002804,3224.6
70,train,multihop_qa,2834,C,512,0.41667,0.0002374,934.1
70,train,multihop_qa,2834,C,1024,0.18182,0.0004376,4727.1
70,train,multihop_qa,2834,C,2048,0.45455,0.000237,563.5
70,train,multihop_qa,2834,C,4096,0.32258,0.00024,592.2
70,train,multihop_qa,2834,D,512,0.19048,0.0003289,5651.2
70,train,multihop_qa,2834,D,1024,0.25,0.0002524,8927.3
70,train,multihop_qa,2834,D,2048,0.44444,0.0002224,5337.6
70,train,multihop_qa,2834,D,4096,0.14286,0.0003462,6101.7
70,train,multihop_qa,2834,E,512,0.0,0.0013906,2968.4
70,train,multihop_qa,2834,E,1024,0.2069,0.0014959,3558.5
70,train,multihop_qa,2834,E,2048,0.20408,0.0014764,3156.1
70,train,multihop_qa,2834,E,4096,0.2069,0.0014959,11114.9
71,test,multihop_qa,2959,A,512,0.0,0.0003055,5699.0
71,test,multihop_qa,2959,A,1024,0.0,0.0004335,10680.8
71,test,multihop_qa,2959,A,2048,0.0,0.0006895,14089.0
71,test,multihop_qa,2959,A,4096,0.0,0.0012015,27735.9
71,test,multihop_qa,2959,B,512,0.07143,0.000424,9716.8
71,test,multihop_qa,2959,B,1024,0.0,0.0004578,11248.7
71,test,multihop_qa,2959,B,2048,0.0,0.000428,25785.3
71,test,multihop_qa,2959,B,4096,0.0,0.0004353,10100.2
71,test,multihop_qa,2959,C,512,0.0,0.0003593,2647.4
71,test,multihop_qa,2959,C,1024,0.0,0.0002631,589.0
71,test,multihop_qa,2959,C,2048,0.0,0.0006665,8675.3
71,test,multihop_qa,2959,C,4096,0.0,0.0002633,448.6
71,test,multihop_qa,2959,D,512,0.0,0.0003455,7124.4
71,test,multihop_qa,2959,D,1024,0.0,0.0004735,12784.2
71,test,multihop_qa,2959,D,2048,0.0,0.000329,21202.7
71,test,multihop_qa,2959,D,4096,0.03125,0.0009918,41169.4
71,test,multihop_qa,2959,E,512,0.0,0.0014233,3773.3
71,test,multihop_qa,2959,E,1024,0.0,0.0019862,9781.1
71,test,multihop_qa,2959,E,2048,0.0,0.0031126,10594.5
71,test,multihop_qa,2959,E,4096,0.0,0.0053654,39103.5
72,train,multihop_qa,2163,A,512,0.59459,0.0002578,3658.0
72,train,multihop_qa,2163,A,1024,0.0,0.0003858,7177.2
72,train,multihop_qa,2163,A,2048,0.14286,0.0006418,14174.3
72,train,multihop_qa,2163,A,4096,0.0,0.0011538,27107.9
72,train,multihop_qa,2163,B,512,0.0,0.0004058,28360.5
72,train,multihop_qa,2163,B,1024,0.0,0.0004032,12657.2
72,train,multihop_qa,2163,B,2048,0.1,0.0003362,16737.5
72,train,multihop_qa,2163,B,4096,0.11765,0.0004154,13118.1
72,train,multihop_qa,2163,C,512,0.13953,0.0001861,791.3
72,train,multihop_qa,2163,C,1024,0.13043,0.0001861,539.5
72,train,multihop_qa,2163,C,2048,0.13043,0.0001861,878.7
72,train,multihop_qa,2163,C,4096,0.0,0.0009969,16269.6
72,train,multihop_qa,2163,D,512,0.0,0.0002873,7008.4
72,train,multihop_qa,2163,D,1024,0.72,0.0002006,15362.2
72,train,multihop_qa,2163,D,2048,0.0,0.0006713,28215.5
72,train,multihop_qa,2163,D,4096,0.09091,0.000213,15997.9
72,train,multihop_qa,2163,E,512,0.0,0.001195,3021.4
72,train,multihop_qa,2163,E,1024,0.0,0.0017582,9664.8
72,train,multihop_qa,2163,E,2048,0.0,0.0028846,18840.5
72,train,multihop_qa,2163,E,4096,0.32432,0.0050934,21580.5
73,train,coding,187,A,512,0.0,7.63e-05,1855.1
73,train,coding,187,A,1024,1.0,8.45e-05,2054.0
73,train,coding,187,A,2048,1.0,8.45e-05,2095.6
73,train,coding,187,A,4096,1.0,9.28e-05,2571.1
73,train,coding,187,B,512,1.0,0.0001561,6928.2
73,train,coding,187,B,1024,1.0,0.0001561,6921.5
73,train,coding,187,B,2048,1.0,0.0001561,6837.7
73,train,coding,187,B,4096,1.0,0.0001561,7074.0
73,train,coding,187,C,512,1.0,7.06e-05,1287.0
73,train,coding,187,C,1024,1.0,7.06e-05,1326.4
73,train,coding,187,C,2048,1.0,0.000287,7077.2
73,train,coding,187,C,4096,1.0,0.0002938,7147.9
73,train,coding,187,D,512,0.0,0.0001408,4975.9
73,train,coding,187,D,1024,1.0,0.0001738,6562.4
73,train,coding,187,D,2048,1.0,6.77e-05,7204.2
73,train,coding,187,D,4096,1.0,0.0002095,9179.6
73,train,coding,187,E,512,0.0,0.0006193,2812.1
73,train,coding,187,E,1024,1.0,0.0008349,6879.4
73,train,coding,187,E,2048,1.0,0.0008242,3344.0
73,train,coding,187,E,4096,1.0,0.001023,57036.3
74,train,multihop_qa,2696,A,512,0.2,0.0002898,4639.4
74,train,multihop_qa,2696,A,1024,1.0,0.0003788,6237.9
74,train,multihop_qa,2696,A,2048,1.0,0.000318,4446.2
74,train,multihop_qa,2696,A,4096,1.0,0.0003475,5366.5
74,train,multihop_qa,2696,B,512,1.0,0.0002528,2203.2
74,train,multihop_qa,2696,B,1024,1.0,0.0002527,3285.5
74,train,multihop_qa,2696,B,2048,1.0,0.0002528,1959.8
74,train,multihop_qa,2696,B,4096,1.0,0.0002528,1741.7
74,train,multihop_qa,2696,C,512,0.0,0.000333,2189.1
74,train,multihop_qa,2696,C,1024,0.0,0.0004354,3796.1
74,train,multihop_qa,2696,C,2048,1.0,0.0002318,444.6
74,train,multihop_qa,2696,C,4096,1.0,0.000415,3457.5
74,train,multihop_qa,2696,D,512,1.0,0.0002198,1872.2
74,train,multihop_qa,2696,D,1024,1.0,0.0002263,2019.4
74,train,multihop_qa,2696,D,2048,1.0,0.0002238,1949.8
74,train,multihop_qa,2696,D,4096,1.0,0.0002248,2247.4
74,train,multihop_qa,2696,E,512,0.0,0.0013591,9317.9
74,train,multihop_qa,2696,E,1024,1.0,0.0012722,2515.4
74,train,multihop_qa,2696,E,2048,1.0,0.001336,8926.3
74,train,multihop_qa,2696,E,4096,1.0,0.0013074,4935.0
75,train,coding,291,A,512,1.0,0.000112,2499.7
75,train,coding,291,A,1024,0.0,0.0001147,3545.9
75,train,coding,291,A,2048,0.0,0.0001147,3667.9
75,train,coding,291,A,4096,1.0,0.0001972,4708.2
75,train,coding,291,B,512,0.0,0.0001798,7402.7
75,train,coding,291,B,1024,0.0,0.0001798,7655.2
75,train,coding,291,B,2048,0.0,0.0001792,21068.1
75,train,coding,291,B,4096,0.0,0.0001798,7450.5
75,train,coding,291,C,512,1.0,8.11e-05,1161.4
75,train,coding,291,C,1024,0.0,0.0002281,2689.8
75,train,coding,291,C,2048,1.0,8.11e-05,1167.5
75,train,coding,291,C,4096,0.0,2.91e-05,702.5
75,train,coding,291,D,512,0.0,0.0001486,9231.3
75,train,coding,291,D,1024,1.0,3.31e-05,1399.1
75,train,coding,291,D,2048,1.0,0.0005249,25821.1
75,train,coding,291,D,4096,1.0,0.0002019,9953.6
75,train,coding,291,E,512,0.0,0.000649,4782.8
75,train,coding,291,E,1024,0.0,0.0012125,7198.6
75,train,coding,291,E,2048,1.0,0.001779,8844.7
75,train,coding,291,E,4096,1.0,0.0015301,7404.1
76,train,coding,151,A,512,1.0,3.36e-05,730.1
76,train,coding,151,A,1024,1.0,3.38e-05,993.3
76,train,coding,151,A,2048,1.0,3.36e-05,992.5
76,train,coding,151,A,4096,1.0,3.36e-05,859.4
76,train,coding,151,B,512,1.0,5.35e-05,5146.0
76,train,coding,151,B,1024,1.0,5.4e-05,2127.6
76,train,coding,151,B,2048,1.0,5.4e-05,7551.6
76,train,coding,151,B,4096,1.0,5.4e-05,7844.5
76,train,coding,151,C,512,1.0,2.83e-05,534.5
76,train,coding,151,C,1024,1.0,2.83e-05,468.0
76,train,coding,151,C,2048,1.0,2.83e-05,500.4
76,train,coding,151,C,4096,1.0,2.83e-05,489.7
76,train,coding,151,D,512,1.0,0.0001386,6881.9
76,train,coding,151,D,1024,1.0,3.03e-05,2474.8
76,train,coding,151,D,2048,1.0,8.36e-05,3719.5
76,train,coding,151,D,4096,1.0,0.0001558,6544.8
76,train,coding,151,E,512,1.0,0.0006067,2546.7
76,train,coding,151,E,1024,1.0,0.0004733,2115.7
76,train,coding,151,E,2048,1.0,0.0005088,2160.1
76,train,coding,151,E,4096,1.0,0.0005294,4214.7
77,test,math_comp,149,A,512,1.0,6.92e-05,1717.5
77,test,math_comp,149,A,1024,1.0,0.0001372,3388.7
77,test,math_comp,149,A,2048,1.0,0.0001634,4041.9
77,test,math_comp,149,A,4096,1.0,6.17e-05,2243.0
77,test,math_comp,149,B,512,0.0,0.0002419,18016.4
77,test,math_comp,149,B,1024,0.0,0.0004723,22630.4
77,test,math_comp,149,B,2048,1.0,0.0008872,44588.8
77,test,math_comp,149,B,4096,1.0,0.0013062,73157.6
77,test,math_comp,149,C,512,0.0,0.0001143,2316.9
77,test,math_comp,149,C,1024,1.0,8.41e-05,1707.2
77,test,math_comp,149,C,2048,1.0,0.0001245,2464.5
77,test,math_comp,149,C,4096,1.0,0.0002113,3414.8
77,test,math_comp,149,D,512,0.0,0.0001388,6686.4
77,test,math_comp,149,D,1024,1.0,1.48e-05,3431.8
77,test,math_comp,149,D,2048,1.0,2.35e-05,3586.7
77,test,math_comp,149,D,4096,1.0,5.73e-05,6730.1
77,test,math_comp,149,E,512,0.0,0.0006109,9113.0
77,test,math_comp,149,E,1024,0.0,0.0011744,4744.7
77,test,math_comp,149,E,2048,1.0,0.0020453,8787.5
77,test,math_comp,149,E,4096,1.0,0.0016042,25159.8
78,test,math_olympiad,143,A,512,0.0,0.0001368,3226.4
78,test,math_olympiad,143,A,1024,0.0,0.0002648,6428.2
78,test,math_olympiad,143,A,2048,0.0,0.0005208,18834.0
78,test,math_olympiad,143,A,4096,0.0,0.0010328,25862.3
78,test,math_olympiad,143,B,512,0.0,0.0002418,11234.2
78,test,math_olympiad,143,B,1024,0.0,0.0004686,21803.1
78,test,math_olympiad,143,B,2048,0.0,0.0005028,23683.7
78,test,math_olympiad,143,B,4096,0.0,0.0005973,28925.2
78,test,math_olympiad,143,C,512,0.0,0.0001138,3113.3
78,test,math_olympiad,143,C,1024,0.0,0.0002162,5903.9
78,test,math_olympiad,143,C,2048,1.0,0.000421,10115.3
78,test,math_olympiad,143,C,4096,0.0,0.0008306,14166.2
78,test,math_olympiad,143,D,512,0.0,9.59e-05,11051.8
78,test,math_olympiad,143,D,1024,0.0,0.0002666,11830.2
78,test,math_olympiad,143,D,2048,1.0,0.0004184,16710.2
78,test,math_olympiad,143,D,4096,1.0,0.0005289,21293.5
78,test,math_olympiad,143,E,512,0.0,0.0006085,9186.4
78,test,math_olympiad,143,E,1024,0.0,0.001172,3564.3
78,test,math_olympiad,143,E,2048,0.0,0.0022984,6807.9
78,test,math_olympiad,143,E,4096,1.0,0.0023223,10767.5
79,train,multihop_qa,2156,A,512,0.0,0.000159,1172.4
79,train,multihop_qa,2156,A,1024,0.0,0.000159,1093.1
79,train,multihop_qa,2156,A,2048,0.0,0.000159,1082.6
79,train,multihop_qa,2156,A,4096,0.0,0.0001857,2014.3
79,train,multihop_qa,2156,B,512,0.0,0.0002332,10721.1
79,train,multihop_qa,2156,B,1024,0.11111,0.0002332,3801.0
79,train,multihop_qa,2156,B,2048,0.0,0.0002323,3871.8
79,train,multihop_qa,2156,B,4096,0.0,0.0002382,3835.2
79,train,multihop_qa,2156,C,512,0.0,0.0002818,2124.3
79,train,multihop_qa,2156,C,1024,0.0,0.0001854,421.2
79,train,multihop_qa,2156,C,2048,0.0,0.0001862,429.5
79,train,multihop_qa,2156,C,4096,0.08,0.0008682,11006.5
79,train,multihop_qa,2156,D,512,0.19048,0.0002361,15004.5
79,train,multihop_qa,2156,D,1024,0.0,0.0004169,15218.5
79,train,multihop_qa,2156,D,2048,0.10526,0.0002146,8183.1
79,train,multihop_qa,2156,D,4096,0.19048,0.0002214,11219.0
79,train,multihop_qa,2156,E,512,0.0,0.0012076,9222.1
79,train,multihop_qa,2156,E,1024,0.0,0.0017708,5802.6
79,train,multihop_qa,2156,E,2048,0.07692,0.002675,33859.2
79,train,multihop_qa,2156,E,4096,0.09524,0.0021305,7536.9
80,test,knowledge,658,A,512,0.0,0.000168,4815.7
80,test,knowledge,658,A,1024,0.0,0.000296,6644.2
80,test,knowledge,658,A,2048,0.0,0.000552,18461.0
80,test,knowledge,658,A,4096,0.0,0.001064,26240.1
80,test,knowledge,658,B,512,0.0,0.000285,15358.1
80,test,knowledge,658,B,1024,0.0,0.0005154,32301.4
80,test,knowledge,658,B,2048,0.0,0.0009762,65455.6
80,test,knowledge,658,B,4096,1.0,0.0007903,43200.8
80,test,knowledge,658,C,512,0.0,0.0001509,1859.5
80,test,knowledge,658,C,1024,0.0,0.0002533,4333.8
80,test,knowledge,658,C,2048,0.0,0.0004581,8601.8
80,test,knowledge,658,C,4096,0.0,0.0008677,12921.8
80,test,knowledge,658,D,512,0.0,0.0001774,9813.6
80,test,knowledge,658,D,1024,0.0,0.0003054,91874.0
80,test,knowledge,658,D,2048,0.0,0.0005614,34970.1
80,test,knowledge,658,D,4096,1.0,0.0001708,41202.4
80,test,knowledge,658,E,512,0.0,0.000733,9285.1
80,test,knowledge,658,E,1024,0.0,0.0012965,4064.9
80,test,knowledge,658,E,2048,0.0,0.0024226,18687.2
80,test,knowledge,658,E,4096,0.0,0.0046754,20720.5
81,train,multihop_qa,3635,A,512,0.0,0.0003461,3592.0
81,train,multihop_qa,3635,A,1024,1.0,0.0004741,6830.7
81,train,multihop_qa,3635,A,2048,0.66667,0.0007301,18108.9
81,train,multihop_qa,3635,A,4096,1.0,0.0009051,23736.1
81,train,multihop_qa,3635,B,512,0.5,0.0003566,3974.0
81,train,multihop_qa,3635,B,1024,0.0,0.0003436,6531.3
81,train,multihop_qa,3635,B,2048,0.5,0.0003543,13138.9
81,train,multihop_qa,3635,B,4096,0.5,0.0003574,3793.4
81,train,multihop_qa,3635,C,512,0.0,0.0003026,363.5
81,train,multihop_qa,3635,C,1024,0.0,0.0003026,307.9
81,train,multihop_qa,3635,C,2048,0.5,0.000537,3768.6
81,train,multihop_qa,3635,C,4096,0.0,0.0003026,524.8
81,train,multihop_qa,3635,D,512,0.6,0.0002974,8724.0
81,train,multihop_qa,3635,D,1024,1.0,0.0002919,8224.9
81,train,multihop_qa,3635,D,2048,0.6,0.0002931,8305.4
81,train,multihop_qa,3635,D,4096,1.0,0.0003409,3775.1
81,train,multihop_qa,3635,E,512,0.0,0.0016423,3047.3
81,train,multihop_qa,3635,E,1024,1.0,0.0019151,4342.7
81,train,multihop_qa,3635,E,2048,1.0,0.0019968,4710.0
81,train,multihop_qa,3635,E,4096,1.0,0.0019107,7945.5
82,train,math_comp,105,A,512,0.0,0.0001343,3303.1
82,train,math_comp,105,A,1024,0.0,0.0001048,3754.8
82,train,math_comp,105,A,2048,0.0,0.0001703,4245.3
82,train,math_comp,105,A,4096,0.0,0.0002178,5471.1
82,train,math_comp,105,B,512,0.0,0.0002387,22416.3
82,train,math_comp,105,B,1024,0.0,0.0004691,34855.5
82,train,math_comp,105,B,2048,0.0,0.000533,40049.2
82,train,math_comp,105,B,4096,0.0,0.0009231,125337.0
82,train,math_comp,105,C,512,0.0,0.000111,1364.9
82,train,math_comp,105,C,1024,0.0,0.0002134,3025.1
82,train,math_comp,105,C,2048,0.0,0.0004182,6152.8
82,train,math_comp,105,C,4096,0.0,0.0008278,13994.1
82,train,math_comp,105,D,512,0.0,0.0001356,12005.6
82,train,math_comp,105,D,1024,0.0,0.0002636,10782.8
82,train,math_comp,105,D,2048,1.0,0.0003478,50961.4
82,train,math_comp,105,D,4096,1.0,0.0010228,124833.1
82,train,math_comp,105,E,512,0.0,0.000598,2578.0
82,train,math_comp,105,E,1024,0.0,0.0011615,3263.8
82,train,math_comp,105,E,2048,0.0,0.0022879,6448.1
82,train,math_comp,105,E,4096,0.0,0.0045404,71430.4
83,train,math_comp,147,A,512,0.0,0.0001371,3375.2
83,train,math_comp,147,A,1024,1.0,0.0001643,4066.3
83,train,math_comp,147,A,2048,1.0,0.0001501,3914.4
83,train,math_comp,147,A,4096,1.0,0.0001738,4387.4
83,train,math_comp,147,B,512,0.0,0.0002422,11445.5
83,train,math_comp,147,B,1024,1.0,0.0004244,23164.7
83,train,math_comp,147,B,2048,1.0,0.0004176,56666.8
83,train,math_comp,147,B,4096,1.0,0.0004244,22951.7
83,train,math_comp,147,C,512,1.0,8.33e-05,1083.2
83,train,math_comp,147,C,1024,0.0,0.0002163,4149.3
83,train,math_comp,147,C,2048,1.0,0.0002231,4193.0
83,train,math_comp,147,C,4096,1.0,0.0002239,4208.2
83,train,math_comp,147,D,512,0.0,0.0001385,5966.4
83,train,math_comp,147,D,1024,0.0,0.0002665,10108.0
83,train,math_comp,147,D,2048,1.0,0.0003048,12202.7
83,train,math_comp,147,D,4096,1.0,0.0003418,13006.5
83,train,math_comp,147,E,512,0.0,0.0006088,2320.8
83,train,math_comp,147,E,1024,0.0,0.001172,9783.9
83,train,math_comp,147,E,2048,1.0,0.00137,5709.3
83,train,math_comp,147,E,4096,1.0,0.0014624,6195.6
84,train,math_olympiad,156,A,512,0.0,0.0001374,3241.4
84,train,math_olympiad,156,A,1024,0.0,0.0002654,8809.0
84,train,math_olympiad,156,A,2048,0.0,0.0005214,17763.4
84,train,math_olympiad,156,A,4096,0.0,0.0010334,36708.9
84,train,math_olympiad,156,B,512,0.0,0.0002429,14807.3
84,train,math_olympiad,156,B,1024,0.0,0.0004732,63736.2
84,train,math_olympiad,156,B,2048,0.0,0.0009341,57717.5
84,train,math_olympiad,156,B,4096,0.0,0.0018557,108589.8
84,train,math_olympiad,156,C,512,0.0,0.0001148,1644.6
84,train,math_olympiad,156,C,1024,0.0,0.0002172,3587.1
84,train,math_olympiad,156,C,2048,0.0,0.000422,7005.3
84,train,math_olympiad,156,C,4096,0.0,0.0008316,14266.2
84,train,math_olympiad,156,D,512,0.0,0.0001393,8671.2
84,train,math_olympiad,156,D,1024,0.0,0.0002673,16283.6
84,train,math_olympiad,156,D,2048,0.0,0.0005233,34194.6
84,train,math_olympiad,156,D,4096,0.0,0.0010353,73646.8
84,train,math_olympiad,156,E,512,0.0,0.0006121,1848.7
84,train,math_olympiad,156,E,1024,0.0,0.001175,9351.4
84,train,math_olympiad,156,E,2048,0.0,0.0023014,35984.4
84,train,math_olympiad,156,E,4096,0.0,0.0045542,21437.1
85,train,coding,367,A,512,1.0,0.0001467,2993.4
85,train,coding,367,A,1024,1.0,0.0001442,2963.8
85,train,coding,367,A,2048,1.0,0.0001454,4716.6
85,train,coding,367,A,4096,1.0,0.0001442,3010.7
85,train,coding,367,B,512,1.0,0.0002509,13330.0
85,train,coding,367,B,1024,1.0,0.0002518,17779.1
85,train,coding,367,B,2048,1.0,0.0002509,13962.7
85,train,coding,367,B,4096,1.0,0.0002509,17114.3
85,train,coding,367,C,512,0.0,0.0001344,2094.1
85,train,coding,367,C,1024,1.0,0.0001264,1331.1
85,train,coding,367,C,2048,1.0,0.0001268,1323.5
85,train,coding,367,C,4096,1.0,0.0001262,1363.3
85,train,coding,367,D,512,0.0,0.0001549,5852.4
85,train,coding,367,D,1024,0.0,0.0002829,9794.8
85,train,coding,367,D,2048,1.0,0.0003882,14436.4
85,train,coding,367,D,4096,1.0,0.0006404,23651.0
85,train,coding,367,E,512,0.0,0.0006733,9406.3
85,train,coding,367,E,1024,0.0,0.0012365,5227.8
85,train,coding,367,E,2048,1.0,0.0018616,5110.1
85,train,coding,367,E,4096,1.0,0.0018635,14608.1
86,train,multihop_qa,2711,A,512,0.0,0.0002907,3202.9
86,train,multihop_qa,2711,A,1024,0.0,0.0004187,6341.7
86,train,multihop_qa,2711,A,2048,0.0,0.0006747,12550.3
86,train,multihop_qa,2711,A,4096,0.0,0.0011867,26074.1
86,train,multihop_qa,2711,B,512,1.0,0.0002748,4265.9
86,train,multihop_qa,2711,B,1024,0.0,0.0003192,5056.1
86,train,multihop_qa,2711,B,2048,0.0,0.000312,4887.6
86,train,multihop_qa,2711,B,4096,0.0,0.000312,4572.9
86,train,multihop_qa,2711,C,512,0.0,0.0003329,2512.9
86,train,multihop_qa,2711,C,1024,0.0,0.0004353,4728.1
86,train,multihop_qa,2711,C,2048,1.0,0.0002317,364.4
86,train,multihop_qa,2711,C,4096,1.0,0.0002317,373.9
86,train,multihop_qa,2711,D,512,1.0,0.0002723,3699.4
86,train,multihop_qa,2711,D,1024,1.0,0.000253,3034.5
86,train,multihop_qa,2711,D,2048,1.0,0.0002663,3733.5
86,train,multihop_qa,2711,D,4096,1.0,0.0002855,4408.1
86,train,multihop_qa,2711,E,512,0.0,0.0013603,3069.4
86,train,multihop_qa,2711,E,1024,0.0,0.0019235,18450.5
86,train,multihop_qa,2711,E,2048,1.0,0.0019345,18386.8
86,train,multihop_qa,2711,E,4096,1.0,0.0017761,8450.6
87,train,math_comp,127,A,512,0.0,0.0001359,4918.1
87,train,math_comp,127,A,1024,0.0,0.0002639,6366.4
87,train,math_comp,127,A,2048,0.0,0.0005199,12978.2
87,train,math_comp,127,A,4096,0.0,0.0010319,26950.9
87,train,math_comp,127,B,512,0.0,0.0002394,18908.6
87,train,math_comp,127,B,1024,1.0,0.0003987,23547.0
87,train,math_comp,127,B,2048,1.0,0.0008253,49431.7
87,train,math_comp,127,B,4096,1.0,0.0003605,20739.9
87,train,math_comp,127,C,512,0.0,0.0001123,1586.4
87,train,math_comp,127,C,1024,0.0,0.0002147,4296.0
87,train,math_comp,127,C,2048,0.0,0.0004195,7895.0
87,train,math_comp,127,C,4096,0.0,0.0008291,16981.1
87,train,math_comp,127,D,512,0.0,0.0001376,9365.3
87,train,math_comp,127,D,1024,0.0,0.0002656,14414.6
87,train,math_comp,127,D,2048,1.0,0.0003648,18382.4
87,train,math_comp,127,D,4096,1.0,0.0001236,25473.3
87,train,math_comp,127,E,512,0.0,0.0006013,3712.7
87,train,math_comp,127,E,1024,0.0,0.0011645,5270.4
87,train,math_comp,127,E,2048,0.0,0.0022909,10001.0
87,train,math_comp,127,E,4096,1.0,0.0042555,67384.4
88,test,math_olympiad,193,A,512,0.0,0.0001398,3486.1
88,test,math_olympiad,193,A,1024,0.0,0.0002678,8638.1
88,test,math_olympiad,193,A,2048,0.0,0.0005238,19737.9
88,test,math_olympiad,193,A,4096,0.0,0.0010358,28673.3
88,test,math_olympiad,193,B,512,0.0,0.0002458,29876.7
88,test,math_olympiad,193,B,1024,0.0,0.0004762,58267.2
88,test,math_olympiad,193,B,2048,0.0,0.0006432,89452.4
88,test,math_olympiad,193,B,4096,0.0,0.0008674,46549.0
88,test,math_olympiad,193,C,512,0.0,0.0001178,1763.7
88,test,math_olympiad,193,C,1024,0.0,0.0002202,4543.9
88,test,math_olympiad,193,C,2048,0.0,0.000425,9564.3
88,test,math_olympiad,193,C,4096,0.0,0.0008346,15639.6
88,test,math_olympiad,193,D,512,0.0,0.0001423,10330.6
88,test,math_olympiad,193,D,1024,0.0,0.0002703,18937.5
88,test,math_olympiad,193,D,2048,0.0,0.0005263,25638.7
88,test,math_olympiad,193,D,4096,1.0,0.0006511,30375.2
88,test,math_olympiad,193,E,512,0.0,0.0006211,2891.6
88,test,math_olympiad,193,E,1024,0.0,0.0011846,5278.0
88,test,math_olympiad,193,E,2048,0.0,0.0023107,36219.5
88,test,math_olympiad,193,E,4096,0.0,0.0045635,37436.1
89,test,multihop_qa,1584,A,512,1.0,0.0002202,3568.6
89,test,multihop_qa,1584,A,1024,1.0,0.0002144,4068.8
89,test,multihop_qa,1584,A,2048,1.0,0.0002884,5373.7
89,test,multihop_qa,1584,A,4096,1.0,0.0002529,4476.4
89,test,multihop_qa,1584,B,512,1.0,0.0001597,3729.0
89,test,multihop_qa,1584,B,1024,1.0,0.0001602,2676.1
89,test,multihop_qa,1584,B,2048,1.0,0.0001544,2246.1
89,test,multihop_qa,1584,B,4096,1.0,0.0001544,2422.4
89,test,multihop_qa,1584,C,512,0.0,0.0002314,2338.4
89,test,multihop_qa,1584,C,1024,1.0,0.0001296,279.4
89,test,multihop_qa,1584,C,2048,1.0,0.0001296,242.5
89,test,multihop_qa,1584,C,4096,1.0,0.0001296,356.1
89,test,multihop_qa,1584,D,512,0.0,0.0001486,2527.7
89,test,multihop_qa,1584,D,1024,1.0,0.0001558,2354.4
89,test,multihop_qa,1584,D,2048,1.0,0.0001286,959.4
89,test,multihop_qa,1584,D,4096,0.0,0.0001616,2848.4
89,test,multihop_qa,1584,E,512,1.0,0.0008929,2443.6
89,test,multihop_qa,1584,E,1024,1.0,0.0009182,4251.2
89,test,multihop_qa,1584,E,2048,1.0,0.0007898,1347.0
89,test,multihop_qa,1584,E,4096,1.0,0.000869,1837.2
90,train,knowledge,261,A,512,0.0,0.0001446,3940.6
90,train,knowledge,261,A,1024,0.0,0.0002726,7903.9
90,train,knowledge,261,A,2048,0.0,0.0004156,11862.2
90,train,knowledge,261,A,4096,0.0,0.0004868,13968.4
90,train,knowledge,261,B,512,0.0,0.0002508,18306.7
90,train,knowledge,261,B,1024,0.0,0.0004425,28143.8
90,train,knowledge,261,B,2048,0.0,0.0003192,20900.4
90,train,knowledge,261,B,4096,0.0,0.0003008,20092.2
90,train,knowledge,261,C,512,0.0,9.96e-05,2634.4
90,train,knowledge,261,C,1024,0.0,7.68e-05,1578.0
90,train,knowledge,261,C,2048,0.0,8.66e-05,1972.1
90,train,knowledge,261,C,4096,0.0,7e-05,1483.1
90,train,knowledge,261,D,512,0.0,8.31e-05,7820.9
90,train,knowledge,261,D,1024,0.0,0.0001961,11834.7
90,train,knowledge,261,D,2048,0.0,0.0003496,19510.5
90,train,knowledge,261,D,4096,0.0,0.0001879,11307.1
90,train,knowledge,261,E,512,0.0,0.0006415,5166.1
90,train,knowledge,261,E,1024,0.0,0.0012047,19831.9
90,train,knowledge,261,E,2048,0.0,0.0023314,9254.6
90,train,knowledge,261,E,4096,0.0,0.004519,37058.0
91,test,math_comp,85,A,512,1.0,6.21e-05,1841.9
91,test,math_comp,85,A,1024,1.0,0.0001143,3310.7
91,test,math_comp,85,A,2048,1.0,0.0001274,3572.9
91,test,math_comp,85,A,4096,1.0,0.0001126,3223.9
91,test,math_comp,85,B,512,1.0,0.0001437,8092.5
91,test,math_comp,85,B,1024,1.0,0.0002432,18483.8
91,test,math_comp,85,B,2048,1.0,0.0002017,40903.0
91,test,math_comp,85,B,4096,1.0,0.0002553,13913.9
91,test,math_comp,85,C,512,1.0,4.61e-05,950.9
91,test,math_comp,85,C,1024,1.0,0.0001033,2334.4
91,test,math_comp,85,C,2048,1.0,4.61e-05,992.7
91,test,math_comp,85,C,4096,1.0,0.0001033,2356.4
91,test,math_comp,85,D,512,1.0,3.71e-05,5048.1
91,test,math_comp,85,D,1024,1.0,4.23e-05,2991.2
91,test,math_comp,85,D,2048,1.0,3.86e-05,4278.7
91,test,math_comp,85,D,4096,1.0,0.0001033,4944.0
91,test,math_comp,85,E,512,1.0,0.0004058,932.9
91,test,math_comp,85,E,1024,1.0,0.0005364,8158.6
91,test,math_comp,85,E,2048,1.0,0.0004803,4115.3
91,test,math_comp,85,E,4096,1.0,0.0006365,2778.4
92,train,math_olympiad,285,A,512,0.0,0.0001455,5204.6
92,train,math_olympiad,285,A,1024,0.0,0.0002735,9231.4
92,train,math_olympiad,285,A,2048,0.0,0.0005295,20064.9
92,train,math_olympiad,285,A,4096,0.0,0.0010415,27573.7
92,train,math_olympiad,285,B,512,0.0,0.0002532,12086.4
92,train,math_olympiad,285,B,1024,0.0,0.0004836,23496.1
92,train,math_olympiad,285,B,2048,0.0,0.0006033,29249.5
92,train,math_olympiad,285,B,4096,0.0,0.0005484,26661.7
92,train,math_olympiad,285,C,512,0.0,0.0001244,3598.6
92,train,math_olympiad,285,C,1024,0.0,0.0002268,4611.7
92,train,math_olympiad,285,C,2048,0.0,0.0004316,16717.6
92,train,math_olympiad,285,C,4096,0.0,0.0008412,32057.2
92,train,math_olympiad,285,D,512,0.0,0.0001488,7960.7
92,train,math_olympiad,285,D,1024,0.0,0.0001294,11321.6
92,train,math_olympiad,285,D,2048,0.0,0.0001528,13368.4
92,train,math_olympiad,285,D,4096,0.0,0.0010448,66195.8
92,train,math_olympiad,285,E,512,0.0,0.0006487,10109.8
92,train,math_olympiad,285,E,1024,0.0,0.0012119,18846.1
92,train,math_olympiad,285,E,2048,0.0,0.0023383,18941.8
92,train,math_olympiad,285,E,4096,0.0,0.0045914,19932.6
93,test,coding,223,A,512,1.0,0.0001004,2394.4
93,test,coding,223,A,1024,1.0,0.0001009,2420.4
93,test,coding,223,A,2048,1.0,0.0001242,3032.2
93,test,coding,223,A,4096,1.0,9.57e-05,2292.3
93,test,coding,223,B,512,1.0,0.0001249,5596.8
93,test,coding,223,B,1024,1.0,0.0001249,5609.0
93,test,coding,223,B,2048,1.0,0.0001249,5534.7
93,test,coding,223,B,4096,1.0,0.0001249,5863.5
93,test,coding,223,C,512,0.0,0.0001201,3355.6
93,test,coding,223,C,1024,0.0,0.0002225,6154.9
93,test,coding,223,C,2048,0.0,0.0004273,11442.0
93,test,coding,223,C,4096,1.0,6.25e-05,2261.4
93,test,coding,223,D,512,0.0,0.0001436,8865.7
93,test,coding,223,D,1024,0.0,0.0002716,12070.6
93,test,coding,223,D,2048,1.0,6.41e-05,11903.1
93,test,coding,223,D,4096,1.0,3.18e-05,3250.1
93,test,coding,223,E,512,0.0,0.0006304,5013.2
93,test,coding,223,E,1024,0.0,0.0011936,5548.6
93,test,coding,223,E,2048,1.0,0.0015998,6654.7
93,test,coding,223,E,4096,1.0,0.0016083,13170.6
94,train,multihop_qa,1611,A,512,1.0,0.0001197,1059.1
94,train,multihop_qa,1611,A,1024,1.0,0.0001814,2406.8
94,train,multihop_qa,1611,A,2048,1.0,0.0002607,6310.1
94,train,multihop_qa,1611,A,4096,1.0,0.0002037,4162.9
94,train,multihop_qa,1611,B,512,0.0,0.000159,5128.5
94,train,multihop_qa,1611,B,1024,1.0,0.0001474,1609.6
94,train,multihop_qa,1611,B,2048,1.0,0.0001466,2693.6
94,train,multihop_qa,1611,B,4096,1.0,0.0001466,2675.1
94,train,multihop_qa,1611,C,512,0.0,0.0002341,3065.3
94,train,multihop_qa,1611,C,1024,1.0,0.0001325,330.6
94,train,multihop_qa,1611,C,2048,0.0,0.0001325,200.5
94,train,multihop_qa,1611,C,4096,1.0,0.0002929,5227.3
94,train,multihop_qa,1611,D,512,1.0,0.0001491,2453.9
94,train,multihop_qa,1611,D,1024,1.0,0.0001521,2250.0
94,train,multihop_qa,1611,D,2048,1.0,0.0001538,2342.5
94,train,multihop_qa,1611,D,4096,1.0,0.0001561,5774.5
94,train,multihop_qa,1611,E,512,1.0,0.0008155,3393.9
94,train,multihop_qa,1611,E,1024,1.0,0.0008243,3426.6
94,train,multihop_qa,1611,E,2048,1.0,0.0007506,1485.1
94,train,multihop_qa,1611,E,4096,1.0,0.0007077,4025.3
95,train,multihop_qa,2579,A,512,0.01932,0.0002838,5123.4
95,train,multihop_qa,2579,A,1024,1.0,0.0004118,7705.1
95,train,multihop_qa,2579,A,2048,1.0,0.0004713,9823.2
95,train,multihop_qa,2579,A,4096,1.0,0.0005066,10337.9
95,train,multihop_qa,2579,B,512,0.0,0.0002221,1832.3
95,train,multihop_qa,2579,B,1024,0.0,0.0002221,1682.6
95,train,multihop_qa,2579,B,2048,0.0,0.0002221,1578.3
95,train,multihop_qa,2579,B,4096,0.0,0.0002185,1317.7
95,train,multihop_qa,2579,C,512,1.0,0.0002105,1063.3
95,train,multihop_qa,2579,C,1024,0.0,0.0002863,2696.4
95,train,multihop_qa,2579,C,2048,0.0,0.0002957,3002.7
95,train,multihop_qa,2579,C,4096,1.0,0.0002105,482.5
95,train,multihop_qa,2579,D,512,1.0,0.0002334,3321.7
95,train,multihop_qa,2579,D,1024,0.8,0.0002444,3334.5
95,train,multihop_qa,2579,D,2048,0.8,0.0002439,2984.5
95,train,multihop_qa,2579,D,4096,0.8,0.0002444,3149.0
95,train,multihop_qa,2579,E,512,0.0,0.0013156,5025.0
95,train,multihop_qa,2579,E,1024,1.0,0.0018029,22680.7
95,train,multihop_qa,2579,E,2048,1.0,0.0017116,5051.2
95,train,multihop_qa,2579,E,4096,1.0,0.0016588,7939.2
96,train,multihop_qa,2452,A,512,0.0,0.0001616,603.9
96,train,multihop_qa,2452,A,1024,0.0,0.0001616,556.0
96,train,multihop_qa,2452,A,2048,0.0,0.0001626,766.4
96,train,multihop_qa,2452,A,4096,0.0,0.0001616,592.8
96,train,multihop_qa,2452,B,512,0.28571,0.000269,3966.6
96,train,multihop_qa,2452,B,1024,0.28571,0.0002757,12049.0
96,train,multihop_qa,2452,B,2048,0.28571,0.000275,12281.3
96,train,multihop_qa,2452,B,4096,0.28571,0.0002802,4377.3
96,train,multihop_qa,2452,C,512,0.5,0.0002051,248.7
96,train,multihop_qa,2452,C,1024,0.0,0.0004085,6167.1
96,train,multihop_qa,2452,C,2048,0.0,0.0006133,11504.9
96,train,multihop_qa,2452,C,4096,0.25,0.0002051,314.7
96,train,multihop_qa,2452,D,512,0.28571,0.0001914,3661.6
96,train,multihop_qa,2452,D,1024,0.28571,0.0002036,4492.2
96,train,multihop_qa,2452,D,2048,0.28571,0.0002896,6388.3
96,train,multihop_qa,2452,D,4096,0.4,0.0003256,7028.7
96,train,multihop_qa,2452,E,512,0.0,0.0012637,4909.8
96,train,multihop_qa,2452,E,1024,0.0,0.0018269,5882.8
96,train,multihop_qa,2452,E,2048,0.25,0.0025507,9126.1
96,train,multihop_qa,2452,E,4096,0.25,0.0023519,7158.9
97,train,knowledge,363,A,512,0.0,0.0001498,3791.2
97,train,knowledge,363,A,1024,0.0,0.0002778,7266.7
97,train,knowledge,363,A,2048,0.0,0.0005338,14242.9
97,train,knowledge,363,A,4096,0.0,0.0010458,28124.6
97,train,knowledge,363,B,512,0.0,0.0002618,11772.0
97,train,knowledge,363,B,1024,0.0,0.0004922,24545.9
97,train,knowledge,363,B,2048,0.0,0.0004003,44434.1
97,train,knowledge,363,B,4096,0.0,0.0005093,28774.9
97,train,knowledge,363,C,512,0.0,0.0001326,14065.3
97,train,knowledge,363,C,1024,0.0,0.000235,7552.5
97,train,knowledge,363,C,2048,0.0,0.0004398,13873.5
97,train,knowledge,363,C,4096,0.0,0.0008494,22899.5
97,train,knowledge,363,D,512,0.0,0.0001545,16475.8
97,train,knowledge,363,D,1024,0.0,0.0002825,15877.6
97,train,knowledge,363,D,2048,0.0,0.0005385,36827.0
97,train,knowledge,363,D,4096,1.0,0.000257,29921.6
97,train,knowledge,363,E,512,0.0,0.0006676,5057.3
97,train,knowledge,363,E,1024,0.0,0.0012308,24890.7
97,train,knowledge,363,E,2048,0.0,0.0023572,18659.9
97,train,knowledge,363,E,4096,0.0,0.00461,20137.7
98,train,math_comp,91,A,512,0.0,0.0001335,3899.3
98,train,math_comp,91,A,1024,1.0,0.0002338,6500.7
98,train,math_comp,91,A,2048,0.0,0.0001198,3335.4
98,train,math_comp,91,A,4096,0.0,0.0001188,3366.4
98,train,math_comp,91,B,512,0.0,0.0002376,33128.5
98,train,math_comp,91,B,1024,0.0,0.0004681,34245.4
98,train,math_comp,91,B,2048,1.0,0.0006544,44729.7
98,train,math_comp,91,B,4096,1.0,0.0005131,31864.6
98,train,math_comp,91,C,512,0.0,0.0001097,3191.7
98,train,math_comp,91,C,1024,0.0,0.0002121,6394.8
98,train,math_comp,91,C,2048,0.0,0.0004169,12956.2
98,train,math_comp,91,C,4096,0.0,0.0008265,25879.2
98,train,math_comp,91,D,512,0.0,0.0001346,6103.3
98,train,math_comp,91,D,1024,1.0,0.0001224,14706.7
98,train,math_comp,91,D,2048,0.0,0.0005186,22550.3
98,train,math_comp,91,D,4096,1.0,6.31e-05,4932.7
98,train,math_comp,91,E,512,0.0,0.0005935,4735.6
98,train,math_comp,91,E,1024,0.0,0.0011567,4927.3
98,train,math_comp,91,E,2048,1.0,0.0014537,12280.0
98,train,math_comp,91,E,4096,1.0,0.0015046,4338.8
99,train,multihop_qa,2292,A,512,0.57143,0.0002219,2582.0
99,train,multihop_qa,2292,A,1024,0.57143,0.0002366,2854.9
99,train,multihop_qa,2292,A,2048,0.57143,0.0002159,2345.1
99,train,multihop_qa,2292,A,4096,0.57143,0.0002331,3552.0
99,train,multihop_qa,2292,B,512,0.0,0.0002378,3243.8
99,train,multihop_qa,2292,B,1024,0.0,0.0002225,2041.0
99,train,multihop_qa,2292,B,2048,0.0,0.0002239,2306.2
99,train,multihop_qa,2292,B,4096,0.0,0.0002225,2229.4
99,train,multihop_qa,2292,C,512,0.57143,0.0001886,667.3
99,train,multihop_qa,2292,C,1024,0.0,0.0001886,470.0
99,train,multihop_qa,2292,C,2048,0.57143,0.0001886,601.0
99,train,multihop_qa,2292,C,4096,0.57143,0.0003546,5249.5
99,train,multihop_qa,2292,D,512,0.57143,0.0001841,2782.0
99,train,multihop_qa,2292,D,1024,0.57143,0.0001866,2950.3
99,train,multihop_qa,2292,D,2048,0.57143,0.0001811,2369.9
99,train,multihop_qa,2292,D,4096,0.57143,0.0002226,3016.2
99,train,multihop_qa,2292,E,512,0.0,0.0012481,2093.6
99,train,multihop_qa,2292,E,1024,0.57143,0.001401,3099.7
99,train,multihop_qa,2292,E,2048,0.57143,0.0013017,3212.9
99,train,multihop_qa,2292,E,4096,0.57143,0.0015921,7791.5
100,test,knowledge,434,A,512,0.0,0.0001572,3760.5
100,test,knowledge,434,A,1024,0.0,0.0002852,9323.8
100,test,knowledge,434,A,2048,0.0,0.0005412,13826.8
100,test,knowledge,434,A,4096,0.0,0.0010532,36002.3
100,test,knowledge,434,B,512,0.0,0.000265,69926.2
100,test,knowledge,434,B,1024,0.0,0.0004957,22595.5
100,test,knowledge,434,B,2048,0.0,0.0005354,121350.8
100,test,knowledge,434,B,4096,0.0,0.0007495,35673.5
100,test,knowledge,434,C,512,0.0,0.0001349,3230.8
100,test,knowledge,434,C,1024,1.0,0.0001569,5239.6
100,test,knowledge,434,C,2048,0.0,0.0004421,10316.3
100,test,knowledge,434,C,4096,1.0,0.0001295,3997.8
100,test,knowledge,434,D,512,0.0,0.0001632,16912.9
100,test,knowledge,434,D,1024,1.0,0.0002872,13223.1
100,test,knowledge,434,D,2048,1.0,0.0004647,26815.1
100,test,knowledge,434,D,4096,1.0,0.0003439,22104.8
100,test,knowledge,434,E,512,0.0,0.0006847,9625.3
100,test,knowledge,434,E,1024,0.0,0.0012482,4311.2
100,test,knowledge,434,E,2048,1.0,0.0018111,8535.5
100,test,knowledge,434,E,4096,1.0,0.0031542,25037.4
101,test,math_comp,104,A,512,0.0,0.0001342,3600.5
101,test,math_comp,104,A,1024,0.0,0.000222,8808.8
101,test,math_comp,104,A,2048,1.0,9.27e-05,2450.2
101,test,math_comp,104,A,4096,1.0,0.0001625,4521.8
101,test,math_comp,104,B,512,0.0,0.0002387,11269.5
101,test,math_comp,104,B,1024,1.0,0.0003678,55264.8
101,test,math_comp,104,B,2048,1.0,0.0003494,21950.5
101,test,math_comp,104,B,4096,1.0,0.000358,17411.1
101,test,math_comp,104,C,512,0.0,0.000111,3887.2
101,test,math_comp,104,C,1024,0.0,0.0002134,7412.6
101,test,math_comp,104,C,2048,1.0,0.0003206,9349.7
101,test,math_comp,104,C,4096,1.0,0.0003932,11386.3
101,test,math_comp,104,D,512,0.0,0.0001356,6197.5
101,test,math_comp,104,D,1024,1.0,6.53e-05,5120.2
101,test,math_comp,104,D,2048,1.0,0.0002236,9404.9
101,test,math_comp,104,D,4096,1.0,0.0003838,15317.7
101,test,math_comp,104,E,512,0.0,0.0005983,2028.3
101,test,math_comp,104,E,1024,0.0,0.0011612,9608.8
101,test,math_comp,104,E,2048,0.0,0.0022876,18639.7
101,test,math_comp,104,E,4096,1.0,0.0017742,7323.7
102,train,multihop_qa,1915,A,512,1.0,0.0002282,3256.1
102,train,multihop_qa,1915,A,1024,1.0,0.0002166,3770.5
102,train,multihop_qa,1915,A,2048,1.0,0.0002679,4418.9
102,train,multihop_qa,1915,A,4096,1.0,0.0002891,5062.6
102,train,multihop_qa,1915,B,512,1.0,0.0001779,6204.7
102,train,multihop_qa,1915,B,1024,1.0,0.0001796,1622.0
102,train,multihop_qa,1915,B,2048,1.0,0.0001796,1633.5
102,train,multihop_qa,1915,B,4096,1.0,0.0001751,1278.6
102,train,multihop_qa,1915,C,512,0.0,0.0002591,3220.1
102,train,multihop_qa,1915,C,1024,1.0,0.0003009,4294.3
102,train,multihop_qa,1915,C,2048,1.0,0.0001575,315.8
102,train,multihop_qa,1915,C,4096,1.0,0.0001575,229.2
102,train,multihop_qa,1915,D,512,1.0,0.0001798,3065.0
102,train,multihop_qa,1915,D,1024,1.0,0.000151,1253.8
102,train,multihop_qa,1915,D,2048,1.0,0.0001505,1170.7
102,train,multihop_qa,1915,D,4096,1.0,0.00018,2837.5
102,train,multihop_qa,1915,E,512,1.0,0.0009454,2103.4
102,train,multihop_qa,1915,E,1024,1.0,0.0009556,2052.7
102,train,multihop_qa,1915,E,2048,1.0,0.0009916,2295.4
102,train,multihop_qa,1915,E,4096,1.0,0.0009729,6604.4
103,train,coding,207,A,512,1.0,6.72e-05,2300.7
103,train,coding,207,A,1024,1.0,6.82e-05,1656.0
103,train,coding,207,A,2048,1.0,6.99e-05,1592.4
103,train,coding,207,A,4096,1.0,6.72e-05,2257.3
103,train,coding,207,B,512,0.0,0.0001075,15595.9
103,train,coding,207,B,1024,0.0,0.0001068,37787.3
103,train,coding,207,B,2048,0.0,0.0001093,4728.9
103,train,coding,207,B,4096,0.0,0.0001075,14199.8
103,train,coding,207,C,512,1.0,5.33e-05,1051.6
103,train,coding,207,C,1024,1.0,5.33e-05,1292.6
103,train,coding,207,C,2048,1.0,0.0003851,9132.4
103,train,coding,207,C,4096,1.0,5.43e-05,1223.5
103,train,coding,207,D,512,0.0,0.0001426,6375.6
103,train,coding,207,D,1024,0.0,0.0002706,12687.3
103,train,coding,207,D,2048,1.0,0.0005266,21692.3
103,train,coding,207,D,4096,1.0,5.58e-05,10997.4
103,train,coding,207,E,512,0.0,0.0006253,10955.1
103,train,coding,207,E,1024,0.0,0.0011885,5578.6
103,train,coding,207,E,2048,1.0,0.0017399,7091.2
103,train,coding,207,E,4096,1.0,0.0016208,26667.9
104,test,math_olympiad,139,A,512,0.0,0.0001363,3577.4
104,test,math_olympiad,139,A,1024,0.0,0.0002643,6962.1
104,test,math_olympiad,139,A,2048,0.0,0.0002463,8311.8
104,test,math_olympiad,139,A,4096,0.0,0.0010323,27984.2
104,test,math_olympiad,139,B,512,0.0,0.0002412,12076.2
104,test,math_olympiad,139,B,1024,0.0,0.0004716,23527.5
104,test,math_olympiad,139,B,2048,0.0,0.0009323,130154.7
104,test,math_olympiad,139,B,4096,0.0,0.0015021,79850.5
104,test,math_olympiad,139,C,512,0.0,0.0001137,2599.5
104,test,math_olympiad,139,C,1024,0.0,0.0002161,8348.6
104,test,math_olympiad,139,C,2048,0.0,0.0004209,9804.4
104,test,math_olympiad,139,C,4096,0.0,0.0008305,18724.8
104,test,math_olympiad,139,D,512,0.0,0.0001381,13431.9
104,test,math_olympiad,139,D,1024,0.0,0.0002661,14158.2
104,test,math_olympiad,139,D,2048,0.0,0.0005221,13375.9
104,test,math_olympiad,139,D,4096,0.0,0.0010341,12598.7
104,test,math_olympiad,139,E,512,0.0,0.0006067,3096.9
104,test,math_olympiad,139,E,1024,0.0,0.0011702,6490.4
104,test,math_olympiad,139,E,2048,0.0,0.0022963,10742.3
104,test,math_olympiad,139,E,4096,0.0,0.0045491,21169.4
105,test,math_comp,92,A,512,1.0,0.0001105,2945.2
105,test,math_comp,92,A,1024,1.0,9.15e-05,2431.6
105,test,math_comp,92,A,2048,1.0,8.88e-05,3103.7
105,test,math_comp,92,A,4096,1.0,9.15e-05,2498.7
105,test,math_comp,92,B,512,1.0,0.0002282,11368.8
105,test,math_comp,92,B,1024,1.0,0.0002282,11347.2
105,test,math_comp,92,B,2048,1.0,0.0002247,48870.0
105,test,math_comp,92,B,4096,1.0,0.0002272,11477.8
105,test,math_comp,92,C,512,1.0,6.59e-05,3065.8
105,test,math_comp,92,C,1024,1.0,0.0001191,2634.5
105,test,math_comp,92,C,2048,1.0,0.0001251,3310.1
105,test,math_comp,92,C,4096,1.0,0.0001255,3232.9
105,test,math_comp,92,D,512,1.0,2.94e-05,4162.6
105,test,math_comp,92,D,1024,1.0,0.0001388,6108.8
105,test,math_comp,92,D,2048,1.0,6.48e-05,3790.6
105,test,math_comp,92,D,4096,1.0,3.06e-05,3729.6
105,test,math_comp,92,E,512,0.0,0.0005941,2485.8
105,test,math_comp,92,E,1024,1.0,0.0006219,2247.1
105,test,math_comp,92,E,2048,1.0,0.0006678,10371.9
105,test,math_comp,92,E,4096,1.0,0.00056,4705.1
106,train,knowledge,199,A,512,0.0,0.0001403,4919.1
106,train,knowledge,199,A,1024,0.0,0.0002683,9491.2
106,train,knowledge,199,A,2048,0.0,0.0005243,14309.0
106,train,knowledge,199,A,4096,0.0,0.0007638,21066.0
106,train,knowledge,199,B,512,0.0,0.000246,10824.1
106,train,knowledge,199,B,1024,0.0,0.0004196,61115.7
106,train,knowledge,199,B,2048,0.0,0.0005286,29993.4
106,train,knowledge,199,B,4096,0.0,0.0006604,31390.9
106,train,knowledge,199,C,512,0.0,0.0001179,2428.3
106,train,knowledge,199,C,1024,0.0,0.0002203,6744.0
106,train,knowledge,199,C,2048,0.0,0.0004251,10075.4
106,train,knowledge,199,C,4096,0.0,0.0005999,16491.0
106,train,knowledge,199,D,512,0.0,0.0001429,9519.1
106,train,knowledge,199,D,1024,0.0,0.0002709,16492.9
106,train,knowledge,199,D,2048,0.0,0.0004064,17833.3
106,train,knowledge,199,D,4096,0.0,9.39e-05,25340.6
106,train,knowledge,199,E,512,0.0,0.0006238,2627.1
106,train,knowledge,199,E,1024,0.0,0.0011867,10021.8
106,train,knowledge,199,E,2048,0.0,0.0012197,9618.3
106,train,knowledge,199,E,4096,0.0,0.0011273,17468.0
107,test,multihop_qa,2551,A,512,0.0,0.0002811,3892.6
107,test,multihop_qa,2551,A,1024,0.0,0.0004091,7560.6
107,test,multihop_qa,2551,A,2048,0.0,0.0006651,14712.9
107,test,multihop_qa,2551,A,4096,0.0,0.0011771,36623.5
107,test,multihop_qa,2551,B,512,1.0,0.0002532,3102.0
107,test,multihop_qa,2551,B,1024,1.0,0.0002586,3220.3
107,test,multihop_qa,2551,B,2048,1.0,0.0002532,10434.8
107,test,multihop_qa,2551,B,4096,1.0,0.0002537,2664.7
107,test,multihop_qa,2551,C,512,1.0,0.0002141,407.5
107,test,multihop_qa,2551,C,1024,0.0,0.0004183,5735.3
107,test,multihop_qa,2551,C,2048,0.0,0.0006231,10664.7
107,test,multihop_qa,2551,C,4096,1.0,0.0002141,404.8
107,test,multihop_qa,2551,D,512,1.0,0.0002022,11849.3
107,test,multihop_qa,2551,D,1024,1.0,0.0002022,11835.2
107,test,multihop_qa,2551,D,2048,1.0,0.0002922,6298.0
107,test,multihop_qa,2551,D,4096,0.66667,0.000206,16609.0
107,test,multihop_qa,2551,E,512,0.0,0.0013075,5445.9
107,test,multihop_qa,2551,E,1024,0.0,0.0018707,19770.1
107,test,multihop_qa,2551,E,2048,0.0,0.0029974,15136.4
107,test,multihop_qa,2551,E,4096,1.0,0.0040311,27967.4
108,train,multihop_qa,2208,A,512,0.0625,0.0002605,3773.4
108,train,multihop_qa,2208,A,1024,0.05882,0.0003885,10617.9
108,train,multihop_qa,2208,A,2048,0.15385,0.0006445,20719.5
108,train,multihop_qa,2208,A,4096,0.4,0.0009365,22761.2
108,train,multihop_qa,2208,B,512,0.0,0.0002166,2317.4
108,train,multihop_qa,2208,B,1024,0.22222,0.0002201,8190.5
108,train,multihop_qa,2208,B,2048,0.0,0.0002224,2466.6
108,train,multihop_qa,2208,B,4096,0.0,0.0002224,2437.7
108,train,multihop_qa,2208,C,512,0.0,0.0002866,2635.4
108,train,multihop_qa,2208,C,1024,0.0,0.000389,4969.4
108,train,multihop_qa,2208,C,2048,0.0,0.0001852,522.7
108,train,multihop_qa,2208,C,4096,0.0,0.0001852,457.8
108,train,multihop_qa,2208,D,512,0.85714,0.0002417,3986.4
108,train,multihop_qa,2208,D,1024,0.85714,0.0002702,6768.4
108,train,multihop_qa,2208,D,2048,0.85714,0.000215,4639.2
108,train,multihop_qa,2208,D,4096,0.85714,0.0001805,4594.7
108,train,multihop_qa,2208,E,512,0.0,0.0012046,2574.7
108,train,multihop_qa,2208,E,1024,0.85714,0.0014815,14823.8
108,train,multihop_qa,2208,E,2048,0.85714,0.0013308,3429.2
108,train,multihop_qa,2208,E,4096,0.85714,0.0014958,4009.3
109,train,coding,195,A,512,1.0,5.84e-05,2020.8
109,train,coding,195,A,1024,1.0,5.42e-05,1247.5
109,train,coding,195,A,2048,1.0,5.42e-05,1259.2
109,train,coding,195,A,4096,1.0,5.42e-05,1343.9
109,train,coding,195,B,512,1.0,9.43e-05,10862.8
109,train,coding,195,B,1024,1.0,9.44e-05,3638.8
109,train,coding,195,B,2048,1.0,9.44e-05,3643.2
109,train,coding,195,B,4096,1.0,9.44e-05,3774.9
109,train,coding,195,C,512,1.0,4.24e-05,639.3
109,train,coding,195,C,1024,1.0,0.0001214,3069.1
109,train,coding,195,C,2048,1.0,0.0001214,3002.9
109,train,coding,195,C,4096,1.0,0.0001114,2800.2
109,train,coding,195,D,512,0.0,0.0001419,5443.0
109,train,coding,195,D,1024,0.0,0.0002699,10466.7
109,train,coding,195,D,2048,1.0,4.61e-05,23488.6
109,train,coding,195,D,4096,1.0,0.0002846,10534.5
109,train,coding,195,E,512,1.0,0.0005252,2254.3
109,train,coding,195,E,1024,1.0,0.0004757,3746.9
109,train,coding,195,E,2048,1.0,0.0005813,4480.1
109,train,coding,195,E,4096,1.0,0.0005076,8670.7
110,test,math_olympiad,205,A,512,0.0,0.0001406,3605.9
110,test,math_olympiad,205,A,1024,0.0,0.0002686,7233.7
110,test,math_olympiad,205,A,2048,0.0,0.0005246,14970.7
110,test,math_olympiad,205,A,4096,0.0,0.0010366,29486.9
110,test,math_olympiad,205,B,512,0.0,0.0002462,11395.7
110,test,math_olympiad,205,B,1024,0.0,0.0004766,22935.2
110,test,math_olympiad,205,B,2048,0.0,0.0009374,46547.3
110,test,math_olympiad,205,B,4096,0.0,0.0010917,150591.1
110,test,math_olympiad,205,C,512,0.0,0.0001189,3760.1
110,test,math_olympiad,205,C,1024,0.0,0.0002213,5039.0
110,test,math_olympiad,205,C,2048,0.0,0.0004261,12255.9
110,test,math_olympiad,205,C,4096,0.0,0.0008357,23663.8
110,test,math_olympiad,205,D,512,0.0,0.0001433,8117.6
110,test,math_olympiad,205,D,1024,0.0,0.0002713,13438.2
110,test,math_olympiad,205,D,2048,0.0,0.0005273,59778.6
110,test,math_olympiad,205,D,4096,0.0,0.0010393,56616.8
110,test,math_olympiad,205,E,512,0.0,0.0006247,8992.9
110,test,math_olympiad,205,E,1024,0.0,0.0011879,17166.6
110,test,math_olympiad,205,E,2048,0.0,0.0023143,33544.8
110,test,math_olympiad,205,E,4096,0.0,0.0045671,295560.9
111,test,knowledge,273,A,512,0.0,0.0001451,5005.7
111,test,knowledge,273,A,1024,0.0,0.0002731,7902.3
111,test,knowledge,273,A,2048,0.0,0.0002744,7892.2
111,test,knowledge,273,A,4096,0.0,0.0001351,3882.1
111,test,knowledge,273,B,512,0.0,0.000252,16579.8
111,test,knowledge,273,B,1024,0.0,0.0004824,23304.0
111,test,knowledge,273,B,2048,0.0,0.0008968,131003.4
111,test,knowledge,273,B,4096,0.0,0.0012222,65464.0
111,test,knowledge,273,C,512,0.0,0.0001235,3502.5
111,test,knowledge,273,C,1024,0.0,0.0002259,6126.5
111,test,knowledge,273,C,2048,1.0,0.0002283,5144.8
111,test,knowledge,273,C,4096,0.0,0.0008403,20019.2
111,test,knowledge,273,D,512,1.0,0.000114,26022.2
111,test,knowledge,273,D,1024,0.0,0.0002765,12130.5
111,test,knowledge,273,D,2048,1.0,6.5e-05,12756.5
111,test,knowledge,273,D,4096,1.0,0.000747,51156.3
111,test,knowledge,273,E,512,0.0,0.0006451,2953.4
111,test,knowledge,273,E,1024,0.0,0.0012083,16515.5
111,test,knowledge,273,E,2048,0.0,0.002335,14077.1
111,test,knowledge,273,E,4096,0.0,0.0045875,21980.6
112,train,knowledge,309,A,512,0.0,0.0001481,3686.9
112,train,knowledge,309,A,1024,0.0,0.0002761,7368.8
112,train,knowledge,309,A,2048,0.0,0.0005321,14637.2
112,train,knowledge,309,A,4096,0.0,0.0010441,27627.4
112,train,knowledge,309,B,512,0.0,0.0002551,13071.5
112,train,knowledge,309,B,1024,0.0,0.0004855,23153.8
112,train,knowledge,309,B,2048,0.0,0.0005782,35665.4
112,train,knowledge,309,B,4096,0.0,0.0006304,31370.2
112,train,knowledge,309,C,512,0.0,8.64e-05,2299.3
112,train,knowledge,309,C,1024,0.0,0.000229,5855.8
112,train,knowledge,309,C,2048,0.0,5.38e-05,1608.5
112,train,knowledge,309,C,4096,0.0,5.74e-05,1382.6
112,train,knowledge,309,D,512,0.0,0.0001523,64015.7
112,train,knowledge,309,D,1024,0.0,0.0002803,20331.9
112,train,knowledge,309,D,2048,0.0,0.0005363,40424.7
112,train,knowledge,309,D,4096,0.0,0.0005413,143795.0
112,train,knowledge,309,E,512,0.0,0.0006541,3033.5
112,train,knowledge,309,E,1024,0.0,0.0012173,6524.7
112,train,knowledge,309,E,2048,0.0,0.0023437,33976.3
112,train,knowledge,309,E,4096,0.0,0.0045965,76496.0
113,train,math_comp,132,A,512,1.0,0.0001147,3162.6
113,train,math_comp,132,A,1024,1.0,0.0001329,3429.8
113,train,math_comp,132,A,2048,1.0,0.0001089,3852.3
113,train,math_comp,132,A,4096,1.0,0.0001139,3030.2
113,train,math_comp,132,B,512,0.0,0.0002409,19274.7
113,train,math_comp,132,B,1024,1.0,0.0002989,16638.3
113,train,math_comp,132,B,2048,1.0,0.0003115,17865.5
113,train,math_comp,132,B,4096,1.0,0.0003111,17913.8
113,train,math_comp,132,C,512,0.0,0.0001133,2098.9
113,train,math_comp,132,C,1024,1.0,0.0001071,1902.5
113,train,math_comp,132,C,2048,1.0,0.0002343,6881.9
113,train,math_comp,132,C,4096,1.0,0.0002377,7017.8
113,train,math_comp,132,D,512,1.0,5.08e-05,15079.8
113,train,math_comp,132,D,1024,1.0,0.0001374,5765.2
113,train,math_comp,132,D,2048,1.0,0.0001838,5900.5
113,train,math_comp,132,D,4096,1.0,0.0001641,7466.0
113,train,math_comp,132,E,512,0.0,0.0006058,1704.6
113,train,math_comp,132,E,1024,1.0,0.000817,2358.3
113,train,math_comp,132,E,2048,1.0,0.000817,2397.3
113,train,math_comp,132,E,4096,1.0,0.0009402,2387.8
114,train,math_olympiad,225,A,512,0.0,0.0001413,3310.2
114,train,math_olympiad,225,A,1024,0.0,0.0002693,6445.2
114,train,math_olympiad,225,A,2048,0.0,0.0005253,12822.7
114,train,math_olympiad,225,A,4096,0.0,0.0010373,25577.0
114,train,math_olympiad,225,B,512,0.0,0.0002486,11834.4
114,train,math_olympiad,225,B,1024,0.0,0.000479,24426.4
114,train,math_olympiad,225,B,2048,0.0,0.0006396,32244.0
114,train,math_olympiad,225,B,4096,0.0,0.0005666,88797.0
114,train,math_olympiad,225,C,512,0.0,0.0001209,2683.5
114,train,math_olympiad,225,C,1024,0.0,0.0002233,3548.6
114,train,math_olympiad,225,C,2048,0.0,0.0004281,13100.2
114,train,math_olympiad,225,C,4096,0.0,0.0008377,15626.9
114,train,math_olympiad,225,D,512,0.0,0.0001445,8271.4
114,train,math_olympiad,225,D,1024,0.0,0.0002725,14373.4
114,train,math_olympiad,225,D,2048,0.0,0.0005285,26280.0
114,train,math_olympiad,225,D,4096,0.0,0.0010405,45865.4
114,train,math_olympiad,225,E,512,0.0,0.0006307,5272.8
114,train,math_olympiad,225,E,1024,0.0,0.0011942,4754.0
114,train,math_olympiad,225,E,2048,0.0,0.0023203,10139.6
114,train,math_olympiad,225,E,4096,0.0,0.0045731,77196.1
115,train,math_olympiad,601,A,512,0.0,0.0001654,3400.7
115,train,math_olympiad,601,A,1024,0.0,0.0002934,6599.6
115,train,math_olympiad,601,A,2048,0.0,0.0005494,12872.3
115,train,math_olympiad,601,A,4096,0.0,0.0010614,38911.1
115,train,math_olympiad,601,B,512,0.0,0.0002798,33381.2
115,train,math_olympiad,601,B,1024,0.0,0.0003464,65750.6
115,train,math_olympiad,601,B,2048,0.0,0.0005094,23711.6
115,train,math_olympiad,601,B,4096,0.0,0.0004999,55452.1
115,train,math_olympiad,601,C,512,0.0,0.0001343,1940.1
115,train,math_olympiad,601,C,1024,0.0,0.0001157,2792.5
115,train,math_olympiad,601,C,2048,0.0,0.0004577,11347.2
115,train,math_olympiad,601,C,4096,1.0,0.0001325,1761.7
115,train,math_olympiad,601,D,512,0.0,0.0001705,7887.9
115,train,math_olympiad,601,D,1024,0.0,0.0002985,13472.9
115,train,math_olympiad,601,D,2048,1.0,0.000125,7099.7
115,train,math_olympiad,601,D,4096,0.0,0.0003968,33824.8
115,train,math_olympiad,601,E,512,0.0,0.0007369,3599.0
115,train,math_olympiad,601,E,1024,0.0,0.0013001,6031.0
115,train,math_olympiad,601,E,2048,0.0,0.0024265,18555.7
115,train,math_olympiad,601,E,4096,0.0,0.0046796,17807.9
116,train,math_olympiad,99,A,512,1.0,9.56e-05,2480.0
116,train,math_olympiad,99,A,1024,0.0,0.0002621,9596.2
116,train,math_olympiad,99,A,2048,1.0,0.0003021,7413.5
116,train,math_olympiad,99,A,4096,1.0,0.0001501,3726.8
116,train,math_olympiad,99,B,512,0.0,0.0002383,12009.3
116,train,math_olympiad,99,B,1024,0.0,0.0004687,24595.5
116,train,math_olympiad,99,B,2048,1.0,0.000312,46368.8
116,train,math_olympiad,99,B,4096,1.0,0.0003045,17102.9
116,train,math_olympiad,99,C,512,0.0,0.0001103,2037.8
116,train,math_olympiad,99,C,1024,1.0,0.0002127,3973.1
116,train,math_olympiad,99,C,2048,1.0,0.0002459,6733.2
116,train,math_olympiad,99,C,4096,1.0,0.0001427,2965.5
116,train,math_olympiad,99,D,512,0.0,0.0001352,8150.2
116,train,math_olympiad,99,D,1024,1.0,0.000203,8948.3
116,train,math_olympiad,99,D,2048,1.0,0.0001917,8152.7
116,train,math_olympiad,99,D,4096,1.0,6.27e-05,7440.3
116,train,math_olympiad,99,E,512,0.0,0.0005962,2520.2
116,train,math_olympiad,99,E,1024,0.0,0.0011594,22954.3
116,train,math_olympiad,99,E,2048,1.0,0.0014894,6518.9
116,train,math_olympiad,99,E,4096,1.0,0.0017325,7436.2
117,train,math_comp,129,A,512,0.0,0.000104,2485.3
117,train,math_comp,129,A,1024,0.0,0.0002637,6248.9
117,train,math_comp,129,A,2048,0.0,0.0005197,12494.9
117,train,math_comp,129,A,4096,0.0,0.0010317,25507.1
117,train,math_comp,129,B,512,0.0,0.000162,23022.2
117,train,math_comp,129,B,1024,0.0,0.0001706,8783.5
117,train,math_comp,129,B,2048,0.0,0.0001706,8816.3
117,train,math_comp,129,B,4096,0.0,0.0001706,8886.3
117,train,math_comp,129,C,512,0.0,3.38e-05,769.5
117,train,math_comp,129,C,1024,0.0,0.0002152,5845.8
117,train,math_comp,129,C,2048,0.0,3.32e-05,737.9
117,train,math_comp,129,C,4096,0.0,4.16e-05,933.2
117,train,math_comp,129,D,512,0.0,0.0001372,11149.6
117,train,math_comp,129,D,1024,0.0,5.02e-05,10928.3
117,train,math_comp,129,D,2048,0.0,0.0003942,15114.8
117,train,math_comp,129,D,4096,0.0,0.0003775,15392.9
117,train,math_comp,129,E,512,0.0,0.0006037,2469.3
117,train,math_comp,129,E,1024,0.0,0.0011672,3481.1
117,train,math_comp,129,E,2048,0.0,0.001979,5754.5
117,train,math_comp,129,E,4096,0.0,0.0029324,24544.4
118,train,knowledge,566,A,512,0.0,0.0001634,3378.0
118,train,knowledge,566,A,1024,0.0,0.0002914,6516.9
118,train,knowledge,566,A,2048,0.0,0.0005474,13018.1
118,train,knowledge,566,A,4096,0.0,0.0010594,25921.0
118,train,knowledge,566,B,512,0.0,0.0002757,13027.3
118,train,knowledge,566,B,1024,0.0,0.000506,96185.5
118,train,knowledge,566,B,2048,0.0,0.0008174,110296.7
118,train,knowledge,566,B,4096,0.0,0.0006784,43533.8
118,train,knowledge,566,C,512,0.0,0.000145,3465.4
118,train,knowledge,566,C,1024,0.0,0.0002474,7511.5
118,train,knowledge,566,C,2048,0.0,0.0004522,13518.7
118,train,knowledge,566,C,4096,0.0,0.0008618,27262.1
118,train,knowledge,566,D,512,0.0,0.0001715,6229.9
118,train,knowledge,566,D,1024,0.0,0.0002995,14491.1
118,train,knowledge,566,D,2048,0.0,0.0005555,25581.8
118,train,knowledge,566,D,4096,1.0,0.000162,11565.5
118,train,knowledge,566,E,512,0.0,0.0007228,2933.8
118,train,knowledge,566,E,1024,0.0,0.0012863,5028.0
118,train,knowledge,566,E,2048,0.0,0.0024124,10830.2
118,train,knowledge,566,E,4096,0.0,0.0046655,16460.9
119,train,math_comp,124,A,512,0.0,0.0001358,3461.8
119,train,math_comp,124,A,1024,0.0,0.000174,4467.6
119,train,math_comp,124,A,2048,0.0,0.0002196,5529.0
119,train,math_comp,124,A,4096,1.0,0.0002591,6634.0
119,train,math_comp,124,B,512,0.0,0.0002403,13426.9
119,train,math_comp,124,B,1024,1.0,0.0004212,26361.2
119,train,math_comp,124,B,2048,1.0,0.0004189,69019.0
119,train,math_comp,124,B,4096,1.0,0.0005346,31343.1
119,train,math_comp,124,C,512,0.0,0.0001121,3852.8
119,train,math_comp,124,C,1024,0.0,0.0002145,6023.7
119,train,math_comp,124,C,2048,0.0,0.0004193,10049.6
119,train,math_comp,124,C,4096,1.0,0.0001833,4395.9
119,train,math_comp,124,D,512,0.0,0.0001372,6374.3
119,train,math_comp,124,D,1024,0.0,0.0002652,12157.7
119,train,math_comp,124,D,2048,1.0,0.0001397,18031.4
119,train,math_comp,124,D,4096,1.0,0.0004835,23393.1
119,train,math_comp,124,E,512,0.0,0.0006022,2907.1
119,train,math_comp,124,E,1024,0.0,0.0011654,5531.2
119,train,math_comp,124,E,2048,0.0,0.0022918,35265.3
119,train,math_comp,124,E,4096,1.0,0.0023611,11270.8
120,train,knowledge,247,A,512,0.0,0.0001428,4785.4
120,train,knowledge,247,A,1024,0.0,0.0001278,3041.5
120,train,knowledge,247,A,2048,0.0,0.0005268,13206.3
120,train,knowledge,247,A,4096,0.0,0.0010388,26035.4
120,train,knowledge,247,B,512,0.0,0.0002517,11212.4
120,train,knowledge,247,B,1024,1.0,0.0002206,39889.5
120,train,knowledge,247,B,2048,1.0,0.0003292,93153.9
120,train,knowledge,247,B,4096,1.0,0.0004456,20908.2
120,train,knowledge,247,C,512,0.0,0.0001231,3169.5
120,train,knowledge,247,C,1024,0.0,0.0002255,5648.6
120,train,knowledge,247,C,2048,0.0,0.0004303,10640.8
120,train,knowledge,247,C,4096,0.0,0.0008399,21591.0
120,train,knowledge,247,D,512,0.0,0.0001462,13860.3
120,train,knowledge,247,D,1024,0.0,0.0002364,23002.9
120,train,knowledge,247,D,2048,0.0,0.0001442,12973.6
120,train,knowledge,247,D,4096,0.0,0.0008464,56664.2
120,train,knowledge,247,E,512,0.0,0.0006364,5246.6
120,train,knowledge,247,E,1024,0.0,0.0011999,4703.2
120,train,knowledge,247,E,2048,0.0,0.0023263,7548.5
120,train,knowledge,247,E,4096,0.0,0.0032797,27090.6
121,train,math_olympiad,132,A,512,0.0,0.0001358,4841.0
121,train,math_olympiad,132,A,1024,1.0,0.0002236,6308.6
121,train,math_olympiad,132,A,2048,0.0,0.0001733,6251.3
121,train,math_olympiad,132,A,4096,1.0,0.0002736,7459.4
121,train,math_olympiad,132,B,512,0.0,0.000241,14246.9
121,train,math_olympiad,132,B,1024,0.0,0.0004714,28288.9
121,train,math_olympiad,132,B,2048,1.0,0.0005335,32008.6
121,train,math_olympiad,132,B,4096,0.0,0.0008656,45630.8
121,train,math_olympiad,132,C,512,0.0,0.000113,2805.0
121,train,math_olympiad,132,C,1024,0.0,0.0002154,5850.8
121,train,math_olympiad,132,C,2048,1.0,0.0001052,2431.2
121,train,math_olympiad,132,C,4096,1.0,0.000145,3464.7
121,train,math_olympiad,132,D,512,0.0,0.0001374,7590.3
121,train,math_olympiad,132,D,1024,0.0,0.0002654,12812.6
121,train,math_olympiad,132,D,2048,1.0,0.0003061,13449.9
121,train,math_olympiad,132,D,4096,1.0,0.0004931,26206.1
121,train,math_olympiad,132,E,512,0.0,0.0006049,4875.1
121,train,math_olympiad,132,E,1024,0.0,0.0011681,9807.8
121,train,math_olympiad,132,E,2048,1.0,0.0022054,10042.0
121,train,math_olympiad,132,E,4096,1.0,0.0018798,28227.7
122,train,coding,263,A,512,1.0,9.26e-05,2249.1
122,train,coding,263,A,1024,0.0,0.0001031,2242.9
122,train,coding,263,A,2048,1.0,9.01e-05,2858.5
122,train,coding,263,A,4096,1.0,9.98e-05,3032.3
122,train,coding,263,B,512,1.0,0.0001564,6634.3
122,train,coding,263,B,1024,1.0,0.0001529,40406.3
122,train,coding,263,B,2048,1.0,0.0001529,39654.0
122,train,coding,263,B,4096,1.0,0.0001564,6588.4
122,train,coding,263,C,512,1.0,6.99e-05,1096.2
122,train,coding,263,C,1024,0.0,0.0002255,5498.9
122,train,coding,263,C,2048,1.0,6.99e-05,1231.0
122,train,coding,263,C,4096,1.0,6.99e-05,1024.6
122,train,coding,263,D,512,0.0,0.0001467,7058.4
122,train,coding,263,D,1024,1.0,8.07e-05,5235.8
122,train,coding,263,D,2048,1.0,3.69e-05,1762.5
122,train,coding,263,D,4096,1.0,0.0001887,7848.2
122,train,coding,263,E,512,0.0,0.0006421,5148.7
122,train,coding,263,E,1024,1.0,0.0010832,15543.7
122,train,coding,263,E,2048,1.0,0.0009996,4244.9
122,train,coding,263,E,4096,1.0,0.0010348,14743.6
123,train,coding,232,A,512,1.0,6.03e-05,1796.4
123,train,coding,232,A,1024,1.0,6.38e-05,1851.2
123,train,coding,232,A,2048,1.0,7.63e-05,1733.2
123,train,coding,232,A,4096,1.0,6.3e-05,1636.1
123,train,coding,232,B,512,1.0,0.0001257,10377.4
123,train,coding,232,B,1024,1.0,0.0001257,5514.7
123,train,coding,232,B,2048,1.0,0.0001257,10266.0
123,train,coding,232,B,4096,1.0,0.0001257,10369.1
123,train,coding,232,C,512,0.0,0.000121,3118.5
123,train,coding,232,C,1024,1.0,5.54e-05,1219.6
123,train,coding,232,C,2048,1.0,5.46e-05,1368.0
123,train,coding,232,C,4096,1.0,5.28e-05,1109.1
123,train,coding,232,D,512,0.0,0.0001447,6583.4
123,train,coding,232,D,1024,1.0,0.0001615,7889.8
123,train,coding,232,D,2048,1.0,0.0003515,11584.7
123,train,coding,232,D,4096,1.0,3.87e-05,2166.2
123,train,coding,232,E,512,0.0,0.0006343,8718.0
123,train,coding,232,E,1024,1.0,0.0009258,7529.6
123,train,coding,232,E,2048,1.0,0.0010237,14705.7
123,train,coding,232,E,4096,1.0,0.0009654,4285.9
124,train,math_comp,109,A,512,0.0,0.0001345,3476.6
124,train,math_comp,109,A,1024,0.0,0.0002625,6635.9
124,train,math_comp,109,A,2048,1.0,0.0002285,5932.9
124,train,math_comp,109,A,4096,0.0,0.0010305,26952.9
124,train,math_comp,109,B,512,0.0,0.0002391,10911.6
124,train,math_comp,109,B,1024,1.0,0.0002702,12265.1
124,train,math_comp,109,B,2048,1.0,0.000263,16792.8
124,train,math_comp,109,B,4096,1.0,0.0002675,12149.3
124,train,math_comp,109,C,512,0.0,0.0001114,2455.1
124,train,math_comp,109,C,1024,1.0,0.0002138,3944.7
124,train,math_comp,109,C,2048,1.0,0.0003634,10011.3
124,train,math_comp,109,C,4096,1.0,0.0003088,6992.7
124,train,math_comp,109,D,512,1.0,4.36e-05,3089.6
124,train,math_comp,109,D,1024,1.0,3.14e-05,2914.7
124,train,math_comp,109,D,2048,1.0,0.0001874,12989.3
124,train,math_comp,109,D,4096,1.0,0.0001806,12812.0
124,train,math_comp,109,E,512,0.0,0.0005992,2045.1
124,train,math_comp,109,E,1024,1.0,0.0011555,19902.4
124,train,math_comp,109,E,2048,1.0,0.0014041,11680.5
124,train,math_comp,109,E,4096,1.0,0.0011522,5329.1
125,train,math_comp,133,A,512,1.0,4.66e-05,1397.8
125,train,math_comp,133,A,1024,1.0,5.09e-05,1212.4
125,train,math_comp,133,A,2048,1.0,4.66e-05,1395.4
125,train,math_comp,133,A,4096,1.0,4.81e-05,1199.1
125,train,math_comp,133,B,512,1.0,0.000129,14774.4
125,train,math_comp,133,B,1024,1.0,0.0001251,36746.9
125,train,math_comp,133,B,2048,1.0,0.0001258,9077.4
125,train,math_comp,133,B,4096,1.0,0.000129,14867.5
125,train,math_comp,133,C,512,1.0,5.6e-05,1470.6
125,train,math_comp,133,C,1024,1.0,0.0001986,5221.3
125,train,math_comp,133,C,2048,1.0,5.64e-05,1749.9
125,train,math_comp,133,C,4096,1.0,0.000198,4309.4
125,train,math_comp,133,D,512,0.0,9.9e-05,5007.3
125,train,math_comp,133,D,1024,0.0,2.18e-05,10739.4
125,train,math_comp,133,D,2048,0.0,0.000161,8028.7
125,train,math_comp,133,D,4096,0.0,7.53e-05,4937.6
125,train,math_comp,133,E,512,0.0,0.0006061,2318.0
125,train,math_comp,133,E,1024,1.0,0.000924,3006.0
125,train,math_comp,133,E,2048,1.0,0.0013329,7563.5
125,train,math_comp,133,E,4096,1.0,0.0009105,5057.7
126,train,knowledge,227,A,512,0.0,0.0001425,3450.7
126,train,knowledge,227,A,1024,0.0,0.0002705,7118.3
126,train,knowledge,227,A,2048,0.0,0.0005265,13858.7
126,train,knowledge,227,A,4096,0.0,0.0010385,38243.9
126,train,knowledge,227,B,512,0.0,0.0002495,69318.9
126,train,knowledge,227,B,1024,0.0,0.0004802,21742.6
126,train,knowledge,227,B,2048,0.0,0.0007786,38964.7
126,train,knowledge,227,B,4096,0.0,0.0010099,46205.2
126,train,knowledge,227,C,512,0.0,0.0001204,3099.5
126,train,knowledge,227,C,1024,0.0,0.0002228,5833.0
126,train,knowledge,227,C,2048,1.0,0.000115,3467.8
126,train,knowledge,227,C,4096,1.0,0.0005016,13724.6
126,train,knowledge,227,D,512,0.0,0.0001445,9442.0
126,train,knowledge,227,D,1024,0.0,0.0002725,19266.4
126,train,knowledge,227,D,2048,0.0,0.0005285,32623.2
126,train,knowledge,227,D,4096,1.0,0.000406,18644.1
126,train,knowledge,227,E,512,0.0,0.0006313,1929.4
126,train,knowledge,227,E,1024,0.0,0.0011942,19009.5
126,train,knowledge,227,E,2048,1.0,0.0020822,6058.7
126,train,knowledge,227,E,4096,1.0,0.0021504,6052.2
127,train,multihop_qa,2392,A,512,0.0,0.0002728,3626.5
127,train,multihop_qa,2392,A,1024,1.0,0.0004008,7154.8
127,train,multihop_qa,2392,A,2048,1.0,0.0004848,13031.7
127,train,multihop_qa,2392,A,4096,1.0,0.0004368,8116.3
127,train,multihop_qa,2392,B,512,1.0,0.0002382,2718.3
127,train,multihop_qa,2392,B,1024,1.0,0.0002399,9620.9
127,train,multihop_qa,2392,B,2048,1.0,0.0002374,7173.1
127,train,multihop_qa,2392,B,4096,1.0,0.0002409,2591.7
127,train,multihop_qa,2392,C,512,0.0,0.0002962,2321.7
127,train,multihop_qa,2392,C,1024,0.0,0.0003986,3926.0
127,train,multihop_qa,2392,C,2048,1.0,0.0001948,307.3
127,train,multihop_qa,2392,C,4096,1.0,0.0001948,488.7
127,train,multihop_qa,2392,D,512,1.0,0.0002802,5978.1
127,train,multihop_qa,2392,D,1024,1.0,0.0002502,5949.5
127,train,multihop_qa,2392,D,2048,1.0,0.0002627,5787.9
127,train,multihop_qa,2392,D,4096,1.0,0.0002889,3570.6
127,train,multihop_qa,2392,E,512,0.0,0.0012622,2225.0
127,train,multihop_qa,2392,E,1024,1.0,0.0012454,4741.6
127,train,multihop_qa,2392,E,2048,1.0,0.0016425,8868.0
127,train,multihop_qa,2392,E,4096,1.0,0.0013007,2720.9
128,test,knowledge,427,A,512,0.0,0.0001552,3499.8
128,test,knowledge,427,A,1024,0.0,0.0002832,6807.1
128,test,knowledge,427,A,2048,0.0,0.0005329,13441.1
128,test,knowledge,427,A,4096,0.0,0.0009622,32066.3
128,test,knowledge,427,B,512,0.0,0.0002641,8711.1
128,test,knowledge,427,B,1024,0.0,0.0004945,33102.2
128,test,knowledge,427,B,2048,0.0,0.0004472,30796.3
128,test,knowledge,427,B,4096,0.0,0.0003131,10519.1
128,test,knowledge,427,C,512,0.0,0.0001358,4318.0
128,test,knowledge,427,C,1024,0.0,0.0002382,8327.4
128,test,knowledge,427,C,2048,0.0,0.000443,6648.9
128,test,knowledge,427,C,4096,0.0,0.0005822,15914.2
128,test,knowledge,427,D,512,0.0,6.89e-05,3920.8
128,test,knowledge,427,D,1024,0.0,0.0001994,43239.3
128,test,knowledge,427,D,2048,0.0,6.69e-05,4018.2
128,test,knowledge,427,D,4096,0.0,0.0002542,10986.4
128,test,knowledge,427,E,512,0.0,0.0006913,8329.8
128,test,knowledge,427,E,1024,0.0,0.0012545,11508.9
128,test,knowledge,427,E,2048,0.0,0.0017806,6215.6
128,test,knowledge,427,E,4096,0.0,0.0015141,22664.0
129,test,math_comp,115,A,512,0.0,0.0001349,3470.2
129,test,math_comp,115,A,1024,0.0,0.0002549,9186.0
129,test,math_comp,115,A,2048,0.0,0.0005189,13236.6
129,test,math_comp,115,A,4096,0.0,0.0003704,9548.5
129,test,math_comp,115,B,512,0.0,0.0002394,11200.1
129,test,math_comp,115,B,1024,0.0,0.0004433,24874.9
129,test,math_comp,115,B,2048,0.0,0.0004169,96618.4
129,test,math_comp,115,B,4096,0.0,0.0004532,25549.3
129,test,math_comp,115,C,512,0.0,0.0001116,2785.9
129,test,math_comp,115,C,1024,0.0,0.000214,3809.9
129,test,math_comp,115,C,2048,0.0,0.0004188,7178.5
129,test,math_comp,115,C,4096,0.0,0.0008284,15282.5
129,test,math_comp,115,D,512,0.0,0.0001363,6372.5
129,test,math_comp,115,D,1024,0.0,0.0002643,10712.3
129,test,math_comp,115,D,2048,0.0,0.0001451,21085.3
129,test,math_comp,115,D,4096,0.0,6.31e-05,11240.7
129,test,math_comp,115,E,512,0.0,0.0006004,8780.0
129,test,math_comp,115,E,1024,0.0,0.0011639,3275.4
129,test,math_comp,115,E,2048,0.0,0.00229,19090.8
129,test,math_comp,115,E,4096,0.0,0.0027259,7439.1
130,train,math_olympiad,220,A,512,0.0,0.0001422,3504.8
130,train,math_olympiad,220,A,1024,0.0,0.0002702,6698.3
130,train,math_olympiad,220,A,2048,0.0,0.0005262,13942.4
130,train,math_olympiad,220,A,4096,0.0,0.0010382,27020.4
130,train,math_olympiad,220,B,512,0.0,0.0002478,14424.8
130,train,math_olympiad,220,B,1024,0.0,0.0004666,98975.8
130,train,math_olympiad,220,B,2048,0.0,0.0004935,18732.2
130,train,math_olympiad,220,B,4096,0.0,0.0004427,74028.7
130,train,math_olympiad,220,C,512,0.0,0.0001192,3174.5
130,train,math_olympiad,220,C,1024,0.0,0.0002216,4516.7
130,train,math_olympiad,220,C,2048,0.0,0.0004264,10546.2
130,train,math_olympiad,220,C,4096,0.0,0.000836,17102.8
130,train,math_olympiad,220,D,512,0.0,0.0001452,7756.2
130,train,math_olympiad,220,D,1024,0.0,0.0001168,22068.5
130,train,math_olympiad,220,D,2048,1.0,0.000198,68233.1
130,train,math_olympiad,220,D,4096,1.0,0.00048,24021.2
130,train,math_olympiad,220,E,512,0.0,0.0006292,2441.0
130,train,math_olympiad,220,E,1024,0.0,0.0011924,3954.4
130,train,math_olympiad,220,E,2048,1.0,0.002247,14920.4
130,train,math_olympiad,220,E,4096,1.0,0.0021216,14196.8
131,train,math_comp,106,A,512,1.0,9.64e-05,3174.8
131,train,math_comp,106,A,1024,1.0,8.64e-05,2191.0
131,train,math_comp,106,A,2048,1.0,8.64e-05,2406.4
131,train,math_comp,106,A,4096,1.0,9.64e-05,3169.7
131,train,math_comp,106,B,512,0.0,0.0002389,15692.8
131,train,math_comp,106,B,1024,1.0,0.000184,12946.2
131,train,math_comp,106,B,2048,1.0,0.000184,7010.7
131,train,math_comp,106,B,4096,1.0,0.0002384,15916.0
131,train,math_comp,106,C,512,0.0,0.000111,2496.9
131,train,math_comp,106,C,1024,1.0,0.0001194,2152.4
131,train,math_comp,106,C,2048,1.0,0.0001172,2092.8
131,train,math_comp,106,C,4096,1.0,0.0001296,2999.9
131,train,math_comp,106,D,512,1.0,0.0001198,5158.6
131,train,math_comp,106,D,1024,1.0,0.0001695,7874.5
131,train,math_comp,106,D,2048,1.0,0.0001232,5697.2
131,train,math_comp,106,D,4096,1.0,7.02e-05,4065.2
131,train,math_comp,106,E,512,1.0,0.0004607,6614.9
131,train,math_comp,106,E,1024,0.0,0.0011603,9777.3
131,train,math_comp,106,E,2048,0.0,0.0022867,33689.1
131,train,math_comp,106,E,4096,1.0,0.0004126,1229.8
132,test,math_comp,102,A,512,1.0,7.26e-05,2383.7
132,test,math_comp,102,A,1024,1.0,0.0001024,2657.1
132,test,math_comp,102,A,2048,1.0,0.0001079,2883.3
132,test,math_comp,102,A,4096,1.0,7.26e-05,2400.9
132,test,math_comp,102,B,512,1.0,0.0002125,10318.9
132,test,math_comp,102,B,1024,1.0,0.0001541,37936.9
132,test,math_comp,102,B,2048,1.0,0.0001522,7147.0
132,test,math_comp,102,B,4096,1.0,0.0002098,14166.6
132,test,math_comp,102,C,512,0.0,0.0001108,2440.1
132,test,math_comp,102,C,1024,1.0,0.0001382,3097.7
132,test,math_comp,102,C,2048,1.0,0.0001784,3704.1
132,test,math_comp,102,C,4096,1.0,8.84e-05,1990.9
132,test,math_comp,102,D,512,1.0,2.16e-05,1342.6
132,test,math_comp,102,D,1024,1.0,5.4e-05,3662.0
132,test,math_comp,102,D,2048,1.0,3.3e-05,10148.0
132,test,math_comp,102,D,4096,1.0,3.3e-05,9716.0
132,test,math_comp,102,E,512,0.0,0.0005962,2028.7
132,test,math_comp,102,E,1024,1.0,0.0006303,1834.8
132,test,math_comp,102,E,2048,1.0,0.0005937,8871.2
132,test,math_comp,102,E,4096,1.0,0.0006303,1699.7
133,train,math_olympiad,146,A,512,0.0,0.0001368,4542.1
133,train,math_olympiad,146,A,1024,0.0,0.0002648,9175.2
133,train,math_olympiad,146,A,2048,0.0,0.0005208,14103.8
133,train,math_olympiad,146,A,4096,0.0,0.0010328,28417.6
133,train,math_olympiad,146,B,512,0.0,0.0002421,9567.6
133,train,math_olympiad,146,B,1024,0.0,0.0004725,26298.1
133,train,math_olympiad,146,B,2048,0.0,0.0009333,48854.9
133,train,math_olympiad,146,B,4096,0.0,0.0007348,38941.8
133,train,math_olympiad,146,C,512,0.0,0.0001136,2450.0
133,train,math_olympiad,146,C,1024,0.0,0.000216,4545.8
133,train,math_olympiad,146,C,2048,0.0,0.0004208,8617.0
133,train,math_olympiad,146,C,4096,1.0,0.0006754,11057.4
133,train,math_olympiad,146,D,512,0.0,0.0001381,13105.8
133,train,math_olympiad,146,D,1024,0.0,0.000266,9940.4
133,train,math_olympiad,146,D,2048,0.0,0.000522,19568.9
133,train,math_olympiad,146,D,4096,0.0,0.001034,48675.6
133,train,math_olympiad,146,E,512,0.0,0.000607,3782.9
133,train,math_olympiad,146,E,1024,0.0,0.0011702,9234.2
133,train,math_olympiad,146,E,2048,0.0,0.0022966,16495.7
133,train,math_olympiad,146,E,4096,1.0,0.0028213,20414.4
134,train,coding,167,A,512,1.0,5.64e-05,1380.6
134,train,coding,167,A,1024,1.0,5.64e-05,1348.3
134,train,coding,167,A,2048,1.0,5.64e-05,1345.2
134,train,coding,167,A,4096,1.0,5.64e-05,1471.6
134,train,coding,167,B,512,1.0,8e-05,3592.3
134,train,coding,167,B,1024,1.0,8.05e-05,3188.1
134,train,coding,167,B,2048,1.0,7.97e-05,18485.4
134,train,coding,167,B,4096,1.0,8e-05,3773.2
134,train,coding,167,C,512,0.0,0.0001158,2963.3
134,train,coding,167,C,1024,1.0,0.0001152,2940.7
134,train,coding,167,C,2048,1.0,0.0001204,3047.2
134,train,coding,167,C,4096,1.0,9.4e-05,2431.7
134,train,coding,167,D,512,0.0,0.0001398,6717.6
134,train,coding,167,D,1024,1.0,0.0002155,9175.8
134,train,coding,167,D,2048,1.0,0.00029,13584.9
134,train,coding,167,D,4096,1.0,0.000259,10970.3
134,train,coding,167,E,512,0.0,0.0006151,8405.7
134,train,coding,167,E,1024,1.0,0.0007449,5607.7
134,train,coding,167,E,2048,1.0,0.0007724,5648.2
134,train,coding,167,E,4096,1.0,0.0007449,10599.1
135,test,multihop_qa,2586,A,512,0.0,0.0002832,3895.4
135,test,multihop_qa,2586,A,1024,0.0,0.0004112,7495.7
135,test,multihop_qa,2586,A,2048,0.02222,0.0006672,15943.5
135,test,multihop_qa,2586,A,4096,0.0,0.0011792,38203.7
135,test,multihop_qa,2586,B,512,1.0,0.0003633,15785.1
135,test,multihop_qa,2586,B,1024,1.0,0.0003201,5321.9
135,test,multihop_qa,2586,B,2048,1.0,0.0002935,4110.7
135,test,multihop_qa,2586,B,4096,1.0,0.000411,17717.1
135,test,multihop_qa,2586,C,512,0.0,0.0003199,2287.2
135,test,multihop_qa,2586,C,1024,0.0,0.0004223,4375.8
135,test,multihop_qa,2586,C,2048,0.0,0.0006271,8590.6
135,test,multihop_qa,2586,C,4096,0.0,0.0010367,15442.5
135,test,multihop_qa,2586,D,512,0.0,0.0003174,8293.8
135,test,multihop_qa,2586,D,1024,1.0,0.0002326,8254.0
135,test,multihop_qa,2586,D,2048,1.0,0.0002919,21623.9
135,test,multihop_qa,2586,D,4096,1.0,0.0011954,50697.9
135,test,multihop_qa,2586,E,512,0.0,0.0013201,8614.2
135,test,multihop_qa,2586,E,1024,0.0,0.0018836,5296.4
135,test,multihop_qa,2586,E,2048,0.0,0.0030097,40014.6
135,test,multihop_qa,2586,E,4096,0.0,0.0052625,35520.1
136,test,math_olympiad,199,A,512,0.0,0.0001399,3613.6
136,test,math_olympiad,199,A,1024,0.0,0.0002679,7271.2
136,test,math_olympiad,199,A,2048,0.0,0.0005239,14277.9
136,test,math_olympiad,199,A,4096,0.0,0.0010359,28417.7
136,test,math_olympiad,199,B,512,0.0,0.000246,47723.4
136,test,math_olympiad,199,B,1024,0.0,0.0004767,26982.6
136,test,math_olympiad,199,B,2048,0.0,0.0006257,29488.6
136,test,math_olympiad,199,B,4096,0.0,0.0006131,28833.3
136,test,math_olympiad,199,C,512,0.0,0.0001184,2643.6
136,test,math_olympiad,199,C,1024,0.0,0.0002208,4885.1
136,test,math_olympiad,199,C,2048,0.0,0.0004256,10002.3
136,test,math_olympiad,199,C,4096,0.0,0.0008352,21168.4
136,test,math_olympiad,199,D,512,0.0,0.0001425,10617.8
136,test,math_olympiad,199,D,1024,0.0,0.0002705,21391.1
136,test,math_olympiad,199,D,2048,0.0,0.0005265,40070.2
136,test,math_olympiad,199,D,4096,0.0,0.0010385,80617.0
136,test,math_olympiad,199,E,512,0.0,0.000625,9550.6
136,test,math_olympiad,199,E,1024,0.0,0.0011885,4044.8
136,test,math_olympiad,199,E,2048,0.0,0.0023146,19335.3
136,test,math_olympiad,199,E,4096,0.0,0.0045677,17855.9
137,train,coding,189,A,512,1.0,5.92e-05,1518.2
137,train,coding,189,A,1024,1.0,6.39e-05,2039.8
137,train,coding,189,A,2048,1.0,6.67e-05,1722.6
137,train,coding,189,A,4096,1.0,6.57e-05,1668.7
137,train,coding,189,B,512,1.0,9.12e-05,3956.3
137,train,coding,189,B,1024,1.0,9.12e-05,4028.3
137,train,coding,189,B,2048,1.0,8.4e-05,3465.9
137,train,coding,189,B,4096,1.0,9.12e-05,4087.6
137,train,coding,189,C,512,0.0,0.000117,2391.3
137,train,coding,189,C,1024,1.0,4.04e-05,561.2
137,train,coding,189,C,2048,1.0,0.0002432,5327.5
137,train,coding,189,C,4096,1.0,0.0001788,3734.5
137,train,coding,189,D,512,1.0,2.02e-05,11145.3
137,train,coding,189,D,1024,1.0,0.0001147,5175.2
137,train,coding,189,D,2048,1.0,0.0001714,7218.2
137,train,coding,189,D,4096,1.0,0.0002574,11287.5
137,train,coding,189,E,512,0.0,0.0006199,4441.8
137,train,coding,189,E,1024,1.0,0.0011281,9729.2
137,train,coding,189,E,2048,1.0,0.0011303,21636.5
137,train,coding,189,E,4096,1.0,0.0008245,7218.1
138,test,math_olympiad,93,A,512,0.0,0.0001336,3611.2
138,test,math_olympiad,93,A,1024,0.0,0.0002616,7343.6
138,test,math_olympiad,93,A,2048,0.0,0.0005176,14203.3
138,test,math_olympiad,93,A,4096,1.0,0.0008283,22366.1
138,test,math_olympiad,93,B,512,0.0,0.0002378,11063.9
138,test,math_olympiad,93,B,1024,1.0,0.0002239,10382.3
138,test,math_olympiad,93,B,2048,1.0,0.0002473,11772.5
138,test,math_olympiad,93,B,4096,1.0,0.000197,38692.9
138,test,math_olympiad,93,C,512,0.0,0.0001098,2300.6
138,test,math_olympiad,93,C,1024,1.0,7.86e-05,1691.3
138,test,math_olympiad,93,C,2048,1.0,0.000216,3785.3
138,test,math_olympiad,93,C,4096,1.0,0.000173,2970.3
138,test,math_olympiad,93,D,512,1.0,7.03e-05,7018.1
138,test,math_olympiad,93,D,1024,1.0,0.0001025,4958.4
138,test,math_olympiad,93,D,2048,1.0,0.000166,6451.6
138,test,math_olympiad,93,D,4096,1.0,0.0001723,6864.8
138,test,math_olympiad,93,E,512,0.0,0.0005935,4930.7
138,test,math_olympiad,93,E,1024,1.0,0.0008861,7409.4
138,test,math_olympiad,93,E,2048,1.0,0.0011336,6721.1
138,test,math_olympiad,93,E,4096,1.0,0.0008479,2636.8
139,test,coding,190,A,512,1.0,4.43e-05,992.8
139,test,coding,190,A,1024,1.0,4.43e-05,1436.4
139,test,coding,190,A,2048,1.0,4.43e-05,1489.7
139,test,coding,190,A,4096,1.0,4.43e-05,1129.6
139,test,coding,190,B,512,1.0,8.67e-05,8641.6
139,test,coding,190,B,1024,1.0,8.67e-05,8659.3
139,test,coding,190,B,2048,1.0,8.67e-05,3688.7
139,test,coding,190,B,4096,1.0,8.67e-05,3780.6
139,test,coding,190,C,512,1.0,0.0001007,1710.7
139,test,coding,190,C,1024,1.0,7.49e-05,1254.1
139,test,coding,190,C,2048,1.0,4.07e-05,660.2
139,test,coding,190,C,4096,1.0,4.07e-05,529.7
139,test,coding,190,D,512,0.0,0.0001412,5649.5
139,test,coding,190,D,1024,1.0,0.000139,5237.0
139,test,coding,190,D,2048,1.0,0.0001609,7097.1
139,test,coding,190,D,4096,1.0,8.52e-05,3694.7
139,test,coding,190,E,512,1.0,0.0004761,9914.9
139,test,coding,190,E,1024,1.0,0.0005047,3057.9
139,test,coding,190,E,2048,1.0,0.0005047,3031.4
139,test,coding,190,E,4096,1.0,0.0005047,2872.3
140,train,math_comp,88,A,512,1.0,0.0001053,3689.8
140,train,math_comp,88,A,1024,1.0,0.0001123,3899.4
140,train,math_comp,88,A,2048,1.0,0.0001123,3901.5
140,train,math_comp,88,A,4096,1.0,8.51e-05,2291.5
140,train,math_comp,88,B,512,1.0,0.0001753,8089.4
140,train,math_comp,88,B,1024,1.0,0.0001929,14184.3
140,train,math_comp,88,B,2048,1.0,0.0001906,8877.3
140,train,math_comp,88,B,4096,1.0,0.0001906,9173.1
140,train,math_comp,88,C,512,1.0,6.58e-05,1769.4
140,train,math_comp,88,C,1024,1.0,0.0001076,1869.6
140,train,math_comp,88,C,2048,1.0,5.7e-05,1279.3
140,train,math_comp,88,C,4096,1.0,6.6e-05,1336.7
140,train,math_comp,88,D,512,1.0,3.12e-05,3539.8
140,train,math_comp,88,D,1024,1.0,2.62e-05,2882.3
140,train,math_comp,88,D,2048,1.0,6.54e-05,5529.7
140,train,math_comp,88,D,4096,1.0,2.82e-05,2513.1
140,train,math_comp,88,E,512,1.0,0.0005307,3981.2
140,train,math_comp,88,E,1024,1.0,0.0004647,3983.8
140,train,math_comp,88,E,2048,1.0,0.0005142,4092.0
140,train,math_comp,88,E,4096,1.0,0.0005494,4374.6
141,train,coding,150,A,512,1.0,5.38e-05,1814.2
141,train,coding,150,A,1024,1.0,6.83e-05,1681.8
141,train,coding,150,A,2048,1.0,5.73e-05,1403.2
141,train,coding,150,A,4096,1.0,5.11e-05,1711.6
141,train,coding,150,B,512,1.0,8.81e-05,5216.3
141,train,coding,150,B,1024,1.0,8.81e-05,8768.2
141,train,coding,150,B,2048,1.0,8.77e-05,3848.5
141,train,coding,150,B,4096,1.0,8.76e-05,16872.0
141,train,coding,150,C,512,0.0,0.000114,2221.0
141,train,coding,150,C,1024,1.0,4.4e-05,844.6
141,train,coding,150,C,2048,1.0,0.0001284,2401.9
141,train,coding,150,C,4096,1.0,0.0001212,2098.7
141,train,coding,150,D,512,0.0,0.000138,3595.1
141,train,coding,150,D,1024,1.0,4e-05,3817.1
141,train,coding,150,D,2048,1.0,0.000371,14945.1
141,train,coding,150,D,4096,1.0,0.0002105,5692.8
141,train,coding,150,E,512,0.0,0.0006082,4873.2
141,train,coding,150,E,1024,1.0,0.0007427,2469.5
141,train,coding,150,E,2048,1.0,0.0006709,4771.5
141,train,coding,150,E,4096,1.0,0.0006434,9529.2
142,train,coding,146,A,512,1.0,4.41e-05,1048.3
142,train,coding,146,A,1024,1.0,4.41e-05,1035.7
142,train,coding,146,A,2048,1.0,4.41e-05,1112.1
142,train,coding,146,A,4096,1.0,4.48e-05,1442.0
142,train,coding,146,B,512,1.0,6.11e-05,8068.3
142,train,coding,146,B,1024,1.0,6.11e-05,2621.1
142,train,coding,146,B,2048,1.0,6.11e-05,2546.2
142,train,coding,146,B,4096,1.0,6.11e-05,2426.3
142,train,coding,146,C,512,1.0,2.77e-05,523.4
142,train,coding,146,C,1024,1.0,2.77e-05,453.8
142,train,coding,146,C,2048,1.0,2.77e-05,644.1
142,train,coding,146,C,4096,1.0,0.0001327,2282.4
142,train,coding,146,D,512,1.0,2.96e-05,1801.9
142,train,coding,146,D,1024,1.0,0.0001143,3858.8
142,train,coding,146,D,2048,1.0,0.0001566,7301.1
142,train,coding,146,D,4096,1.0,0.0001143,3810.3
142,train,coding,146,E,512,1.0,0.0005256,1820.0
142,train,coding,146,E,1024,1.0,0.0006914,10235.3
142,train,coding,146,E,2048,1.0,0.0007992,6466.0
142,train,coding,146,E,4096,1.0,0.0005066,3696.1
143,test,math_comp,104,A,512,1.0,6.15e-05,1460.7
143,test,math_comp,104,A,1024,1.0,6.22e-05,1443.9
143,test,math_comp,104,A,2048,1.0,5.92e-05,2208.4
143,test,math_comp,104,A,4096,1.0,5.92e-05,2183.9
143,test,math_comp,104,B,512,1.0,0.0001994,9585.1
143,test,math_comp,104,B,1024,1.0,0.0001981,9556.2
143,test,math_comp,104,B,2048,1.0,0.0002048,15023.9
143,test,math_comp,104,B,4096,1.0,0.0001994,14744.0
143,test,math_comp,104,C,512,1.0,6.3e-05,1175.7
143,test,math_comp,104,C,1024,1.0,6.3e-05,1144.5
143,test,math_comp,104,C,2048,1.0,1.56e-05,456.9
143,test,math_comp,104,C,4096,1.0,0.0001142,1926.2
143,test,math_comp,104,D,512,1.0,2.75e-05,2126.2
143,test,math_comp,104,D,1024,1.0,6.82e-05,3682.4
143,test,math_comp,104,D,2048,1.0,7.62e-05,6382.0
143,test,math_comp,104,D,4096,1.0,7.42e-05,4038.1
143,test,math_comp,104,E,512,1.0,0.0005528,4385.7
143,test,math_comp,104,E,1024,1.0,0.0004761,1644.1
143,test,math_comp,104,E,2048,1.0,0.0005198,3151.0
143,test,math_comp,104,E,4096,1.0,0.0005198,3026.2
144,test,math_comp,159,A,512,0.0,0.0001376,5034.4
144,test,math_comp,159,A,1024,1.0,0.0001956,4865.6
144,test,math_comp,159,A,2048,1.0,0.0002268,5763.9
144,test,math_comp,159,A,4096,0.0,0.0010336,28615.9
144,test,math_comp,159,B,512,0.0,0.0002422,36294.3
144,test,math_comp,159,B,1024,1.0,0.000373,17029.4
144,test,math_comp,159,B,2048,1.0,0.0003722,134272.0
144,test,math_comp,159,B,4096,1.0,0.0003722,133866.8
144,test,math_comp,159,C,512,0.0,0.0001151,1883.4
144,test,math_comp,159,C,1024,0.0,0.0002175,2758.9
144,test,math_comp,159,C,2048,0.0,0.0004223,5872.9
144,test,math_comp,159,C,4096,0.0,0.0008319,13992.5
144,test,math_comp,159,D,512,0.0,0.0001398,18666.9
144,test,math_comp,159,D,1024,0.0,0.0002678,12208.5
144,test,math_comp,159,D,2048,0.0,0.0005238,118331.6
144,test,math_comp,159,D,4096,0.0,0.0010358,65238.6
144,test,math_comp,159,E,512,0.0,0.0006136,1418.2
144,test,math_comp,159,E,1024,0.0,0.0011768,3056.9
144,test,math_comp,159,E,2048,0.0,0.0023029,19240.4
144,test,math_comp,159,E,4096,0.0,0.004556,13268.3
145,test,math_olympiad,445,A,512,0.0,0.0001547,3629.4
145,test,math_olympiad,445,A,1024,0.0,0.0002827,7041.6
145,test,math_olympiad,445,A,2048,0.0,0.0005387,14003.6
145,test,math_olympiad,445,A,4096,0.0,0.0010507,29042.8
145,test,math_olympiad,445,B,512,0.0,0.0002668,14039.0
145,test,math_olympiad,445,B,1024,0.0,0.0004971,67276.8
145,test,math_olympiad,445,B,2048,0.0,0.0007582,44429.7
145,test,math_olympiad,445,B,4096,0.0,0.0009284,128088.5
145,test,math_olympiad,445,C,512,0.0,0.0001394,2402.2
145,test,math_olympiad,445,C,1024,0.0,0.0002418,4829.2
145,test,math_olympiad,445,C,2048,0.0,0.0004466,10107.6
145,test,math_olympiad,445,C,4096,0.0,0.000127,1765.3
145,test,math_olympiad,445,D,512,0.0,0.0001606,7406.5
145,test,math_olympiad,445,D,1024,0.0,0.0002886,16959.8
145,test,math_olympiad,445,D,2048,0.0,0.0005446,29283.9
145,test,math_olympiad,445,D,4096,1.0,0.000837,39486.2
145,test,math_olympiad,445,E,512,0.0,0.0006967,2267.4
145,test,math_olympiad,445,E,1024,0.0,0.0012596,18399.8
145,test,math_olympiad,445,E,2048,0.0,0.0023863,10993.4
145,test,math_olympiad,445,E,4096,0.0,0.0046391,18243.7
146,train,coding,159,A,512,1.0,4.7e-05,1295.5
146,train,coding,159,A,1024,1.0,4.65e-05,1215.3
146,train,coding,159,A,2048,1.0,4.7e-05,1225.5
146,train,coding,159,A,4096,1.0,4.7e-05,1365.1
146,train,coding,159,B,512,1.0,7.7e-05,3518.4
146,train,coding,159,B,1024,1.0,7.97e-05,3638.9
146,train,coding,159,B,2048,1.0,7.7e-05,8776.6
146,train,coding,159,B,4096,1.0,7.7e-05,3527.7
146,train,coding,159,C,512,0.0,0.0001155,1759.1
146,train,coding,159,C,1024,1.0,4.07e-05,602.3
146,train,coding,159,C,2048,0.0,0.0004227,7198.3
146,train,coding,159,C,4096,1.0,4.07e-05,708.7
146,train,coding,159,D,512,1.0,4.9e-05,3393.0
146,train,coding,159,D,1024,1.0,4.63e-05,3174.6
146,train,coding,159,D,2048,1.0,4.2e-05,2804.2
146,train,coding,159,D,4096,1.0,4.73e-05,3211.5
146,train,coding,159,E,512,0.0,0.0006127,5202.5
146,train,coding,159,E,1024,0.0,0.0011759,5632.7
146,train,coding,159,E,2048,0.0,0.0023023,10627.8
146,train,coding,159,E,4096,1.0,0.0012917,4474.9
147,train,multihop_qa,2971,A,512,0.04545,0.0003072,4060.0
147,train,multihop_qa,2971,A,1024,0.0,0.0004352,7886.3
147,train,multihop_qa,2971,A,2048,0.125,0.0006912,14974.7
147,train,multihop_qa,2971,A,4096,0.08,0.0012032,29237.1
147,train,multihop_qa,2971,B,512,0.5,0.0003154,42857.4
147,train,multihop_qa,2971,B,1024,0.5,0.0003176,43446.0
147,train,multihop_qa,2971,B,2048,0.5,0.0003683,7458.6
147,train,multihop_qa,2971,B,4096,0.5,0.0003337,5438.9
147,train,multihop_qa,2971,C,512,0.85714,0.0002397,595.7
147,train,multihop_qa,2971,C,1024,0.85714,0.0002397,545.3
147,train,multihop_qa,2971,C,2048,0.85714,0.0002397,687.2
147,train,multihop_qa,2971,C,4096,0.0,0.0010581,12862.7
147,train,multihop_qa,2971,D,512,0.0,0.0003479,7690.2
147,train,multihop_qa,2971,D,1024,0.0,0.0004759,13057.6
147,train,multihop_qa,2971,D,2048,1.0,0.0004164,10369.4
147,train,multihop_qa,2971,D,4096,1.0,0.0007714,30168.1
147,train,multihop_qa,2971,E,512,0.0,0.0014353,3026.9
147,train,multihop_qa,2971,E,1024,0.0,0.0019982,18730.6
147,train,multihop_qa,2971,E,2048,1.0,0.0030842,8574.2
147,train,multihop_qa,2971,E,4096,1.0,0.003313,9464.9
148,train,knowledge,501,A,512,0.0,0.0001591,4320.1
148,train,knowledge,501,A,1024,0.0,0.0002871,7251.5
148,train,knowledge,501,A,2048,0.0,0.0005431,14324.5
148,train,knowledge,501,A,4096,0.0,0.0010551,43565.3
148,train,knowledge,501,B,512,0.0,0.0002715,20908.2
148,train,knowledge,501,B,1024,0.0,0.0005019,35052.7
148,train,knowledge,501,B,2048,0.0,0.0006946,159921.3
148,train,knowledge,501,B,4096,0.0,0.0005307,38849.1
148,train,knowledge,501,C,512,0.0,0.0001077,1317.6
148,train,knowledge,501,C,1024,0.0,0.0002427,3460.1
148,train,knowledge,501,C,2048,0.0,0.0003847,5587.0
148,train,knowledge,501,C,4096,0.0,0.0001087,1466.2
148,train,knowledge,501,D,512,0.0,0.0001656,10140.8
148,train,knowledge,501,D,1024,0.0,9.46e-05,5413.8
148,train,knowledge,501,D,2048,0.0,0.0005496,29463.6
148,train,knowledge,501,D,4096,0.0,8.78e-05,10029.5
148,train,knowledge,501,E,512,0.0,0.0007045,1929.8
148,train,knowledge,501,E,1024,0.0,0.0012677,3758.5
148,train,knowledge,501,E,2048,0.0,0.0023938,18542.9
148,train,knowledge,501,E,4096,0.0,0.0046466,84082.7
149,train,multihop_qa,2345,A,512,0.0,0.0002722,4592.6
149,train,multihop_qa,2345,A,1024,0.0,0.0004002,10921.6
149,train,multihop_qa,2345,A,2048,0.0,0.0006562,14588.7
149,train,multihop_qa,2345,A,4096,0.0,0.0011682,28520.4
149,train,multihop_qa,2345,B,512,1.0,0.0002816,5564.9
149,train,multihop_qa,2345,B,1024,1.0,0.0002721,4697.9
149,train,multihop_qa,2345,B,2048,1.0,0.0002568,3934.0
149,train,multihop_qa,2345,B,4096,1.0,0.0002735,5019.5
149,train,multihop_qa,2345,C,512,0.0,0.0002918,1657.2
149,train,multihop_qa,2345,C,1024,1.0,0.0001904,611.2
149,train,multihop_qa,2345,C,2048,0.0,0.0001904,602.1
149,train,multihop_qa,2345,C,4096,1.0,0.0001904,662.7
149,train,multihop_qa,2345,D,512,1.0,0.0002104,3026.3
149,train,multihop_qa,2345,D,1024,0.0,0.0004319,14120.3
149,train,multihop_qa,2345,D,2048,1.0,0.0002114,3383.6
149,train,multihop_qa,2345,D,4096,0.0,0.0011999,58778.2
149,train,multihop_qa,2345,E,512,0.0,0.0012472,4562.2
149,train,multihop_qa,2345,E,1024,0.0,0.0018104,8526.3
149,train,multihop_qa,2345,E,2048,0.0,0.0029371,7346.7
149,train,multihop_qa,2345,E,4096,0.0,0.0051899,15007.7
150,train,knowledge,279,A,512,0.0,0.0001459,3691.9
150,train,knowledge,279,A,1024,0.0,0.0002739,7181.2
150,train,knowledge,279,A,2048,0.0,0.0005299,14145.6
150,train,knowledge,279,A,4096,0.0,0.0010419,28233.7
150,train,knowledge,279,B,512,0.0,0.0002543,12885.2
150,train,knowledge,279,B,1024,0.0,0.0004847,26814.7
150,train,knowledge,279,B,2048,0.0,0.0008408,164295.5
150,train,knowledge,279,B,4096,1.0,0.0006467,34196.8
150,train,knowledge,279,C,512,0.0,4.54e-05,819.2
150,train,knowledge,279,C,1024,0.0,0.0002262,3863.6
150,train,knowledge,279,C,2048,0.0,0.000431,8191.6
150,train,knowledge,279,C,4096,0.0,0.0008406,15285.2
150,train,knowledge,279,D,512,0.0,0.0001489,9577.2
150,train,knowledge,279,D,1024,0.0,0.0002769,11115.7
150,train,knowledge,279,D,2048,0.0,0.0005329,20669.8
150,train,knowledge,279,D,4096,1.0,0.0003664,64841.4
150,train,knowledge,279,E,512,0.0,0.0006424,9750.9
150,train,knowledge,279,E,1024,0.0,0.0012059,4695.8
150,train,knowledge,279,E,2048,0.0,0.002332,19006.3
150,train,knowledge,279,E,4096,0.0,0.0045848,30819.5
151,train,math_comp,118,A,512,1.0,0.0001092,2838.4
151,train,math_comp,118,A,1024,1.0,0.0001094,4034.6
151,train,math_comp,118,A,2048,1.0,0.0001094,4546.6
151,train,math_comp,118,A,4096,1.0,0.0001089,2911.9
151,train,math_comp,118,B,512,1.0,0.000171,8584.4
151,train,math_comp,118,B,1024,1.0,0.000171,8485.5
151,train,math_comp,118,B,2048,1.0,0.0002098,31927.6
151,train,math_comp,118,B,4096,1.0,0.0002098,32266.9
151,train,math_comp,118,C,512,1.0,9.48e-05,1181.9
151,train,math_comp,118,C,1024,1.0,0.0001626,1596.5
151,train,math_comp,118,C,2048,1.0,9.74e-05,1223.9
151,train,math_comp,118,C,4096,1.0,0.0002452,3899.3
151,train,math_comp,118,D,512,1.0,3.56e-05,4511.1
151,train,math_comp,118,D,1024,1.0,0.0001584,9168.0
151,train,math_comp,118,D,2048,1.0,0.0002154,8321.3
151,train,math_comp,118,D,4096,1.0,0.0001591,8550.2
151,train,math_comp,118,E,512,0.0,0.000601,3463.3
151,train,math_comp,118,E,1024,1.0,0.0011392,3568.2
151,train,math_comp,118,E,2048,1.0,0.0009599,2135.6
151,train,math_comp,118,E,4096,1.0,0.001074,18683.2
152,train,multihop_qa,2150,A,512,0.1,0.000261,5555.0
152,train,multihop_qa,2150,A,1024,0.25,0.000365,6675.5
152,train,multihop_qa,2150,A,2048,0.25,0.0003042,7119.0
152,train,multihop_qa,2150,A,4096,0.25,0.000287,4486.9
152,train,multihop_qa,2150,B,512,0.33333,0.0001952,2040.1
152,train,multihop_qa,2150,B,1024,0.33333,0.0001952,8961.4
152,train,multihop_qa,2150,B,2048,0.33333,0.0001943,1672.2
152,train,multihop_qa,2150,B,4096,0.33333,0.0001952,9512.9
152,train,multihop_qa,2150,C,512,0.0,0.0002813,2400.7
152,train,multihop_qa,2150,C,1024,0.25,0.0003303,2573.9
152,train,multihop_qa,2150,C,2048,0.33333,0.0001799,428.7
152,train,multihop_qa,2150,C,4096,0.33333,0.0001799,332.1
152,train,multihop_qa,2150,D,512,0.5,0.0002145,9498.2
152,train,multihop_qa,2150,D,1024,0.5,0.0002082,3831.1
152,train,multihop_qa,2150,D,2048,0.54545,0.0001767,13885.5
152,train,multihop_qa,2150,D,4096,0.5,0.000208,2996.4
152,train,multihop_qa,2150,E,512,0.25,0.0011385,10194.8
152,train,multihop_qa,2150,E,1024,0.25,0.001133,4368.3
152,train,multihop_qa,2150,E,2048,0.25,0.001064,1648.8
152,train,multihop_qa,2150,E,4096,0.25,0.0011044,3534.4
153,train,coding,241,A,512,1.0,0.0001051,2627.4
153,train,coding,241,A,1024,1.0,0.0001611,4070.5
153,train,coding,241,A,2048,1.0,0.0001046,3639.8
153,train,coding,241,A,4096,1.0,0.0001046,3676.1
153,train,coding,241,B,512,1.0,0.0001161,5077.9
153,train,coding,241,B,1024,1.0,0.0001158,29473.5
153,train,coding,241,B,2048,1.0,0.0001161,5200.2
153,train,coding,241,B,4096,1.0,0.0001161,10573.3
153,train,coding,241,C,512,1.0,6.33e-05,634.2
153,train,coding,241,C,1024,0.0,0.0002241,4709.8
153,train,coding,241,C,2048,1.0,6.33e-05,679.4
153,train,coding,241,C,4096,0.0,8.77e-05,1060.9
153,train,coding,241,D,512,0.0,0.0001448,6825.4
153,train,coding,241,D,1024,0.0,0.0002728,15260.6
153,train,coding,241,D,2048,0.0,3.53e-05,1522.9
153,train,coding,241,D,4096,1.0,0.0007975,29865.6
153,train,coding,241,E,512,0.0,0.0006331,5070.1
153,train,coding,241,E,1024,0.0,0.0011963,9563.7
153,train,coding,241,E,2048,0.0,0.0023227,17782.9
153,train,coding,241,E,4096,0.0,0.0018885,7301.4
154,train,math_comp,78,A,512,0.0,0.0001326,3516.1
154,train,math_comp,78,A,1024,1.0,0.0001259,5289.8
154,train,math_comp,78,A,2048,1.0,0.0001894,5078.1
154,train,math_comp,78,A,4096,1.0,0.0001496,4127.5
154,train,math_comp,78,B,512,0.0,0.0002365,34013.2
154,train,math_comp,78,B,1024,1.0,0.0002706,14121.1
154,train,math_comp,78,B,2048,1.0,0.0003115,16632.2
154,train,math_comp,78,B,4096,1.0,0.0003107,42002.2
154,train,math_comp,78,C,512,0.0,0.000109,1308.1
154,train,math_comp,78,C,1024,1.0,0.0001298,1436.9
154,train,math_comp,78,C,2048,1.0,0.0001868,2117.0
154,train,math_comp,78,C,4096,1.0,0.0001378,1660.9
154,train,math_comp,78,D,512,0.0,0.0001335,6403.0
154,train,math_comp,78,D,1024,1.0,3.45e-05,5022.0
154,train,math_comp,78,D,2048,1.0,0.0001797,8113.4
154,train,math_comp,78,D,4096,1.0,3.22e-05,4512.7
154,train,math_comp,78,E,512,0.0,0.0005893,4977.3
154,train,math_comp,78,E,1024,0.0,0.0011525,9513.8
154,train,math_comp,78,E,2048,1.0,0.0008786,7209.4
154,train,math_comp,78,E,4096,1.0,0.0008624,2471.0
155,train,coding,202,A,512,1.0,8.24e-05,1979.8
155,train,coding,202,A,1024,1.0,8.27e-05,2073.6
155,train,coding,202,A,2048,1.0,8.37e-05,2335.0
155,train,coding,202,A,4096,1.0,8.19e-05,2832.4
155,train,coding,202,B,512,1.0,0.0001352,24815.2
155,train,coding,202,B,1024,1.0,0.000127,6550.2
155,train,coding,202,B,2048,1.0,0.0001352,23885.6
155,train,coding,202,B,4096,1.0,0.0001356,7426.9
155,train,coding,202,C,512,1.0,6.6e-05,861.4
155,train,coding,202,C,1024,0.0,0.0002206,4052.2
155,train,coding,202,C,2048,1.0,5.54e-05,552.7
155,train,coding,202,C,4096,1.0,5.52e-05,660.0
155,train,coding,202,D,512,0.0,0.0001423,6900.9
155,train,coding,202,D,1024,0.0,0.0002703,11193.4
155,train,coding,202,D,2048,1.0,0.0003363,12401.7
155,train,coding,202,D,4096,1.0,0.0001791,7757.0
155,train,coding,202,E,512,0.0,0.0006247,4943.3
155,train,coding,202,E,1024,1.0,0.0009833,7572.9
155,train,coding,202,E,2048,1.0,0.0011857,9536.4
155,train,coding,202,E,4096,1.0,0.0010141,7669.1
156,test,math_olympiad,122,A,512,0.0,0.0001353,3484.3
156,test,math_olympiad,122,A,1024,0.0,0.0002633,6900.6
156,test,math_olympiad,122,A,2048,0.0,0.0005193,20247.4
156,test,math_olympiad,122,A,4096,0.0,0.0010313,27736.6
156,test,math_olympiad,122,B,512,0.0,0.0002402,19379.2
156,test,math_olympiad,122,B,1024,0.0,0.0004702,62481.3
156,test,math_olympiad,122,B,2048,0.0,0.0005759,43246.2
156,test,math_olympiad,122,B,4096,0.0,0.0005152,67661.4
156,test,math_olympiad,122,C,512,0.0,0.0001125,2569.1
156,test,math_olympiad,122,C,1024,0.0,0.0002149,4173.5
156,test,math_olympiad,122,C,2048,0.0,0.0004197,11218.8
156,test,math_olympiad,122,C,4096,0.0,0.0008293,14563.3
156,test,math_olympiad,122,D,512,0.0,0.0001367,8397.2
156,test,math_olympiad,122,D,1024,0.0,0.0002647,16729.5
156,test,math_olympiad,122,D,2048,0.0,0.0005207,27952.8
156,test,math_olympiad,122,D,4096,0.0,0.0010327,60877.5
156,test,math_olympiad,122,E,512,0.0,0.0006013,11612.6
156,test,math_olympiad,122,E,1024,0.0,0.0011645,7532.7
156,test,math_olympiad,122,E,2048,0.0,0.0022912,7898.4
156,test,math_olympiad,122,E,4096,0.0,0.0045437,38296.5
157,train,math_comp,198,A,512,0.0,0.0001399,5188.8
157,train,math_comp,198,A,1024,0.0,0.0002679,7401.8
157,train,math_comp,198,A,2048,0.0,0.0003901,10531.1
157,train,math_comp,198,A,4096,0.0,0.0010359,29061.9
157,train,math_comp,198,B,512,0.0,0.0002462,52155.2
157,train,math_comp,198,B,1024,0.0,0.0004766,62294.6
157,train,math_comp,198,B,2048,1.0,0.0008334,42929.1
157,train,math_comp,198,B,4096,1.0,0.0007421,89340.7
157,train,math_comp,198,C,512,0.0,0.0001183,2094.2
157,train,math_comp,198,C,1024,0.0,0.0002207,4303.4
157,train,math_comp,198,C,2048,0.0,0.0004255,9270.7
157,train,math_comp,198,C,4096,0.0,0.0008351,18836.5
157,train,math_comp,198,D,512,0.0,0.0001424,7484.1
157,train,math_comp,198,D,1024,0.0,0.0002704,27343.0
157,train,math_comp,198,D,2048,0.0,1.81e-05,836.8
157,train,math_comp,198,D,4096,0.0,3.76e-05,2145.8
157,train,math_comp,198,E,512,0.0,0.0006232,1877.6
157,train,math_comp,198,E,1024,0.0,0.0011861,9995.5
157,train,math_comp,198,E,2048,0.0,0.0023125,35303.4
157,train,math_comp,198,E,4096,0.0,0.0045653,37760.7
158,test,math_comp,81,A,512,0.0,0.0001329,3589.4
158,test,math_comp,81,A,1024,1.0,0.0002071,5667.4
158,test,math_comp,81,A,2048,1.0,0.0001826,5039.1
158,test,math_comp,81,A,4096,0.0,0.0010289,29292.7
158,test,math_comp,81,B,512,0.0,0.0002364,32175.3
158,test,math_comp,81,B,1024,0.0,0.0004668,60028.8
158,test,math_comp,81,B,2048,1.0,0.0005774,29688.6
158,test,math_comp,81,B,4096,1.0,0.0005301,27451.8
158,test,math_comp,81,C,512,0.0,0.0001089,2713.4
158,test,math_comp,81,C,1024,0.0,0.0002113,4898.3
158,test,math_comp,81,C,2048,1.0,0.0001109,1617.0
158,test,math_comp,81,C,4096,1.0,0.0003727,8425.5
158,test,math_comp,81,D,512,0.0,0.0001338,10404.8
158,test,math_comp,81,D,1024,1.0,0.000158,11148.6
158,test,math_comp,81,D,2048,1.0,0.0001933,11483.2
158,test,math_comp,81,D,4096,1.0,0.0002085,10334.3
158,test,math_comp,81,E,512,0.0,0.0005908,1485.2
158,test,math_comp,81,E,1024,1.0,0.0008545,5437.4
158,test,math_comp,81,E,2048,1.0,0.0007932,2168.3
158,test,math_comp,81,E,4096,1.0,0.0007932,2061.9
159,test,multihop_qa,1919,A,512,0.66667,0.0002434,3876.7
159,test,multihop_qa,1919,A,1024,0.05263,0.0003714,8242.6
159,test,multihop_qa,1919,A,2048,0.66667,0.0002834,5152.7
159,test,multihop_qa,1919,A,4096,0.66667,0.0002361,3837.6
159,test,multihop_qa,1919,B,512,0.0,0.0001836,1765.9
159,test,multihop_qa,1919,B,1024,0.0,0.0001777,8891.1
159,test,multihop_qa,1919,B,2048,0.0,0.0001777,2048.6
159,test,multihop_qa,1919,B,4096,0.0,0.0001777,1900.6
159,test,multihop_qa,1919,C,512,0.66667,0.0001543,931.3
159,test,multihop_qa,1919,C,1024,0.66667,0.0001543,1414.2
159,test,multihop_qa,1919,C,2048,0.66667,0.0001543,1062.5
159,test,multihop_qa,1919,C,4096,0.66667,0.0001543,860.1
159,test,multihop_qa,1919,D,512,0.0,0.0001687,6501.1
159,test,multihop_qa,1919,D,1024,0.0,0.0001732,4778.2
159,test,multihop_qa,1919,D,2048,0.0,0.0001537,1639.3
159,test,multihop_qa,1919,D,4096,0.0,0.0001702,7773.1
159,test,multihop_qa,1919,E,512,0.0,0.0011209,3868.5
159,test,multihop_qa,1919,E,1024,0.0,0.0012015,2696.8
159,test,multihop_qa,1919,E,2048,0.0,0.0011495,4228.2
159,test,multihop_qa,1919,E,4096,0.0,0.0010618,2419.8
160,train,knowledge,2163,A,512,0.0,0.0002643,5380.1
160,train,knowledge,2163,A,1024,0.0,0.0003923,7496.4
160,train,knowledge,2163,A,2048,0.0,0.0006483,14146.0
160,train,knowledge,2163,A,4096,0.0,0.0002698,5537.1
160,train,knowledge,2163,B,512,0.0,0.0004034,12074.7
160,train,knowledge,2163,B,1024,0.0,0.0006185,27271.0
160,train,knowledge,2163,B,2048,0.0,0.000425,13140.8
160,train,knowledge,2163,B,4096,0.0,0.0006113,21189.4
160,train,knowledge,2163,C,512,0.0,0.0002694,2806.8
160,train,knowledge,2163,C,1024,0.0,0.0003718,4863.0
160,train,knowledge,2163,C,2048,0.0,0.0005766,9824.4
160,train,knowledge,2163,C,4096,0.0,0.0009862,19705.3
160,train,knowledge,2163,D,512,0.0,0.0002972,15337.3
160,train,knowledge,2163,D,1024,0.0,0.0004252,27055.6
160,train,knowledge,2163,D,2048,0.0,0.0006812,16241.4
160,train,knowledge,2163,D,4096,0.0,0.0011932,30635.4
160,train,knowledge,2163,E,512,0.0,0.0011917,7158.7
160,train,knowledge,2163,E,1024,0.0,0.0017549,15601.5
160,train,knowledge,2163,E,2048,0.0,0.0028816,4952.6
160,train,knowledge,2163,E,4096,0.0,0.0051344,9188.9
161,train,multihop_qa,3024,A,512,0.04324,0.0003115,5478.5
161,train,multihop_qa,3024,A,1024,0.0,0.0004395,10826.9
161,train,multihop_qa,3024,A,2048,0.0,0.0006955,12444.6
161,train,multihop_qa,3024,A,4096,0.72727,0.0009728,33358.8
161,train,multihop_qa,3024,B,512,0.0,0.0002775,2497.7
161,train,multihop_qa,3024,B,1024,0.0,0.0002978,8294.8
161,train,multihop_qa,3024,B,2048,0.44444,0.0003094,3905.5
161,train,multihop_qa,3024,B,4096,0.5,0.0003,3157.5
161,train,multihop_qa,3024,C,512,0.0,0.0002494,456.6
161,train,multihop_qa,3024,C,1024,0.0,0.0004514,5305.9
161,train,multihop_qa,3024,C,2048,0.0,0.0002472,310.3
161,train,multihop_qa,3024,C,4096,0.08451,0.000267,585.2
161,train,multihop_qa,3024,D,512,0.83333,0.0003249,10331.0
161,train,multihop_qa,3024,D,1024,0.55556,0.0003249,3496.7
161,train,multihop_qa,3024,D,2048,0.44444,0.0002379,15477.8
161,train,multihop_qa,3024,D,4096,0.83333,0.0003211,9488.3
161,train,multihop_qa,3024,E,512,0.0,0.0014596,4280.7
161,train,multihop_qa,3024,E,1024,0.44444,0.0016557,2662.4
161,train,multihop_qa,3024,E,2048,0.45455,0.0017038,7276.6
161,train,multihop_qa,3024,E,4096,0.52632,0.0018721,8499.3
162,train,knowledge,683,A,512,1.0,7.74e-05,993.5
162,train,knowledge,683,A,1024,1.0,0.0001339,2399.1
162,train,knowledge,683,A,2048,1.0,0.0001401,2452.4
162,train,knowledge,683,A,4096,1.0,0.0001439,2645.1
162,train,knowledge,683,B,512,0.0,0.0002862,11130.4
162,train,knowledge,683,B,1024,0.0,0.0005162,25983.0
162,train,knowledge,683,B,2048,0.0,0.0006296,28710.6
162,train,knowledge,683,B,4096,0.0,0.00054,27875.9
162,train,knowledge,683,C,512,0.0,0.0001537,1888.7
162,train,knowledge,683,C,1024,0.0,0.0002561,3741.6
162,train,knowledge,683,C,2048,0.0,0.0004609,7619.7
162,train,knowledge,683,C,4096,0.0,0.0008705,14063.4
162,train,knowledge,683,D,512,0.0,0.0001792,14691.1
162,train,knowledge,683,D,1024,0.0,0.0003072,13718.3
162,train,knowledge,683,D,2048,0.0,0.0005632,42623.5
162,train,knowledge,683,D,4096,1.0,0.000794,55729.4
162,train,knowledge,683,E,512,0.0,0.0007558,4433.7
162,train,knowledge,683,E,1024,0.0,0.0013193,4307.2
162,train,knowledge,683,E,2048,0.0,0.0024457,8707.4
162,train,knowledge,683,E,4096,1.0,0.0022081,7830.9
163,test,coding,172,A,512,1.0,5.83e-05,2202.8
163,test,coding,172,A,1024,1.0,5.83e-05,1215.3
163,test,coding,172,A,2048,1.0,5.83e-05,1298.3
163,test,coding,172,A,4096,1.0,5.83e-05,1344.2
163,test,coding,172,B,512,1.0,8.61e-05,3833.0
163,test,coding,172,B,1024,1.0,8.53e-05,12621.8
163,test,coding,172,B,2048,1.0,8.53e-05,26275.5
163,test,coding,172,B,4096,1.0,8.53e-05,8242.6
163,test,coding,172,C,512,1.0,4.08e-05,432.4
163,test,coding,172,C,1024,1.0,4.08e-05,379.8
163,test,coding,172,C,2048,1.0,0.000188,3063.3
163,test,coding,172,C,4096,1.0,4.08e-05,439.4
163,test,coding,172,D,512,1.0,9.28e-05,7257.9
163,test,coding,172,D,1024,1.0,0.0001323,9189.4
163,test,coding,172,D,2048,1.0,0.0001058,19101.3
163,test,coding,172,D,4096,1.0,0.000153,9024.8
163,test,coding,172,E,512,1.0,0.0005539,2658.8
163,test,coding,172,E,1024,1.0,0.0007189,10940.1
163,test,coding,172,E,2048,1.0,0.0005718,1874.2
163,test,coding,172,E,4096,1.0,0.0007368,2429.6
164,test,multihop_qa,3715,A,512,0.0,0.0003544,3469.4
164,test,multihop_qa,3715,A,1024,0.16667,0.0004824,6512.5
164,test,multihop_qa,3715,A,2048,1.0,0.0006092,9771.0
164,test,multihop_qa,3715,A,4096,1.0,0.0005752,8960.9
164,test,multihop_qa,3715,B,512,1.0,0.0003251,2070.7
164,test,multihop_qa,3715,B,1024,1.0,0.0003211,1419.3
164,test,multihop_qa,3715,B,2048,1.0,0.0003228,1602.0
164,test,multihop_qa,3715,B,4096,1.0,0.0003207,16261.3
164,test,multihop_qa,3715,C,512,1.0,0.0003103,361.6
164,test,multihop_qa,3715,C,1024,1.0,0.0003103,584.5
164,test,multihop_qa,3715,C,2048,1.0,0.0003103,530.8
164,test,multihop_qa,3715,C,4096,1.0,0.0003103,414.8
164,test,multihop_qa,3715,D,512,1.0,0.0003416,7743.7
164,test,multihop_qa,3715,D,1024,1.0,0.0003326,5816.7
164,test,multihop_qa,3715,D,2048,1.0,0.0003321,6627.3
164,test,multihop_qa,3715,D,4096,1.0,0.0003278,1137.9
164,test,multihop_qa,3715,E,512,1.0,0.0013746,4993.4
164,test,multihop_qa,3715,E,1024,1.0,0.00139,2955.3
164,test,multihop_qa,3715,E,2048,1.0,0.0013265,1098.5
164,test,multihop_qa,3715,E,4096,1.0,0.0013746,2178.8
165,train,knowledge,462,A,512,0.0,0.0001567,5761.6
165,train,knowledge,462,A,1024,1.0,7.4e-05,2579.8
165,train,knowledge,462,A,2048,1.0,0.0001572,5741.9
165,train,knowledge,462,A,4096,1.0,0.000149,5407.6
165,train,knowledge,462,B,512,0.0,0.0002682,12325.3
165,train,knowledge,462,B,1024,0.0,0.0004986,23511.5
165,train,knowledge,462,B,2048,1.0,0.000442,49628.2
165,train,knowledge,462,B,4096,1.0,0.0004222,53868.8
165,train,knowledge,462,C,512,0.0,0.0001369,1878.1
165,train,knowledge,462,C,1024,0.0,0.0002393,4132.1
165,train,knowledge,462,C,2048,0.0,0.0004441,7191.4
165,train,knowledge,462,C,4096,0.0,0.0001317,2383.8
165,train,knowledge,462,D,512,0.0,0.0001627,3838.5
165,train,knowledge,462,D,1024,0.0,0.0002906,22732.9
165,train,knowledge,462,D,2048,0.0,0.0005466,29497.5
165,train,knowledge,462,D,4096,0.0,0.0010587,52456.1
165,train,knowledge,462,E,512,0.0,0.0006844,4761.2
165,train,knowledge,462,E,1024,0.0,0.0012479,4846.4
165,train,knowledge,462,E,2048,0.0,0.0023743,9654.9
165,train,knowledge,462,E,4096,0.0,0.0046268,26643.4
166,train,math_comp,163,A,512,0.0,0.0001379,3084.8
166,train,math_comp,163,A,1024,0.0,0.0002659,6141.1
166,train,math_comp,163,A,2048,0.0,0.0004819,17004.9
166,train,math_comp,163,A,4096,0.0,0.0010339,24990.1
166,train,math_comp,163,B,512,0.0,0.0002434,10856.6
166,train,math_comp,163,B,1024,0.0,0.0004738,21515.7
166,train,math_comp,163,B,2048,0.0,0.0008772,79141.5
166,train,math_comp,163,B,4096,0.0,0.0008518,39972.7
166,train,math_comp,163,C,512,0.0,0.0001153,1447.3
166,train,math_comp,163,C,1024,0.0,0.0002177,2309.2
166,train,math_comp,163,C,2048,0.0,0.0004225,10409.9
166,train,math_comp,163,C,4096,0.0,0.0008321,17599.3
166,train,math_comp,163,D,512,0.0,0.0001398,8044.0
166,train,math_comp,163,D,1024,0.0,0.0002679,12247.5
166,train,math_comp,163,D,2048,0.0,0.0005239,21921.7
166,train,math_comp,163,D,4096,0.0,0.0010241,44717.5
166,train,math_comp,163,E,512,0.0,0.0006151,2182.7
166,train,math_comp,163,E,1024,0.0,0.0011783,4005.1
166,train,math_comp,163,E,2048,0.0,0.0023047,6185.5
166,train,math_comp,163,E,4096,0.0,0.0045572,71598.3
167,train,knowledge,336,A,512,1.0,8.8e-05,2033.0
167,train,knowledge,336,A,1024,1.0,0.0001267,4135.7
167,train,knowledge,336,A,2048,1.0,8.85e-05,1682.1
167,train,knowledge,336,A,4096,1.0,0.000124,4080.4
167,train,knowledge,336,B,512,0.0,0.0002588,12583.0
167,train,knowledge,336,B,1024,0.0,0.0004892,21171.8
167,train,knowledge,336,B,2048,0.0,0.0005283,52761.2
167,train,knowledge,336,B,4096,0.0,0.0006364,34313.8
167,train,knowledge,336,C,512,0.0,0.0001285,2804.9
167,train,knowledge,336,C,1024,0.0,0.0002309,2910.8
167,train,knowledge,336,C,2048,0.0,0.0004357,11155.2
167,train,knowledge,336,C,4096,1.0,9.91e-05,1183.9
167,train,knowledge,336,D,512,0.0,0.0001521,10188.3
167,train,knowledge,336,D,1024,1.0,8.68e-05,6423.3
167,train,knowledge,336,D,2048,1.0,8.31e-05,5988.9
167,train,knowledge,336,D,4096,1.0,0.0006713,43647.6
167,train,knowledge,336,E,512,0.0,0.0006637,5205.7
167,train,knowledge,336,E,1024,0.0,0.0012269,9620.4
167,train,knowledge,336,E,2048,0.0,0.0023536,7177.4
167,train,knowledge,336,E,4096,1.0,0.0017662,5040.4
168,train,math_comp,102,A,512,0.0,0.0001341,3318.2
168,train,math_comp,102,A,1024,0.0,9.29e-05,3469.2
168,train,math_comp,102,A,2048,0.0,0.0005181,18908.6
168,train,math_comp,102,A,4096,0.0,0.0010301,37664.3
168,train,math_comp,102,B,512,0.0,0.0002381,30372.7
168,train,math_comp,102,B,1024,0.0,0.0004688,22662.5
168,train,math_comp,102,B,2048,1.0,0.0006953,82816.4
168,train,math_comp,102,B,4096,0.0,0.0005318,25602.9
168,train,math_comp,102,C,512,0.0,0.0001106,2915.3
168,train,math_comp,102,C,1024,0.0,1.6e-05,232.2
168,train,math_comp,102,C,2048,0.0,1.6e-05,211.3
168,train,math_comp,102,C,4096,0.0,0.0002068,1750.0
168,train,math_comp,102,D,512,0.0,3.26e-05,2157.8
168,train,math_comp,102,D,1024,1.0,5.28e-05,4989.1
168,train,math_comp,102,D,2048,1.0,0.0003151,14667.1
168,train,math_comp,102,D,4096,1.0,0.0003224,15665.3
168,train,math_comp,102,E,512,0.0,0.0005968,8981.4
168,train,math_comp,102,E,1024,0.0,0.0011603,3256.2
168,train,math_comp,102,E,2048,0.0,0.0022864,18760.4
168,train,math_comp,102,E,4096,1.0,0.003272,26798.5
169,test,coding,175,A,512,1.0,5.42e-05,1195.1
169,test,coding,175,A,1024,1.0,5.42e-05,1748.9
169,test,coding,175,A,2048,1.0,5.42e-05,1201.1
169,test,coding,175,A,4096,1.0,5.42e-05,1236.7
169,test,coding,175,B,512,1.0,8.55e-05,6820.4
169,test,coding,175,B,1024,1.0,8.63e-05,5472.1
169,test,coding,175,B,2048,1.0,8.55e-05,12113.5
169,test,coding,175,B,4096,1.0,8.55e-05,6553.5
169,test,coding,175,C,512,0.0,4.84e-05,466.7
169,test,coding,175,C,1024,0.0,4.4e-05,434.9
169,test,coding,175,C,2048,0.0,4.84e-05,333.0
169,test,coding,175,C,4096,1.0,0.00018,3878.1
169,test,coding,175,D,512,1.0,0.0001302,7270.2
169,test,coding,175,D,1024,1.0,0.000115,1802.8
169,test,coding,175,D,2048,1.0,0.000264,11772.6
169,test,coding,175,D,4096,1.0,0.000337,13635.9
169,test,coding,175,E,512,0.0,0.0006169,5066.6
169,test,coding,175,E,1024,1.0,0.0008127,4023.0
169,test,coding,175,E,2048,1.0,0.00075,6019.8
169,test,coding,175,E,4096,1.0,0.000838,4777.5
170,train,multihop_qa,2965,A,512,0.0,0.0003059,3274.5
170,train,multihop_qa,2965,A,1024,0.07843,0.0004339,6353.3
170,train,multihop_qa,2965,A,2048,0.04651,0.0006899,19202.3
170,train,multihop_qa,2965,A,4096,0.66667,0.0006896,13401.1
170,train,multihop_qa,2965,B,512,0.66667,0.0003294,5073.4
170,train,multihop_qa,2965,B,1024,0.66667,0.0003132,3741.6
170,train,multihop_qa,2965,B,2048,0.66667,0.0003312,4640.0
170,train,multihop_qa,2965,B,4096,0.66667,0.0003173,12933.8
170,train,multihop_qa,2965,C,512,0.5,0.0002456,429.6
170,train,multihop_qa,2965,C,1024,0.0,0.000449,5523.4
170,train,multihop_qa,2965,C,2048,0.5,0.0002456,398.7
170,train,multihop_qa,2965,C,4096,0.0,0.0010634,22222.1
170,train,multihop_qa,2965,D,512,0.66667,0.0003438,9113.6
170,train,multihop_qa,2965,D,1024,0.66667,0.0002388,3895.7
170,train,multihop_qa,2965,D,2048,0.66667,0.0003102,4857.8
170,train,multihop_qa,2965,D,4096,0.25,0.0003242,9071.7
170,train,multihop_qa,2965,E,512,0.0,0.0014473,9541.9
170,train,multihop_qa,2965,E,1024,0.0,0.0020105,8760.1
170,train,multihop_qa,2965,E,2048,0.66667,0.0022536,12024.4
170,train,multihop_qa,2965,E,4096,0.66667,0.0022767,10844.5
171,train,knowledge,488,A,512,0.0,0.0001583,3443.2
171,train,knowledge,488,A,1024,0.0,0.0002863,6997.4
171,train,knowledge,488,A,2048,0.0,0.0005423,13974.9
171,train,knowledge,488,A,4096,0.0,0.0010543,30131.4
171,train,knowledge,488,B,512,0.0,0.0002699,11927.6
171,train,knowledge,488,B,1024,0.0,0.0005,80291.1
171,train,knowledge,488,B,2048,0.0,0.0005833,90536.7
171,train,knowledge,488,B,4096,1.0,0.0004405,20930.2
171,train,knowledge,488,C,512,0.0,0.0001392,1909.2
171,train,knowledge,488,C,1024,0.0,0.0002416,2561.9
171,train,knowledge,488,C,2048,1.0,0.0002342,2603.7
171,train,knowledge,488,C,4096,0.0,0.000856,21991.6
171,train,knowledge,488,D,512,0.0,0.0001646,10598.7
171,train,knowledge,488,D,1024,0.0,0.0002926,25465.9
171,train,knowledge,488,D,2048,0.0,0.0001384,21185.0
171,train,knowledge,488,D,4096,0.0,0.0010606,72759.2
171,train,knowledge,488,E,512,0.0,0.0006946,9527.6
171,train,knowledge,488,E,1024,0.0,0.0012578,9654.0
171,train,knowledge,488,E,2048,0.0,0.0023842,36131.3
171,train,knowledge,488,E,4096,0.0,0.0046373,14574.0
172,train,multihop_qa,2072,A,512,0.5,0.0002559,3598.6
172,train,multihop_qa,2072,A,1024,1.0,0.0001872,2455.2
172,train,multihop_qa,2072,A,2048,1.0,0.0001872,2417.6
172,train,multihop_qa,2072,A,4096,1.0,0.0001829,1666.0
172,train,multihop_qa,2072,B,512,1.0,0.0002258,10278.9
172,train,multihop_qa,2072,B,1024,1.0,0.0001917,3933.3
172,train,multihop_qa,2072,B,2048,1.0,0.0001917,11775.6
172,train,multihop_qa,2072,B,4096,1.0,0.0002285,3561.2
172,train,multihop_qa,2072,C,512,0.0,0.0002706,3311.2
172,train,multihop_qa,2072,C,1024,0.0,0.000373,6179.7
172,train,multihop_qa,2072,C,2048,0.4,0.0001688,237.6
172,train,multihop_qa,2072,C,4096,0.4,0.0001688,253.8
172,train,multihop_qa,2072,D,512,1.0,0.0001814,2261.0
172,train,multihop_qa,2072,D,1024,1.0,0.0001901,3170.0
172,train,multihop_qa,2072,D,2048,1.0,0.0001804,4145.9
172,train,multihop_qa,2072,D,4096,1.0,0.0001961,2800.2
172,train,multihop_qa,2072,E,512,1.0,0.0011262,4418.7
172,train,multihop_qa,2072,E,1024,1.0,0.000981,3875.5
172,train,multihop_qa,2072,E,2048,1.0,0.0010261,4030.3
172,train,multihop_qa,2072,E,4096,1.0,0.0011262,4151.7
173,test,multihop_qa,4299,A,512,0.0,0.0003842,4081.1
173,test,multihop_qa,4299,A,1024,0.0,0.0005122,10037.9
173,test,multihop_qa,4299,A,2048,0.0,0.0007682,19666.2
173,test,multihop_qa,4299,A,4096,0.0,0.0012802,31440.3
173,test,multihop_qa,4299,B,512,0.0,0.0004871,4717.9
173,test,multihop_qa,4299,B,1024,0.0,0.0004682,3642.2
173,test,multihop_qa,4299,B,2048,0.0,0.0004733,21645.0
173,test,multihop_qa,4299,B,4096,0.0,0.0004682,3560.4
173,test,multihop_qa,4299,C,512,0.0,0.00051,2205.0
173,test,multihop_qa,4299,C,1024,1.0,0.0004082,468.1
173,test,multihop_qa,4299,C,2048,1.0,0.0004082,424.4
173,test,multihop_qa,4299,C,4096,1.0,0.0004082,530.4
173,test,multihop_qa,4299,D,512,0.0,0.0004504,7951.3
173,test,multihop_qa,4299,D,1024,0.0,0.0005784,13777.6
173,test,multihop_qa,4299,D,2048,0.0,0.0003667,3603.2
173,test,multihop_qa,4299,D,4096,0.0,0.0008537,27740.8
173,test,multihop_qa,4299,E,512,0.0,0.0018301,2531.7
173,test,multihop_qa,4299,E,1024,0.0,0.002393,8149.3
173,test,multihop_qa,4299,E,2048,0.0,0.0035194,18763.6
173,test,multihop_qa,4299,E,4096,0.0,0.0057722,30873.6
174,train,coding,295,A,512,1.0,0.0001084,4073.6
174,train,coding,295,A,1024,1.0,0.00011,3010.1
174,train,coding,295,A,2048,1.0,0.0001084,2989.2
174,train,coding,295,A,4096,1.0,0.00011,3091.2
174,train,coding,295,B,512,0.0,0.0001532,6039.0
174,train,coding,295,B,1024,0.0,0.0001524,12148.5
174,train,coding,295,B,2048,0.0,0.0001532,6610.8
174,train,coding,295,B,4096,0.0,0.0001532,6217.8
174,train,coding,295,C,512,1.0,9.07e-05,647.9
174,train,coding,295,C,1024,1.0,9.07e-05,810.9
174,train,coding,295,C,2048,1.0,0.0004251,9719.1
174,train,coding,295,C,4096,1.0,9.07e-05,747.0
174,train,coding,295,D,512,0.0,0.0001488,7128.0
174,train,coding,295,D,1024,1.0,3.06e-05,884.6
174,train,coding,295,D,2048,1.0,0.0001574,7570.8
174,train,coding,295,D,4096,1.0,0.0001578,13287.7
174,train,coding,295,E,512,0.0,0.0006508,9017.5
174,train,coding,295,E,1024,1.0,0.0011879,4187.9
174,train,coding,295,E,2048,1.0,0.000895,7170.6
174,train,coding,295,E,4096,1.0,0.0008356,5268.4
175,train,math_comp,164,A,512,1.0,0.0001028,3153.6
175,train,math_comp,164,A,1024,1.0,0.000102,3634.7
175,train,math_comp,164,A,2048,1.0,9.63e-05,2809.9
175,train,math_comp,164,A,4096,1.0,0.0001003,3609.4
175,train,math_comp,164,B,512,0.0,0.0002435,11905.9
175,train,math_comp,164,B,1024,1.0,0.0003116,41358.8
175,train,math_comp,164,B,2048,1.0,0.0003115,15026.4
175,train,math_comp,164,B,4096,1.0,0.0003116,32978.2
175,train,math_comp,164,C,512,0.0,0.0001155,1498.0
175,train,math_comp,164,C,1024,1.0,0.0002179,3455.2
175,train,math_comp,164,C,2048,0.0,0.0004227,5547.4
175,train,math_comp,164,C,4096,1.0,0.0002295,4282.6
175,train,math_comp,164,D,512,0.0,0.0001398,8669.8
175,train,math_comp,164,D,1024,1.0,0.0001621,9240.2
175,train,math_comp,164,D,2048,1.0,0.0001184,7253.6
175,train,math_comp,164,D,4096,1.0,0.0001831,12903.5
175,train,math_comp,164,E,512,0.0,0.0006151,9000.5
175,train,math_comp,164,E,1024,0.0,0.0011783,17514.9
175,train,math_comp,164,E,2048,1.0,0.0012751,18847.3
175,train,math_comp,164,E,4096,1.0,0.0015105,9588.7
176,train,knowledge,362,A,512,0.0,0.000148,5005.9
176,train,knowledge,362,A,1024,0.0,0.000276,9658.2
176,train,knowledge,362,A,2048,0.0,0.000532,15443.5
176,train,knowledge,362,A,4096,0.0,0.001044,37457.8
176,train,knowledge,362,B,512,0.0,0.0002594,32112.4
176,train,knowledge,362,B,1024,0.0,0.0004898,56561.2
176,train,knowledge,362,B,2048,0.0,0.0008628,95421.1
176,train,knowledge,362,B,4096,0.0,0.0008628,96468.1
176,train,knowledge,362,C,512,0.0,0.0001345,1681.4
176,train,knowledge,362,C,1024,0.0,0.0002369,2830.7
176,train,knowledge,362,C,2048,0.0,0.0004417,10481.3
176,train,knowledge,362,C,4096,0.0,0.0008513,19834.2
176,train,knowledge,362,D,512,0.0,0.0001524,8175.9
176,train,knowledge,362,D,1024,0.0,0.0002804,3572.2
176,train,knowledge,362,D,2048,1.0,0.0003659,20488.9
176,train,knowledge,362,D,4096,1.0,0.0008786,90157.0
176,train,knowledge,362,E,512,0.0,0.0006745,2319.5
176,train,knowledge,362,E,1024,0.0,0.0012374,8096.9
176,train,knowledge,362,E,2048,0.0,0.0023638,18671.5
176,train,knowledge,362,E,4096,0.0,0.0046166,31014.4
177,train,knowledge,233,A,512,0.0,0.0001421,3741.4
177,train,knowledge,233,A,1024,0.0,0.0002701,7411.4
177,train,knowledge,233,A,2048,0.0,0.0005261,15172.4
177,train,knowledge,233,A,4096,0.0,0.0009594,29042.2
177,train,knowledge,233,B,512,0.0,0.000249,27747.2
177,train,knowledge,233,B,1024,0.0,0.0004798,41799.4
177,train,knowledge,233,B,2048,0.0,0.0007655,64234.6
177,train,knowledge,233,B,4096,0.0,0.0003143,35397.0
177,train,knowledge,233,C,512,0.0,0.000121,2547.9
177,train,knowledge,233,C,1024,0.0,4.64e-05,680.4
177,train,knowledge,233,C,2048,0.0,0.0003802,9027.6
177,train,knowledge,233,C,4096,0.0,4.18e-05,670.6
177,train,knowledge,233,D,512,0.0,0.0001333,6850.0
177,train,knowledge,233,D,1024,0.0,0.0001542,11143.9
177,train,knowledge,233,D,2048,0.0,0.0001635,12882.9
177,train,knowledge,233,D,4096,0.0,0.000151,6179.4
177,train,knowledge,233,E,512,0.0,0.000631,5009.0
177,train,knowledge,233,E,1024,0.0,0.0010427,4403.9
177,train,knowledge,233,E,2048,0.0,0.0015814,28965.6
177,train,knowledge,233,E,4096,0.0,0.0018916,15158.6
178,train,math_olympiad,209,A,512,0.0,0.0001408,3907.8
178,train,math_olympiad,209,A,1024,0.0,0.0002688,9398.5
178,train,math_olympiad,209,A,2048,0.0,0.0005248,16515.7
178,train,math_olympiad,209,A,4096,1.0,0.00085,26955.4
178,train,math_olympiad,209,B,512,0.0,0.0002474,11582.9
178,train,math_olympiad,209,B,1024,0.0,0.0004778,23138.3
178,train,math_olympiad,209,B,2048,1.0,0.000593,28903.1
178,train,math_olympiad,209,B,4096,1.0,0.0004612,60412.9
178,train,math_olympiad,209,C,512,0.0,0.0001184,1640.8
178,train,math_olympiad,209,C,1024,0.0,0.0002208,2551.3
178,train,math_olympiad,209,C,2048,1.0,0.0002786,2584.9
178,train,math_olympiad,209,C,4096,1.0,0.000386,7436.5
178,train,math_olympiad,209,D,512,1.0,9.83e-05,50392.9
178,train,math_olympiad,209,D,1024,0.0,0.0002713,9394.3
178,train,math_olympiad,209,D,2048,1.0,0.000343,14321.5
178,train,math_olympiad,209,D,4096,1.0,9.08e-05,47989.7
178,train,math_olympiad,209,E,512,0.0,0.0006259,4098.7
178,train,math_olympiad,209,E,1024,0.0,0.0011894,2568.2
178,train,math_olympiad,209,E,2048,0.0,0.0023158,4929.1
178,train,math_olympiad,209,E,4096,1.0,0.0018997,15124.0
179,train,multihop_qa,1673,A,512,0.08451,0.0002304,4250.7
179,train,multihop_qa,1673,A,1024,0.0,0.0003584,8664.4
179,train,multihop_qa,1673,A,2048,1.0,0.0005629,15043.2
179,train,multihop_qa,1673,A,4096,1.0,0.0007214,20082.7
179,train,multihop_qa,1673,B,512,1.0,0.0001694,2078.4
179,train,multihop_qa,1673,B,1024,1.0,0.0001671,2031.7
179,train,multihop_qa,1673,B,2048,1.0,0.0001676,1983.5
179,train,multihop_qa,1673,B,4096,1.0,0.0001671,1819.3
179,train,multihop_qa,1673,C,512,1.0,0.0001368,534.2
179,train,multihop_qa,1673,C,1024,1.0,0.0001368,314.9
179,train,multihop_qa,1673,C,2048,1.0,0.0003534,4100.7
179,train,multihop_qa,1673,C,4096,1.0,0.0001368,275.8
179,train,multihop_qa,1673,D,512,1.0,0.0001817,4722.1
179,train,multihop_qa,1673,D,1024,1.0,0.0002222,6188.6
179,train,multihop_qa,1673,D,2048,1.0,0.0001502,4051.3
179,train,multihop_qa,1673,D,4096,1.0,0.0002292,10820.8
179,train,multihop_qa,1673,E,512,0.0,0.0010609,11551.9
179,train,multihop_qa,1673,E,1024,0.0,0.0016241,20124.2
179,train,multihop_qa,1673,E,2048,1.0,0.0015441,4025.0
179,train,multihop_qa,1673,E,4096,1.0,0.0016747,20952.5
180,train,math_comp,119,A,512,0.0,0.0001351,4376.2
180,train,math_comp,119,A,1024,1.0,0.0001704,6436.9
180,train,math_comp,119,A,2048,1.0,0.0001721,5498.7
180,train,math_comp,119,A,4096,1.0,0.0001589,5064.8
180,train,math_comp,119,B,512,0.0,0.0002398,12008.9
180,train,math_comp,119,B,1024,1.0,0.0003606,52703.2
180,train,math_comp,119,B,2048,1.0,0.0003073,15270.1
180,train,math_comp,119,B,4096,1.0,0.0003105,15777.1
180,train,math_comp,119,C,512,0.0,0.0001122,1931.2
180,train,math_comp,119,C,1024,1.0,8.22e-05,789.2
180,train,math_comp,119,C,2048,0.0,0.0004194,6872.3
180,train,math_comp,119,C,4096,1.0,0.000829,9515.6
180,train,math_comp,119,D,512,1.0,3.51e-05,5815.9
180,train,math_comp,119,D,1024,0.0,0.0002646,11642.9
180,train,math_comp,119,D,2048,1.0,0.0003174,14199.6
180,train,math_comp,119,D,4096,1.0,0.0001954,8645.0
180,train,math_comp,119,E,512,0.0,0.0006019,2968.1
180,train,math_comp,119,E,1024,0.0,0.0011651,10044.1
180,train,math_comp,119,E,2048,1.0,0.0016373,4995.2
180,train,math_comp,119,E,4096,0.0,0.0045443,220671.4
181,test,knowledge,300,A,512,0.0,0.0001479,4100.2
181,test,knowledge,300,A,1024,0.0,0.0002759,8107.7
181,test,knowledge,300,A,2048,0.0,0.0005319,20124.4
181,test,knowledge,300,A,4096,0.0,0.0010439,33025.6
181,test,knowledge,300,B,512,0.0,0.0002544,13715.8
181,test,knowledge,300,B,1024,0.0,0.0004845,58870.6
181,test,knowledge,300,B,2048,0.0,0.000861,45497.1
181,test,knowledge,300,B,4096,0.0,0.0009258,42829.6
181,test,knowledge,300,C,512,0.0,0.0001256,2391.4
181,test,knowledge,300,C,1024,0.0,6.36e-05,905.5
181,test,knowledge,300,C,2048,0.0,0.0004328,6196.3
181,test,knowledge,300,C,4096,0.0,4.04e-05,1639.1
181,test,knowledge,300,D,512,0.0,0.0001523,12112.4
181,test,knowledge,300,D,1024,0.0,0.0002803,16977.1
181,test,knowledge,300,D,2048,0.0,0.0003448,60898.2
181,test,knowledge,300,D,4096,0.0,0.0010483,42266.8
181,test,knowledge,300,E,512,0.0,0.0006514,2371.8
181,test,knowledge,300,E,1024,0.0,0.0012143,9902.8
181,test,knowledge,300,E,2048,0.0,0.0023407,12630.4
181,test,knowledge,300,E,4096,0.0,0.0045938,14482.0
182,train,multihop_qa,2292,A,512,0.66667,0.0002171,3410.5
182,train,multihop_qa,2292,A,1024,0.0,0.0003971,8348.3
182,train,multihop_qa,2292,A,2048,1.0,0.0006353,16180.6
182,train,multihop_qa,2292,A,4096,1.0,0.0007818,21051.8
182,train,multihop_qa,2292,B,512,0.8,0.0002162,2137.0
182,train,multihop_qa,2292,B,1024,0.8,0.0002154,4600.6
182,train,multihop_qa,2292,B,2048,0.8,0.0002351,2970.9
182,train,multihop_qa,2292,B,4096,0.8,0.0002221,2097.9
182,train,multihop_qa,2292,C,512,0.0,0.0002882,1934.5
182,train,multihop_qa,2292,C,1024,0.8,0.0001868,181.2
182,train,multihop_qa,2292,C,2048,0.8,0.0001868,204.6
182,train,multihop_qa,2292,C,4096,0.8,0.0001868,258.5
182,train,multihop_qa,2292,D,512,0.5,0.0002579,3867.3
182,train,multihop_qa,2292,D,1024,1.0,0.0001896,2549.8
182,train,multihop_qa,2292,D,2048,1.0,0.0002284,3604.6
182,train,multihop_qa,2292,D,4096,1.0,0.0002426,3840.9
182,train,multihop_qa,2292,E,512,0.0,0.0012331,4862.6
182,train,multihop_qa,2292,E,1024,1.0,0.001639,8608.6
182,train,multihop_qa,2292,E,2048,1.0,0.001958,23688.5
182,train,multihop_qa,2292,E,4096,1.0,0.0015755,3371.0
183,train,coding,180,A,512,1.0,5.67e-05,1804.9
183,train,coding,180,A,1024,1.0,5.52e-05,1680.2
183,train,coding,180,A,2048,1.0,5.52e-05,1642.8
183,train,coding,180,A,4096,1.0,5.67e-05,2242.1
183,train,coding,180,B,512,1.0,0.0001044,4468.0
183,train,coding,180,B,1024,1.0,9.04e-05,3797.6
183,train,coding,180,B,2048,1.0,9.04e-05,3721.4
183,train,coding,180,B,4096,1.0,0.0001054,14306.5
183,train,coding,180,C,512,1.0,4.36e-05,509.4
183,train,coding,180,C,1024,1.0,4.36e-05,467.3
183,train,coding,180,C,2048,1.0,0.0001662,2578.8
183,train,coding,180,C,4096,1.0,0.0001632,2513.9
183,train,coding,180,D,512,0.0,0.0001406,6713.9
183,train,coding,180,D,1024,0.0,0.0002686,12918.7
183,train,coding,180,D,2048,1.0,0.0003401,33323.1
183,train,coding,180,D,4096,1.0,0.0004261,19078.4
183,train,coding,180,E,512,1.0,0.0005276,7207.2
183,train,coding,180,E,1024,1.0,0.000664,5459.6
183,train,coding,180,E,2048,1.0,0.0005389,1868.4
183,train,coding,180,E,4096,1.0,0.0005276,7240.6
184,train,math_olympiad,216,A,512,0.0,0.000141,5126.4
184,train,math_olympiad,216,A,1024,0.0,0.000269,8624.6
184,train,math_olympiad,216,A,2048,0.0,0.000525,20531.4
184,train,math_olympiad,216,A,4096,0.0,0.001037,31259.4
184,train,math_olympiad,216,B,512,0.0,0.0002473,33291.4
184,train,math_olympiad,216,B,1024,0.0,0.000478,21826.4
184,train,math_olympiad,216,B,2048,0.0,0.0006854,31677.6
184,train,math_olympiad,216,B,4096,0.0,0.0007567,87204.8
184,train,math_olympiad,216,C,512,0.0,0.0001199,1501.0
184,train,math_olympiad,216,C,1024,0.0,0.0002223,2951.1
184,train,math_olympiad,216,C,2048,0.0,0.0004271,6072.8
184,train,math_olympiad,216,C,4096,0.0,0.0008367,12389.1
184,train,math_olympiad,216,D,512,0.0,0.000144,11044.5
184,train,math_olympiad,216,D,1024,0.0,0.000272,13807.6
184,train,math_olympiad,216,D,2048,0.0,0.000528,20750.1
184,train,math_olympiad,216,D,4096,0.0,0.00104,114989.2
184,train,math_olympiad,216,E,512,0.0,0.0006301,1509.7
184,train,math_olympiad,216,E,1024,0.0,0.001193,21420.6
184,train,math_olympiad,216,E,2048,0.0,0.0023194,18747.5
184,train,math_olympiad,216,E,4096,0.0,0.0045725,14079.9
185,train,knowledge,432,A,512,0.0,9.42e-05,2241.4
185,train,knowledge,432,A,1024,0.0,0.0001177,2988.5
185,train,knowledge,432,A,2048,0.0,8.34e-05,1996.5
185,train,knowledge,432,A,4096,0.0,0.0002067,5865.5
185,train,knowledge,432,B,512,0.0,0.0002639,31424.7
185,train,knowledge,432,B,1024,0.0,0.0004183,56161.7
185,train,knowledge,432,B,2048,0.0,0.0004183,56134.3
185,train,knowledge,432,B,4096,0.0,0.0004028,19043.4
185,train,knowledge,432,C,512,0.0,7.98e-05,1301.7
185,train,knowledge,432,C,1024,0.0,9.6e-05,1626.6
185,train,knowledge,432,C,2048,0.0,0.0004446,6910.6
185,train,knowledge,432,C,4096,0.0,0.0001136,1676.8
185,train,knowledge,432,D,512,0.0,0.0001596,13876.6
185,train,knowledge,432,D,1024,0.0,0.0002876,12969.6
185,train,knowledge,432,D,2048,0.0,0.0003786,22483.3
185,train,knowledge,432,D,4096,0.0,0.0002856,15243.0
185,train,knowledge,432,E,512,0.0,0.000694,2217.4
185,train,knowledge,432,E,1024,0.0,0.0012569,21030.9
185,train,knowledge,432,E,2048,0.0,0.0023836,9128.9
185,train,knowledge,432,E,4096,1.0,0.0018974,6929.4
186,train,coding,173,A,512,1.0,5.23e-05,1281.8
186,train,coding,173,A,1024,1.0,5.23e-05,1283.5
186,train,coding,173,A,2048,1.0,5.23e-05,1352.8
186,train,coding,173,A,4096,1.0,5.23e-05,1663.2
186,train,coding,173,B,512,1.0,8.75e-05,3761.9
186,train,coding,173,B,1024,1.0,8.68e-05,7750.1
186,train,coding,173,B,2048,1.0,8.75e-05,3493.6
186,train,coding,173,B,4096,1.0,8.75e-05,3602.8
186,train,coding,173,C,512,1.0,4.21e-05,449.8
186,train,coding,173,C,1024,1.0,0.0001231,1704.2
186,train,coding,173,C,2048,1.0,0.0002547,3756.1
186,train,coding,173,C,4096,1.0,0.0003015,4117.6
186,train,coding,173,D,512,0.0,0.0001399,8040.7
186,train,coding,173,D,1024,1.0,0.0002679,12050.5
186,train,coding,173,D,2048,1.0,0.0002864,13623.4
186,train,coding,173,D,4096,1.0,0.0005429,25542.8
186,train,coding,173,E,512,0.0,0.0006151,4162.0
186,train,coding,173,E,1024,1.0,0.0006283,12624.0
186,train,coding,173,E,2048,1.0,0.0007922,6471.6
186,train,coding,173,E,4096,1.0,0.0006888,5694.3
187,train,knowledge,451,A,512,0.0,0.000156,4996.1
187,train,knowledge,451,A,1024,0.0,0.000284,6909.9
187,train,knowledge,451,A,2048,0.0,0.000136,3036.8
187,train,knowledge,451,A,4096,0.0,0.0001658,3849.7
187,train,knowledge,451,B,512,0.0,0.0002668,19592.2
187,train,knowledge,451,B,1024,0.0,0.0004972,21488.7
187,train,knowledge,451,B,2048,0.0,0.0002543,28014.9
187,train,knowledge,451,B,4096,0.0,0.0002312,9343.5
187,train,knowledge,451,C,512,0.0,0.0001365,1598.1
187,train,knowledge,451,C,1024,0.0,0.0002389,2598.0
187,train,knowledge,451,C,2048,1.0,0.0001203,1341.5
187,train,knowledge,451,C,4096,1.0,0.0001205,1611.8
187,train,knowledge,451,D,512,0.0,9.33e-05,7820.7
187,train,knowledge,451,D,1024,0.0,0.0002898,18189.8
187,train,knowledge,451,D,2048,0.0,0.0002431,13835.3
187,train,knowledge,451,D,4096,0.0,0.0003233,18583.3
187,train,knowledge,451,E,512,0.0,0.0006889,5351.2
187,train,knowledge,451,E,1024,0.0,0.0012521,8203.2
187,train,knowledge,451,E,2048,0.0,0.0014919,21872.3
187,train,knowledge,451,E,4096,0.0,0.0025237,16356.2
188,train,knowledge,250,A,512,0.0,0.0001427,3340.7
188,train,knowledge,250,A,1024,0.0,8.87e-05,2010.8
188,train,knowledge,250,A,2048,0.0,0.0005267,13717.5
188,train,knowledge,250,A,4096,0.0,9.2e-05,2222.2
188,train,knowledge,250,B,512,1.0,0.0002183,9642.9
188,train,knowledge,250,B,1024,1.0,0.0002158,19734.1
188,train,knowledge,250,B,2048,1.0,0.0002158,19664.9
188,train,knowledge,250,B,4096,1.0,0.0002183,9495.5
188,train,knowledge,250,C,512,0.0,7.22e-05,753.3
188,train,knowledge,250,C,1024,0.0,0.0002254,3489.0
188,train,knowledge,250,C,2048,0.0,0.0004302,6287.3
188,train,knowledge,250,C,4096,0.0,7.16e-05,810.3
188,train,knowledge,250,D,512,1.0,0.0001162,6304.7
188,train,knowledge,250,D,1024,1.0,4.6e-05,3410.6
188,train,knowledge,250,D,2048,1.0,9.78e-05,4373.0
188,train,knowledge,250,D,4096,1.0,0.0001168,8616.7
188,train,knowledge,250,E,512,0.0,0.0006382,2909.0
188,train,knowledge,250,E,1024,1.0,0.0010906,4159.7
188,train,knowledge,250,E,2048,1.0,0.0009003,3301.7
188,train,knowledge,250,E,4096,1.0,0.0009003,3141.3
189,train,knowledge,435,A,512,0.0,0.0001557,3651.6
189,train,knowledge,435,A,1024,1.0,0.0001625,4121.6
189,train,knowledge,435,A,2048,1.0,0.000158,3810.8
189,train,knowledge,435,A,4096,1.0,0.0001645,4042.9
189,train,knowledge,435,B,512,0.0,0.0002655,10826.0
189,train,knowledge,435,B,1024,1.0,0.0003822,43283.9
189,train,knowledge,435,B,2048,1.0,0.000374,16158.2
189,train,knowledge,435,B,4096,1.0,0.0003701,37574.1
189,train,knowledge,435,C,512,0.0,0.0001343,1597.2
189,train,knowledge,435,C,1024,1.0,0.0001979,2160.8
189,train,knowledge,435,C,2048,1.0,0.0002031,2254.2
189,train,knowledge,435,C,4096,1.0,0.0001947,1986.3
189,train,knowledge,435,D,512,1.0,6.64e-05,3318.1
189,train,knowledge,435,D,1024,1.0,0.0002399,15440.4
189,train,knowledge,435,D,2048,1.0,6.29e-05,3469.1
189,train,knowledge,435,D,4096,1.0,0.0002146,14480.1
189,train,knowledge,435,E,512,0.0,0.0006826,8234.4
189,train,knowledge,435,E,1024,0.0,0.0012458,7743.2
189,train,knowledge,435,E,2048,0.0,0.0023722,14703.5
189,train,knowledge,435,E,4096,1.0,0.0029676,9672.9
190,test,multihop_qa,2890,A,512,0.11111,0.0003014,3482.8
190,test,multihop_qa,2890,A,1024,0.0,0.0004294,6685.8
190,test,multihop_qa,2890,A,2048,0.0,0.0006854,21211.5
190,test,multihop_qa,2890,A,4096,0.0,0.0005262,14702.0
190,test,multihop_qa,2890,B,512,0.0,0.00043,9913.1
190,test,multihop_qa,2890,B,1024,0.10526,0.0003409,5727.4
190,test,multihop_qa,2890,B,2048,0.0,0.0003468,5636.2
190,test,multihop_qa,2890,B,4096,0.0,0.0003468,6077.1
190,test,multihop_qa,2890,C,512,0.0,0.0002395,212.7
190,test,multihop_qa,2890,C,1024,0.0,0.0004413,3080.8
190,test,multihop_qa,2890,C,2048,0.0,0.0002395,232.3
190,test,multihop_qa,2890,C,4096,0.0,0.0010557,11189.2
190,test,multihop_qa,2890,D,512,0.0,0.0003411,8381.0
190,test,multihop_qa,2890,D,1024,0.0,0.0002691,8011.5
190,test,multihop_qa,2890,D,2048,0.0,0.0007251,12387.7
190,test,multihop_qa,2890,D,4096,0.0,0.0012371,29010.0
190,test,multihop_qa,2890,E,512,0.0,0.0014134,5382.0
190,test,multihop_qa,2890,E,1024,0.0,0.0019766,6518.1
190,test,multihop_qa,2890,E,2048,0.0,0.0031033,8163.8
190,test,multihop_qa,2890,E,4096,0.0,0.0053561,15909.9
191,train,knowledge,422,A,512,0.0,0.0001544,4547.2
191,train,knowledge,422,A,1024,0.0,0.0002824,8161.0
191,train,knowledge,422,A,2048,0.0,0.0005384,18404.4
191,train,knowledge,422,A,4096,0.0,0.0010504,37329.9
191,train,knowledge,422,B,512,0.0,0.0002647,22670.2
191,train,knowledge,422,B,1024,0.0,0.0004776,43898.2
191,train,knowledge,422,B,2048,0.0,0.0004663,42032.9
191,train,knowledge,422,B,4096,0.0,0.0004644,21758.3
191,train,knowledge,422,C,512,0.0,0.0001338,1547.5
191,train,knowledge,422,C,1024,0.0,0.0002362,4508.9
191,train,knowledge,422,C,2048,0.0,0.000441,6542.4
191,train,knowledge,422,C,4096,0.0,0.0008506,11322.7
191,train,knowledge,422,D,512,0.0,0.0001596,12297.7
191,train,knowledge,422,D,1024,0.0,0.0002876,21272.4
191,train,knowledge,422,D,2048,0.0,0.0005436,30389.2
191,train,knowledge,422,D,4096,0.0,0.0001774,19236.3
191,train,knowledge,422,E,512,0.0,0.0006787,4898.3
191,train,knowledge,422,E,1024,0.0,0.0012422,5671.8
191,train,knowledge,422,E,2048,0.0,0.0023686,9487.6
191,train,knowledge,422,E,4096,0.0,0.0046211,26734.8
192,train,multihop_qa,4014,A,512,0.0,0.0003688,3949.0
192,train,multihop_qa,4014,A,1024,0.13333,0.0004968,7227.7
192,train,multihop_qa,4014,A,2048,1.0,0.0007528,13940.8
192,train,multihop_qa,4014,A,4096,1.0,0.0008681,23348.3
192,train,multihop_qa,4014,B,512,1.0,0.0004144,4824.1
192,train,multihop_qa,4014,B,1024,1.0,0.0003968,3815.7
192,train,multihop_qa,4014,B,2048,1.0,0.0004148,5157.6
192,train,multihop_qa,4014,B,4096,0.28571,0.0004396,5798.2
192,train,multihop_qa,4014,C,512,0.0,0.0004335,1421.9
192,train,multihop_qa,4014,C,1024,1.0,0.0003319,222.9
192,train,multihop_qa,4014,C,2048,1.0,0.0003319,408.1
192,train,multihop_qa,4014,C,4096,1.0,0.0003319,328.9
192,train,multihop_qa,4014,D,512,0.0,0.0004261,21433.8
192,train,multihop_qa,4014,D,1024,0.5,0.0005086,25142.9
192,train,multihop_qa,4014,D,2048,0.28571,0.0003411,3733.9
192,train,multihop_qa,4014,D,4096,0.6,0.0004559,8673.3
192,train,multihop_qa,4014,E,512,0.0,0.0017506,9440.0
192,train,multihop_qa,4014,E,1024,0.0,0.0023138,9720.7
192,train,multihop_qa,4014,E,2048,0.0,0.0034402,13032.6
192,train,multihop_qa,4014,E,4096,1.0,0.0039033,23050.0
193,test,coding,185,A,512,0.0,6.42e-05,1515.2
193,test,coding,185,A,1024,0.0,6.42e-05,1572.6
193,test,coding,185,A,2048,0.0,6.42e-05,1510.4
193,test,coding,185,A,4096,0.0,6.14e-05,1509.4
193,test,coding,185,B,512,0.0,9.67e-05,7965.4
193,test,coding,185,B,1024,0.0,9.67e-05,7982.7
193,test,coding,185,B,2048,0.0,9.67e-05,7636.6
193,test,coding,185,B,4096,0.0,9.67e-05,8043.9
193,test,coding,185,C,512,0.0,0.000117,1397.3
193,test,coding,185,C,1024,0.0,5.86e-05,816.4
193,test,coding,185,C,2048,0.0,4.66e-05,531.2
193,test,coding,185,C,4096,0.0,0.0008338,11968.9
193,test,coding,185,D,512,0.0,0.0001409,9130.2
193,test,coding,185,D,1024,0.0,2.62e-05,5893.3
193,test,coding,185,D,2048,0.0,2.74e-05,6248.7
193,test,coding,185,D,4096,0.0,3.16e-05,6985.6
193,test,coding,185,E,512,0.0,0.0006205,1820.2
193,test,coding,185,E,1024,0.0,0.0011834,6364.9
193,test,coding,185,E,2048,0.0,0.0023101,8148.9
193,test,coding,185,E,4096,1.0,0.002917,48409.9
194,test,knowledge,196,A,512,0.0,0.0001401,3372.1
194,test,knowledge,196,A,1024,0.0,0.0001558,3490.3
194,test,knowledge,196,A,2048,0.0,0.0001343,2967.1
194,test,knowledge,196,A,4096,0.0,0.0002211,8125.6
194,test,knowledge,196,B,512,0.0,0.0002078,20127.3
194,test,knowledge,196,B,1024,0.0,0.0002078,19159.3
194,test,knowledge,196,B,2048,0.0,0.0001708,7542.4
194,test,knowledge,196,B,4096,0.0,0.0001681,7447.9
194,test,knowledge,196,C,512,0.0,0.0001178,1794.9
194,test,knowledge,196,C,1024,0.0,7.06e-05,749.4
194,test,knowledge,196,C,2048,0.0,5.22e-05,537.5
194,test,knowledge,196,C,4096,0.0,0.0001764,3153.6
194,test,knowledge,196,D,512,0.0,0.0001414,10631.0
194,test,knowledge,196,D,1024,0.0,0.0001184,6807.0
194,test,knowledge,196,D,2048,0.0,0.0001819,8258.5
194,test,knowledge,196,D,4096,0.0,7.8e-05,4162.3
194,test,knowledge,196,E,512,0.0,0.000622,3199.4
194,test,knowledge,196,E,1024,0.0,0.0009952,3473.8
194,test,knowledge,196,E,2048,0.0,0.0009952,3464.3
194,test,knowledge,196,E,4096,0.0,0.0011173,3889.4
195,train,coding,291,A,512,1.0,0.0001147,2392.4
195,train,coding,291,A,1024,1.0,0.0001145,2420.5
195,train,coding,291,A,2048,0.0,0.0001272,2820.6
195,train,coding,291,A,4096,1.0,5.7e-05,1625.6
195,train,coding,291,B,512,1.0,0.0001822,15986.1
195,train,coding,291,B,1024,1.0,0.0001822,15942.7
195,train,coding,291,B,2048,1.0,0.0001825,8164.6
195,train,coding,291,B,4096,1.0,0.0001825,8035.8
195,train,coding,291,C,512,1.0,4.84e-05,328.5
195,train,coding,291,C,1024,1.0,4.84e-05,328.8
195,train,coding,291,C,2048,1.0,0.0002666,3380.1
195,train,coding,291,C,4096,1.0,4.84e-05,734.2
195,train,coding,291,D,512,0.0,0.0001489,6869.8
195,train,coding,291,D,1024,1.0,5.64e-05,4826.0
195,train,coding,291,D,2048,1.0,0.0004957,21498.4
195,train,coding,291,D,4096,1.0,0.0005867,25155.4
195,train,coding,291,E,512,0.0,0.0006511,3388.6
195,train,coding,291,E,1024,0.0,0.0012143,6795.5
195,train,coding,291,E,2048,1.0,0.001618,23760.9
195,train,coding,291,E,4096,1.0,0.0014596,7628.4
196,test,coding,210,A,512,0.0,0.0001411,3182.8
196,test,coding,210,A,1024,0.0,0.0002691,6085.2
196,test,coding,210,A,2048,1.0,0.0001146,3804.4
196,test,coding,210,A,4096,1.0,0.0001476,3320.9
196,test,coding,210,B,512,0.0,0.0001046,8984.3
196,test,coding,210,B,1024,0.0,0.0001046,13414.5
196,test,coding,210,B,2048,1.0,0.0001058,4453.3
196,test,coding,210,B,4096,0.0,0.0001046,9578.3
196,test,coding,210,C,512,0.0,0.000119,1429.7
196,test,coding,210,C,1024,0.0,7.24e-05,629.6
196,test,coding,210,C,2048,0.0,0.0004262,5539.3
196,test,coding,210,C,4096,0.0,6.76e-05,732.3
196,test,coding,210,D,512,0.0,0.0001428,7704.0
196,test,coding,210,D,1024,1.0,2.21e-05,5104.3
196,test,coding,210,D,2048,1.0,0.0002619,13140.5
196,test,coding,210,D,4096,1.0,0.0002601,9688.0
196,test,coding,210,E,512,0.0,0.0006274,3153.1
196,test,coding,210,E,1024,0.0,0.0011906,6768.3
196,test,coding,210,E,2048,0.0,0.0016463,5635.9
196,test,coding,210,E,4096,0.0,0.0016463,5596.9
197,test,math_olympiad,289,A,512,0.0,0.0001461,4730.1
197,test,math_olympiad,289,A,1024,0.0,0.0002741,6119.4
197,test,math_olympiad,289,A,2048,0.0,0.0005301,12292.5
197,test,math_olympiad,289,A,4096,0.0,0.0010421,25386.8
197,test,math_olympiad,289,B,512,0.0,0.0002536,11717.1
197,test,math_olympiad,289,B,1024,0.0,0.0004837,52120.3
197,test,math_olympiad,289,B,2048,0.0,0.0009448,46362.1
197,test,math_olympiad,289,B,4096,0.0,0.0018664,92095.7
197,test,math_olympiad,289,C,512,0.0,0.0001255,1433.5
197,test,math_olympiad,289,C,1024,0.0,0.0002279,4555.6
197,test,math_olympiad,289,C,2048,1.0,0.0003709,3448.5
197,test,math_olympiad,289,C,4096,0.0,0.0008423,8580.5
197,test,math_olympiad,289,D,512,0.0,0.0001488,7695.0
197,test,math_olympiad,289,D,1024,0.0,0.0002769,16351.0
197,test,math_olympiad,289,D,2048,1.0,0.0004891,22983.1
197,test,math_olympiad,289,D,4096,1.0,9.96e-05,10655.4
197,test,math_olympiad,289,E,512,0.0,0.0006484,4710.6
197,test,math_olympiad,289,E,1024,0.0,0.0012116,16725.9
197,test,math_olympiad,289,E,2048,0.0,0.002338,46176.5
197,test,math_olympiad,289,E,4096,0.0,0.0045911,19261.8
198,train,math_comp,266,A,512,0.0,0.0001443,3179.6
198,train,math_comp,266,A,1024,0.0,0.0002723,6367.7
198,train,math_comp,266,A,2048,0.0,0.0005283,12842.0
198,train,math_comp,266,A,4096,0.0,0.0010403,25504.6
198,train,math_comp,266,B,512,0.0,0.000215,26485.2
198,train,math_comp,266,B,1024,0.0,0.000215,26107.4
198,train,math_comp,266,B,2048,0.0,0.000215,24416.5
198,train,math_comp,266,B,4096,0.0,0.000215,25687.3
198,train,math_comp,266,C,512,0.0,8.95e-05,771.8
198,train,math_comp,266,C,1024,0.0,0.0002261,2824.7
198,train,math_comp,266,C,2048,0.0,0.0001085,1121.7
198,train,math_comp,266,C,4096,0.0,0.0008405,12051.6
198,train,math_comp,266,D,512,0.0,0.0001459,8951.0
198,train,math_comp,266,D,1024,0.0,0.0002739,15409.4
198,train,math_comp,266,D,2048,0.0,0.0004612,24531.1
198,train,math_comp,266,D,4096,0.0,0.0007414,40924.8
198,train,math_comp,266,E,512,0.0,0.0006385,2121.7
198,train,math_comp,266,E,1024,0.0,0.0012014,9718.5
198,train,math_comp,266,E,2048,0.0,0.0023281,9118.7
198,train,math_comp,266,E,4096,0.0,0.0045806,123881.7
199,train,math_olympiad,144,A,512,0.0,0.0001369,3287.3
199,train,math_olympiad,144,A,1024,0.0,0.0002649,6798.7
199,train,math_olympiad,144,A,2048,0.0,0.0005209,13060.4
199,train,math_olympiad,144,A,4096,0.0,0.0010329,25535.1
199,train,math_olympiad,144,B,512,0.0,0.0002422,11576.1
199,train,math_olympiad,144,B,1024,0.0,0.0004723,40385.8
199,train,math_olympiad,144,B,2048,0.0,0.0006441,31277.1
199,train,math_olympiad,144,B,4096,0.0,0.0006447,53460.2
199,train,math_olympiad,144,C,512,0.0,0.0001138,1608.1
199,train,math_olympiad,144,C,1024,0.0,0.0002162,2705.8
199,train,math_olympiad,144,C,2048,0.0,0.000421,4410.9
199,train,math_olympiad,144,C,4096,0.0,0.0008306,8642.1
199,train,math_olympiad,144,D,512,0.0,0.0001385,10780.4
199,train,math_olympiad,144,D,1024,0.0,0.0002665,13828.3
199,train,math_olympiad,144,D,2048,0.0,0.0005225,34341.8
199,train,math_olympiad,144,D,4096,0.0,0.0010345,50113.9
199,train,math_olympiad,144,E,512,0.0,0.0006061,3177.6
199,train,math_olympiad,144,E,1024,0.0,0.0011696,4833.5
199,train,math_olympiad,144,E,2048,0.0,0.002296,7077.7
199,train,math_olympiad,144,E,4096,1.0,0.0044088,37194.5
200,train,coding,160,A,512,1.0,6.21e-05,2004.2
200,train,coding,160,A,1024,1.0,6.21e-05,1449.7
200,train,coding,160,A,2048,1.0,6.09e-05,1416.4
200,train,coding,160,A,4096,1.0,6.01e-05,1929.5
200,train,coding,160,B,512,1.0,6.97e-05,5184.2
200,train,coding,160,B,1024,1.0,6.97e-05,6343.7
200,train,coding,160,B,2048,1.0,6.97e-05,5580.2
200,train,coding,160,B,4096,1.0,6.97e-05,4950.7
200,train,coding,160,C,512,1.0,3.97e-05,405.2
200,train,coding,160,C,1024,0.0,0.0002171,2783.4
200,train,coding,160,C,2048,1.0,4.35e-05,401.4
200,train,coding,160,C,4096,1.0,3.97e-05,1108.3
200,train,coding,160,D,512,1.0,0.0001084,19686.9
200,train,coding,160,D,1024,1.0,3.49e-05,5244.7
200,train,coding,160,D,2048,1.0,3.39e-05,5515.1
200,train,coding,160,D,4096,1.0,0.0001259,20748.5
200,train,coding,160,E,512,0.0,0.0006109,4330.7
200,train,coding,160,E,1024,1.0,0.001071,3648.0
200,train,coding,160,E,2048,1.0,0.0009929,3508.4
200,train,coding,160,E,4096,1.0,0.0010597,8881.6
201,train,math_comp,86,A,512,0.0,0.0001332,3148.0
201,train,math_comp,86,A,1024,1.0,0.0001034,2449.0
201,train,math_comp,86,A,2048,1.0,0.0005172,12852.2
201,train,math_comp,86,A,4096,0.0,8.69e-05,3052.7
201,train,math_comp,86,B,512,1.0,0.0001885,8443.4
201,train,math_comp,86,B,1024,1.0,0.0003236,27912.9
201,train,math_comp,86,B,2048,1.0,0.0003236,27940.9
201,train,math_comp,86,B,4096,1.0,0.0001876,8848.6
201,train,math_comp,86,C,512,0.0,4.57e-05,641.5
201,train,math_comp,86,C,1024,1.0,0.0001585,1986.2
201,train,math_comp,86,C,2048,1.0,0.0001579,2465.0
201,train,math_comp,86,C,4096,0.0,4.57e-05,486.8
201,train,math_comp,86,D,512,1.0,0.0001106,3350.7
201,train,math_comp,86,D,1024,1.0,2.16e-05,2134.1
201,train,math_comp,86,D,2048,1.0,0.0001106,3276.7
201,train,math_comp,86,D,4096,1.0,7.59e-05,3902.5
201,train,math_comp,86,E,512,1.0,0.0005777,1561.8
201,train,math_comp,86,E,1024,1.0,0.0006247,19440.5
201,train,math_comp,86,E,2048,1.0,0.0006247,19409.7
201,train,math_comp,86,E,4096,1.0,0.0006258,2764.9
202,test,multihop_qa,2955,A,512,0.0,0.0003053,4819.1
202,test,multihop_qa,2955,A,1024,0.05357,0.0004333,6760.5
202,test,multihop_qa,2955,A,2048,1.0,0.0006893,13322.9
202,test,multihop_qa,2955,A,4096,0.6,0.0008763,18209.7
202,test,multihop_qa,2955,B,512,0.5,0.0003202,3688.9
202,test,multihop_qa,2955,B,1024,0.5,0.0002992,4192.8
202,test,multihop_qa,2955,B,2048,0.5,0.0003202,3661.1
202,test,multihop_qa,2955,B,4096,0.5,0.0003198,3385.2
202,test,multihop_qa,2955,C,512,0.0,0.0002584,459.6
202,test,multihop_qa,2955,C,1024,0.0,0.000461,3570.0
202,test,multihop_qa,2955,C,2048,0.0,0.0006658,6311.1
202,test,multihop_qa,2955,C,4096,0.0,0.0002584,309.4
202,test,multihop_qa,2955,D,512,0.0,0.0003463,7218.7
202,test,multihop_qa,2955,D,1024,0.33333,0.0003951,21122.2
202,test,multihop_qa,2955,D,2048,0.21429,0.0003633,7781.6
202,test,multihop_qa,2955,D,4096,0.5,0.0004023,9829.1
202,test,multihop_qa,2955,E,512,0.0,0.0014386,4054.5
202,test,multihop_qa,2955,E,1024,0.0,0.0020021,4575.2
202,test,multihop_qa,2955,E,2048,0.26087,0.0025969,14542.7
202,test,multihop_qa,2955,E,4096,0.28571,0.0030094,12798.2
203,train,multihop_qa,2797,A,512,0.02532,0.0002958,4974.2
203,train,multihop_qa,2797,A,1024,0.03175,0.0004238,6896.6
203,train,multihop_qa,2797,A,2048,0.11111,0.0006798,13372.4
203,train,multihop_qa,2797,A,4096,1.0,0.0007591,15636.6
203,train,multihop_qa,2797,B,512,0.0,0.0002965,3824.2
203,train,multihop_qa,2797,B,1024,0.0,0.000323,4900.5
203,train,multihop_qa,2797,B,2048,0.0,0.0003095,4409.5
203,train,multihop_qa,2797,B,4096,0.0,0.000314,4587.5
203,train,multihop_qa,2797,C,512,0.0,0.0002313,593.4
203,train,multihop_qa,2797,C,1024,0.0,0.0002313,227.2
203,train,multihop_qa,2797,C,2048,0.0,0.0002313,311.9
203,train,multihop_qa,2797,C,4096,0.0,0.0002313,359.3
203,train,multihop_qa,2797,D,512,0.66667,0.0003246,5850.4
203,train,multihop_qa,2797,D,1024,0.75,0.0003099,4125.7
203,train,multihop_qa,2797,D,2048,1.0,0.0002609,6051.7
203,train,multihop_qa,2797,D,4096,0.66667,0.0003149,4043.3
203,train,multihop_qa,2797,E,512,0.0,0.0013831,5465.4
203,train,multihop_qa,2797,E,1024,0.0,0.0019463,7251.8
203,train,multihop_qa,2797,E,2048,0.0,0.0030727,77831.3
203,train,multihop_qa,2797,E,4096,1.0,0.0030444,9609.5
204,test,math_olympiad,202,A,512,0.0,0.0001404,4850.9
204,test,math_olympiad,202,A,1024,0.0,0.0002684,9531.0
204,test,math_olympiad,202,A,2048,0.0,0.0005244,13821.3
204,test,math_olympiad,202,A,4096,0.0,0.0010364,28862.1
204,test,math_olympiad,202,B,512,0.0,0.0002466,25874.5
204,test,math_olympiad,202,B,1024,0.0,0.000477,38607.5
204,test,math_olympiad,202,B,2048,0.0,0.0009381,45687.1
204,test,math_olympiad,202,B,4096,0.0,0.0008658,121919.0
204,test,math_olympiad,202,C,512,0.0,0.0001183,1998.1
204,test,math_olympiad,202,C,1024,0.0,0.0002207,3545.7
204,test,math_olympiad,202,C,2048,0.0,0.0004255,6989.9
204,test,math_olympiad,202,C,4096,0.0,0.0008351,10894.4
204,test,math_olympiad,202,D,512,0.0,0.0001432,8291.0
204,test,math_olympiad,202,D,1024,0.0,0.0002712,12365.0
204,test,math_olympiad,202,D,2048,0.0,0.0005272,30863.9
204,test,math_olympiad,202,D,4096,0.0,0.0010392,21365.4
204,test,math_olympiad,202,E,512,0.0,0.0006241,2869.8
204,test,math_olympiad,202,E,1024,0.0,0.0011873,6301.6
204,test,math_olympiad,202,E,2048,0.0,0.0023137,13305.5
204,test,math_olympiad,202,E,4096,0.0,0.0045665,36867.2
205,test,multihop_qa,3129,A,512,0.0,0.0003157,3958.8
205,test,multihop_qa,3129,A,1024,0.0,0.0004437,7439.0
205,test,multihop_qa,3129,A,2048,1.0,0.0006547,19072.6
205,test,multihop_qa,3129,A,4096,1.0,0.0006767,14340.2
205,test,multihop_qa,3129,B,512,1.0,0.0003158,3283.1
205,test,multihop_qa,3129,B,1024,1.0,0.0002879,1638.7
205,test,multihop_qa,3129,B,2048,1.0,0.0002879,1790.6
205,test,multihop_qa,3129,B,4096,1.0,0.0003155,5738.4
205,test,multihop_qa,3129,C,512,0.0,0.000266,398.9
205,test,multihop_qa,3129,C,1024,0.0,0.0004692,5074.9
205,test,multihop_qa,3129,C,2048,0.0,0.000266,413.1
205,test,multihop_qa,3129,C,4096,0.0,0.000266,328.5
205,test,multihop_qa,3129,D,512,0.75,0.0002955,3939.9
205,test,multihop_qa,3129,D,1024,0.375,0.000299,4554.4
205,test,multihop_qa,3129,D,2048,1.0,0.0002443,2448.0
205,test,multihop_qa,3129,D,4096,0.375,0.0003048,4954.9
205,test,multihop_qa,3129,E,512,0.0,0.0014854,23706.7
205,test,multihop_qa,3129,E,1024,1.0,0.0017695,3460.4
205,test,multihop_qa,3129,E,2048,1.0,0.0017901,5902.7
205,test,multihop_qa,3129,E,4096,1.0,0.0015228,3977.0
206,test,multihop_qa,3195,A,512,0.0,0.0003197,3978.0
206,test,multihop_qa,3195,A,1024,0.18182,0.0004477,7578.7
206,test,multihop_qa,3195,A,2048,0.0,0.0007037,15101.1
206,test,multihop_qa,3195,A,4096,0.0,0.0012157,29591.7
206,test,multihop_qa,3195,B,512,0.5,0.0003672,5650.2
206,test,multihop_qa,3195,B,1024,1.0,0.0003784,5968.7
206,test,multihop_qa,3195,B,2048,1.0,0.0003334,3718.4
206,test,multihop_qa,3195,B,4096,1.0,0.0003771,6079.1
206,test,multihop_qa,3195,C,512,0.0,0.0003732,2015.7
206,test,multihop_qa,3195,C,1024,1.0,0.0002722,205.1
206,test,multihop_qa,3195,C,2048,1.0,0.0002722,209.0
206,test,multihop_qa,3195,C,4096,1.0,0.0002722,288.1
206,test,multihop_qa,3195,D,512,0.85714,0.0002724,16747.1
206,test,multihop_qa,3195,D,1024,0.85714,0.0002602,2433.4
206,test,multihop_qa,3195,D,2048,0.8,0.000257,2293.5
206,test,multihop_qa,3195,D,4096,0.85714,0.0004697,12530.2
206,test,multihop_qa,3195,E,512,0.0,0.0015073,4258.9
206,test,multihop_qa,3195,E,1024,0.0,0.0020708,4389.5
206,test,multihop_qa,3195,E,2048,0.0,0.0031969,13562.4
206,test,multihop_qa,3195,E,4096,1.0,0.003693,87937.9
207,train,knowledge,1144,A,512,0.0,0.0001966,3897.8
207,train,knowledge,1144,A,1024,0.0,0.0003246,7707.0
207,train,knowledge,1144,A,2048,0.0,0.0005806,14945.5
207,train,knowledge,1144,A,4096,0.0,0.0010926,38952.7
207,train,knowledge,1144,B,512,0.0,0.0003258,10985.0
207,train,knowledge,1144,B,1024,0.0,0.0005562,21494.3
207,train,knowledge,1144,B,2048,1.0,0.000653,25955.3
207,train,knowledge,1144,B,4096,1.0,0.000653,25932.8
207,train,knowledge,1144,C,512,0.0,0.0001947,1650.3
207,train,knowledge,1144,C,1024,0.0,0.0002971,3154.3
207,train,knowledge,1144,C,2048,0.0,0.0005019,10409.6
207,train,knowledge,1144,C,4096,0.0,0.0009115,21746.2
207,train,knowledge,1144,D,512,0.0,0.0002136,7481.6
207,train,knowledge,1144,D,1024,1.0,0.0001796,10566.7
207,train,knowledge,1144,D,2048,1.0,0.0005713,55005.6
207,train,knowledge,1144,D,4096,1.0,0.0004678,17227.8
207,train,knowledge,1144,E,512,0.0,0.0008902,30413.6
207,train,knowledge,1144,E,1024,0.0,0.0014534,40250.0
207,train,knowledge,1144,E,2048,0.0,0.0025798,11147.5
207,train,knowledge,1144,E,4096,1.0,0.0042342,20346.6
208,train,math_comp,158,A,512,0.0,0.0001375,3952.6
208,train,math_comp,158,A,1024,0.0,0.0002655,7358.1
208,train,math_comp,158,A,2048,0.0,0.0005215,14647.4
208,train,math_comp,158,A,4096,0.0,0.0010335,28347.7
208,train,math_comp,158,B,512,0.0,0.0002427,10792.8
208,train,math_comp,158,B,1024,0.0,0.0004728,26737.8
208,train,math_comp,158,B,2048,0.0,0.0009339,40928.3
208,train,math_comp,158,B,4096,0.0,0.0008661,50301.5
208,train,math_comp,158,C,512,0.0,0.000115,1546.3
208,train,math_comp,158,C,1024,0.0,0.0002174,5653.7
208,train,math_comp,158,C,2048,0.0,0.0004222,9699.6
208,train,math_comp,158,C,4096,1.0,0.0006768,16550.9
208,train,math_comp,158,D,512,0.0,0.0001396,7771.6
208,train,math_comp,158,D,1024,0.0,0.0002676,15296.7
208,train,math_comp,158,D,2048,0.0,0.0001228,27486.6
208,train,math_comp,158,D,4096,1.0,0.0005473,27358.6
208,train,math_comp,158,E,512,0.0,0.0006127,3148.2
208,train,math_comp,158,E,1024,0.0,0.0011759,9988.0
208,train,math_comp,158,E,2048,0.0,0.0023023,66744.1
208,train,math_comp,158,E,4096,1.0,0.0029942,14824.0
209,train,knowledge,325,A,512,0.0,0.0001486,3723.4
209,train,knowledge,325,A,1024,0.0,0.0002766,9561.6
209,train,knowledge,325,A,2048,0.0,0.0005326,13954.0
209,train,knowledge,325,A,4096,0.0,0.0010446,39716.2
209,train,knowledge,325,B,512,0.0,0.0002561,13567.4
209,train,knowledge,325,B,1024,0.0,0.0004796,23166.2
209,train,knowledge,325,B,2048,0.0,0.0004688,25030.7
209,train,knowledge,325,B,4096,0.0,0.0005156,26891.0
209,train,knowledge,325,C,512,0.0,0.0001269,2820.4
209,train,knowledge,325,C,1024,0.0,0.0002293,5031.9
209,train,knowledge,325,C,2048,1.0,0.0004341,8030.1
209,train,knowledge,325,C,4096,1.0,0.0007587,18013.3
209,train,knowledge,325,D,512,0.0,0.0001527,10128.1
209,train,knowledge,325,D,1024,0.0,0.0002807,22718.9
209,train,knowledge,325,D,2048,0.0,0.0005367,40520.2
209,train,knowledge,325,D,4096,0.0,0.0010487,83702.9
209,train,knowledge,325,E,512,0.0,0.0006571,13707.2
209,train,knowledge,325,E,1024,0.0,0.0012203,6372.8
209,train,knowledge,325,E,2048,0.0,0.0023467,56625.3
209,train,knowledge,325,E,4096,0.0,0.0045995,28126.4
210,train,multihop_qa,2138,A,512,0.10909,0.0002563,5185.2
210,train,multihop_qa,2138,A,1024,1.0,0.0003843,6700.0
210,train,multihop_qa,2138,A,2048,0.85714,0.0003643,6185.5
210,train,multihop_qa,2138,A,4096,1.0,0.0003478,8786.3
210,train,multihop_qa,2138,B,512,1.0,0.0002,1852.9
210,train,multihop_qa,2138,B,1024,1.0,0.0001992,2010.0
210,train,multihop_qa,2138,B,2048,1.0,0.0002,1730.1
210,train,multihop_qa,2138,B,4096,1.0,0.0002018,1528.3
210,train,multihop_qa,2138,C,512,1.0,0.0001794,238.6
210,train,multihop_qa,2138,C,1024,0.5,0.0003408,4726.8
210,train,multihop_qa,2138,C,2048,0.5,0.0003746,5628.8
210,train,multihop_qa,2138,C,4096,1.0,0.0001794,309.2
210,train,multihop_qa,2138,D,512,0.66667,0.0002012,3149.1
210,train,multihop_qa,2138,D,1024,0.66667,0.0001696,1380.8
210,train,multihop_qa,2138,D,2048,0.42857,0.0002132,3553.3
210,train,multihop_qa,2138,D,4096,0.66667,0.0001714,1763.2
210,train,multihop_qa,2138,E,512,0.0,0.0011839,2596.7
210,train,multihop_qa,2138,E,1024,1.0,0.0013596,4437.6
210,train,multihop_qa,2138,E,2048,1.0,0.0012199,5509.3
210,train,multihop_qa,2138,E,4096,1.0,0.0012089,3667.8
211,train,math_olympiad,123,A,512,0.0,0.0001353,5030.9
211,train,math_olympiad,123,A,1024,0.0,0.0002633,6575.4
211,train,math_olympiad,123,A,2048,0.0,0.0005193,13063.5
211,train,math_olympiad,123,A,4096,0.0,0.0010313,25807.6
211,train,math_olympiad,123,B,512,0.0,0.0002403,10559.0
211,train,math_olympiad,123,B,1024,0.0,0.0004707,22282.9
211,train,math_olympiad,123,B,2048,0.0,0.0008057,44033.9
211,train,math_olympiad,123,B,4096,1.0,0.0005645,31149.6
211,train,math_olympiad,123,C,512,0.0,0.0001126,3743.7
211,train,math_olympiad,123,C,1024,0.0,0.000215,4967.2
211,train,math_olympiad,123,C,2048,0.0,0.0004198,7853.0
211,train,math_olympiad,123,C,4096,0.0,0.0008294,22839.7
211,train,math_olympiad,123,D,512,0.0,0.000137,7889.0
211,train,math_olympiad,123,D,1024,0.0,0.000265,13268.6
211,train,math_olympiad,123,D,2048,1.0,0.0003935,19604.0
211,train,math_olympiad,123,D,4096,1.0,0.0007982,48234.0
211,train,math_olympiad,123,E,512,0.0,0.0006025,2890.4
211,train,math_olympiad,123,E,1024,0.0,0.0011657,3804.8
211,train,math_olympiad,123,E,2048,0.0,0.0022918,104169.4
211,train,math_olympiad,123,E,4096,1.0,0.0034636,9758.0
212,test,coding,275,A,512,1.0,9.22e-05,2921.6
212,test,coding,275,A,1024,1.0,9.27e-05,2076.0
212,test,coding,275,A,2048,1.0,9.22e-05,2905.4
212,test,coding,275,A,4096,1.0,9.22e-05,2035.9
212,test,coding,275,B,512,1.0,0.0001486,7870.2
212,test,coding,275,B,1024,1.0,0.0001486,7210.0
212,test,coding,275,B,2048,1.0,0.0001486,7209.0
212,test,coding,275,B,4096,1.0,0.0001486,7187.3
212,test,coding,275,C,512,1.0,7.19e-05,881.4
212,test,coding,275,C,1024,0.0,0.0002267,6051.1
212,test,coding,275,C,2048,1.0,7.19e-05,822.9
212,test,coding,275,C,4096,1.0,7.19e-05,740.9
212,test,coding,275,D,512,0.0,0.0001476,6550.7
212,test,coding,275,D,1024,1.0,3.16e-05,3606.0
212,test,coding,275,D,2048,1.0,3.16e-05,3442.2
212,test,coding,275,D,4096,1.0,0.0001756,7291.1
212,test,coding,275,E,512,0.0,0.0006457,4934.5
212,test,coding,275,E,1024,1.0,0.0011396,5466.3
212,test,coding,275,E,2048,1.0,0.0011861,2973.4
212,test,coding,275,E,4096,1.0,0.0011715,6421.0
213,test,math_olympiad,171,A,512,0.0,0.0001383,3276.3
213,test,math_olympiad,171,A,1024,0.0,0.0002663,6521.8
213,test,math_olympiad,171,A,2048,0.0,0.0002993,10071.6
213,test,math_olympiad,171,A,4096,0.0,0.0010343,25760.6
213,test,math_olympiad,171,B,512,0.0,0.000244,16329.6
213,test,math_olympiad,171,B,1024,0.0,0.0004744,26051.3
213,test,math_olympiad,171,B,2048,1.0,0.0005496,30751.7
213,test,math_olympiad,171,B,4096,0.0,0.0018568,88988.7
213,test,math_olympiad,171,C,512,0.0,0.0001161,1697.5
213,test,math_olympiad,171,C,1024,0.0,0.0002185,5015.3
213,test,math_olympiad,171,C,2048,0.0,0.0004233,6949.5
213,test,math_olympiad,171,C,4096,0.0,0.0008329,13390.3
213,test,math_olympiad,171,D,512,0.0,0.0001406,4602.5
213,test,math_olympiad,171,D,1024,0.0,0.0002686,7683.2
213,test,math_olympiad,171,D,2048,1.0,0.0001506,14727.2
213,test,math_olympiad,171,D,4096,1.0,0.0001401,13491.8
213,test,math_olympiad,171,E,512,0.0,0.0006169,25194.8
213,test,math_olympiad,171,E,1024,0.0,0.0011801,5914.7
213,test,math_olympiad,171,E,2048,0.0,0.0023065,12358.1
213,test,math_olympiad,171,E,4096,1.0,0.0039667,12276.6
214,train,coding,335,A,512,0.0,0.0001487,3436.5
214,train,coding,335,A,1024,0.0,0.000154,5239.0
214,train,coding,335,A,2048,0.0,0.0001529,4439.2
214,train,coding,335,A,4096,0.0,0.0001529,4402.5
214,train,coding,335,B,512,0.0,0.0002305,9787.1
214,train,coding,335,B,1024,0.0,0.0002116,9303.2
214,train,coding,335,B,2048,0.0,0.0002238,10057.8
214,train,coding,335,B,4096,0.0,0.0002116,9887.4
214,train,coding,335,C,512,0.0,0.0001106,2264.4
214,train,coding,335,C,1024,0.0,0.0001098,1086.2
214,train,coding,335,C,2048,1.0,0.0003034,8062.1
214,train,coding,335,C,4096,0.0,0.0001108,1186.9
214,train,coding,335,D,512,0.0,0.0001522,6812.6
214,train,coding,335,D,1024,0.0,0.0002801,9119.4
214,train,coding,335,D,2048,1.0,5.62e-05,5679.2
214,train,coding,335,D,4096,1.0,0.0004566,49680.1
214,train,coding,335,E,512,0.0,0.0006637,15225.8
214,train,coding,335,E,1024,0.0,0.0012269,17343.9
214,train,coding,335,E,2048,1.0,0.0013449,14425.1
214,train,coding,335,E,4096,0.0,0.0013941,7456.6
215,test,math_comp,122,A,512,0.0,0.0001356,3405.5
215,test,math_comp,122,A,1024,1.0,0.0001394,3587.2
215,test,math_comp,122,A,2048,1.0,0.0001444,4218.2
215,test,math_comp,122,A,4096,1.0,0.0001416,3637.7
215,test,math_comp,122,B,512,0.0,0.0002401,11035.9
215,test,math_comp,122,B,1024,1.0,0.0004094,21515.8
215,test,math_comp,122,B,2048,1.0,0.0003872,19015.6
215,test,math_comp,122,B,4096,1.0,0.0004054,21061.8
215,test,math_comp,122,C,512,0.0,0.000112,1745.3
215,test,math_comp,122,C,1024,0.0,0.0002144,5733.5
215,test,math_comp,122,C,2048,1.0,0.000211,2542.1
215,test,math_comp,122,C,4096,1.0,0.0003472,9006.9
215,test,math_comp,122,D,512,0.0,0.0001372,5988.8
215,test,math_comp,122,D,1024,1.0,0.0001422,5345.1
215,test,math_comp,122,D,2048,1.0,0.0001709,8334.3
215,test,math_comp,122,D,4096,1.0,0.0002037,10056.7
215,test,math_comp,122,E,512,0.0,0.0006019,1807.3
215,test,math_comp,122,E,1024,1.0,0.0010031,5905.0
215,test,math_comp,122,E,2048,1.0,0.000933,2751.7
215,test,math_comp,122,E,4096,1.0,0.0010537,8880.0
216,test,coding,241,A,512,0.0,0.0001432,3272.0
216,test,coding,241,A,1024,1.0,8.52e-05,1930.1
216,test,coding,241,A,2048,1.0,0.000111,2499.5
216,test,coding,241,A,4096,1.0,8.65e-05,2614.7
216,test,coding,241,B,512,1.0,0.0001489,10033.0
216,test,coding,241,B,1024,1.0,0.000149,6971.5
216,test,coding,241,B,2048,1.0,0.000149,6931.3
216,test,coding,241,B,4096,1.0,0.0001498,6385.0
216,test,coding,241,C,512,1.0,7.14e-05,929.6
216,test,coding,241,C,1024,1.0,7.14e-05,866.7
216,test,coding,241,C,2048,1.0,7.2e-05,839.3
216,test,coding,241,C,4096,1.0,0.0004068,10404.0
216,test,coding,241,D,512,0.0,0.000145,6210.0
216,test,coding,241,D,1024,1.0,4.9e-05,2402.3
216,test,coding,241,D,2048,1.0,0.0002102,11388.3
216,test,coding,241,D,4096,1.0,0.0002762,13867.6
216,test,coding,241,E,512,0.0,0.0006355,2415.3
216,test,coding,241,E,1024,1.0,0.0011467,9147.3
216,test,coding,241,E,2048,1.0,0.0010271,3556.2
216,test,coding,241,E,4096,1.0,0.0010271,3339.6
217,test,coding,358,A,512,1.0,0.0001386,4171.3
217,test,coding,358,A,1024,1.0,0.0001386,2914.3
217,test,coding,358,A,2048,1.0,0.0001386,2888.1
217,test,coding,358,A,4096,1.0,0.0001386,4283.6
217,test,coding,358,B,512,1.0,0.0002178,8825.0
217,test,coding,358,B,1024,1.0,0.0002179,9149.9
217,test,coding,358,B,2048,1.0,0.0002187,8925.2
217,test,coding,358,B,4096,1.0,0.0002179,9917.8
217,test,coding,358,C,512,1.0,0.0001181,1724.2
217,test,coding,358,C,1024,0.0,0.0002333,5789.4
217,test,coding,358,C,2048,0.0,0.0004381,11101.9
217,test,coding,358,C,4096,1.0,0.0001191,1512.7
217,test,coding,358,D,512,0.0,0.0001538,7903.3
217,test,coding,358,D,1024,1.0,0.0002088,7676.5
217,test,coding,358,D,2048,1.0,4.43e-05,2219.6
217,test,coding,358,D,4096,1.0,0.0002553,9510.6
217,test,coding,358,E,512,0.0,0.0006706,5252.8
217,test,coding,358,E,1024,0.0,0.0012338,34801.4
217,test,coding,358,E,2048,1.0,0.0015146,4633.9
217,test,coding,358,E,4096,1.0,0.0013111,4236.7
218,train,coding,341,A,512,1.0,0.0001135,2333.7
218,train,coding,341,A,1024,1.0,0.0001135,2358.7
218,train,coding,341,A,2048,1.0,0.0001135,2682.5
218,train,coding,341,A,4096,1.0,0.0001135,2453.8
218,train,coding,341,B,512,1.0,0.0001894,8404.6
218,train,coding,341,B,1024,1.0,0.0001897,7903.4
218,train,coding,341,B,2048,1.0,0.0001902,7860.3
218,train,coding,341,B,4096,1.0,0.0001894,7593.6
218,train,coding,341,C,512,0.0,0.0001291,2832.2
218,train,coding,341,C,1024,0.0,0.0002315,5436.3
218,train,coding,341,C,2048,0.0,0.0004363,9955.8
218,train,coding,341,C,4096,1.0,9.27e-05,977.3
218,train,coding,341,D,512,0.0,0.0001525,6548.4
218,train,coding,341,D,1024,1.0,0.0002805,11241.9
218,train,coding,341,D,2048,1.0,0.0003848,16192.9
218,train,coding,341,D,4096,1.0,0.0004663,38404.2
218,train,coding,341,E,512,0.0,0.0006655,3086.0
218,train,coding,341,E,1024,1.0,0.0011792,19729.0
218,train,coding,341,E,2048,1.0,0.0011253,5545.4
218,train,coding,341,E,4096,1.0,0.0010728,13617.0
219,train,math_olympiad,134,A,512,0.0,0.000136,4497.9
219,train,math_olympiad,134,A,1024,0.0,0.000264,6574.4
219,train,math_olympiad,134,A,2048,0.0,0.00052,13015.9
219,train,math_olympiad,134,A,4096,0.0,0.001032,25935.5
219,train,math_olympiad,134,B,512,0.0,0.0002411,10857.3
219,train,math_olympiad,134,B,1024,0.0,0.0004715,21887.5
219,train,math_olympiad,134,B,2048,0.0,0.000932,41629.8
219,train,math_olympiad,134,B,4096,0.0,0.0010831,51206.0
219,train,math_olympiad,134,C,512,0.0,0.0001131,2805.8
219,train,math_olympiad,134,C,1024,0.0,0.0002155,3543.7
219,train,math_olympiad,134,C,2048,0.0,0.0004203,6373.1
219,train,math_olympiad,134,C,4096,0.0,0.0008299,12329.9
219,train,math_olympiad,134,D,512,0.0,0.0001047,15530.2
219,train,math_olympiad,134,D,1024,0.0,0.0002657,16188.5
219,train,math_olympiad,134,D,2048,0.0,0.0005217,12471.6
219,train,math_olympiad,134,D,4096,0.0,0.0010337,40919.5
219,train,math_olympiad,134,E,512,0.0,0.0006055,4943.0
219,train,math_olympiad,134,E,1024,0.0,0.0011687,5810.5
219,train,math_olympiad,134,E,2048,0.0,0.0022951,11724.5
219,train,math_olympiad,134,E,4096,1.0,0.0039913,33143.9
220,train,math_comp,187,A,512,0.0,0.0001407,3462.1
220,train,math_comp,187,A,1024,1.0,0.0001382,3289.0
220,train,math_comp,187,A,2048,1.0,0.0002667,6554.6
220,train,math_comp,187,A,4096,1.0,0.0001844,6066.5
220,train,math_comp,187,B,512,1.0,0.0001849,10005.8
220,train,math_comp,187,B,1024,1.0,0.0002128,9891.9
220,train,math_comp,187,B,2048,1.0,0.0001814,8138.8
220,train,math_comp,187,B,4096,1.0,0.0001817,7994.0
220,train,math_comp,187,C,512,1.0,9.78e-05,1750.2
220,train,math_comp,187,C,1024,0.0,0.0002196,4149.9
220,train,math_comp,187,C,2048,0.0,0.0004244,12035.6
220,train,math_comp,187,C,4096,1.0,0.000305,5502.2
220,train,math_comp,187,D,512,1.0,0.0001152,4249.5
220,train,math_comp,187,D,1024,1.0,0.0001272,7482.4
220,train,math_comp,187,D,2048,1.0,0.0001072,4091.9
220,train,math_comp,187,D,4096,1.0,2.44e-05,5051.0
220,train,math_comp,187,E,512,0.0,0.0006193,3273.9
220,train,math_comp,187,E,1024,0.0,0.0011825,6348.1
220,train,math_comp,187,E,2048,1.0,0.0012818,3831.2
220,train,math_comp,187,E,4096,1.0,0.0016962,50218.6
221,test,math_comp,316,A,512,0.0,0.000148,3363.0
221,test,math_comp,316,A,1024,0.0,0.000276,6601.6
221,test,math_comp,316,A,2048,0.0,0.000532,17509.0
221,test,math_comp,316,A,4096,0.0,0.001044,36758.4
221,test,math_comp,316,B,512,0.0,0.0002566,13975.0
221,test,math_comp,316,B,1024,0.0,0.0004866,20258.0
221,test,math_comp,316,B,2048,0.0,0.000518,29962.6
221,test,math_comp,316,B,4096,0.0,0.0018694,100337.6
221,test,math_comp,316,C,512,0.0,0.0001277,3066.6
221,test,math_comp,316,C,1024,0.0,0.0002301,5339.4
221,test,math_comp,316,C,2048,0.0,0.0004349,7274.6
221,test,math_comp,316,C,4096,0.0,0.0008445,14480.3
221,test,math_comp,316,D,512,0.0,0.0001502,8518.4
221,test,math_comp,316,D,1024,0.0,0.0002782,16326.9
221,test,math_comp,316,D,2048,0.0,0.0005342,31761.8
221,test,math_comp,316,D,4096,0.0,0.0010462,59914.8
221,test,math_comp,316,E,512,0.0,0.0006556,18904.5
221,test,math_comp,316,E,1024,0.0,0.0012188,33437.3
221,test,math_comp,316,E,2048,0.0,0.0023452,14220.5
221,test,math_comp,316,E,4096,0.0,0.0045983,17919.3
222,test,coding,191,A,512,1.0,7.54e-05,1817.1
222,test,coding,191,A,1024,1.0,7.69e-05,1779.5
222,test,coding,191,A,2048,1.0,7.54e-05,1845.6
222,test,coding,191,A,4096,1.0,7.54e-05,2372.5
222,test,coding,191,B,512,0.0,9.31e-05,3913.9
222,test,coding,191,B,1024,0.0,9.28e-05,4324.4
222,test,coding,191,B,2048,0.0,9.31e-05,4058.0
222,test,coding,191,B,4096,0.0,9.31e-05,3982.5
222,test,coding,191,C,512,1.0,5.07e-05,796.4
222,test,coding,191,C,1024,1.0,5.19e-05,650.2
222,test,coding,191,C,2048,1.0,5.19e-05,617.9
222,test,coding,191,C,4096,1.0,5.19e-05,616.3
222,test,coding,191,D,512,0.0,0.0001414,4984.9
222,test,coding,191,D,1024,0.0,0.0002694,13133.8
222,test,coding,191,D,2048,1.0,0.0004736,23041.0
222,test,coding,191,D,4096,1.0,0.0005886,28418.1
222,test,coding,191,E,512,0.0,0.0006208,30330.9
222,test,coding,191,E,1024,0.0,0.001184,7512.9
222,test,coding,191,E,2048,1.0,0.0013446,7411.7
222,test,coding,191,E,4096,1.0,0.0016199,4800.0
223,train,math_olympiad,159,A,512,0.0,0.0001378,3250.3
223,train,math_olympiad,159,A,1024,0.0,0.0002658,6417.8
223,train,math_olympiad,159,A,2048,0.0,0.0005218,12550.6
223,train,math_olympiad,159,A,4096,0.0,0.0010338,35934.0
223,train,math_olympiad,159,B,512,0.0,0.0002432,10827.7
223,train,math_olympiad,159,B,1024,0.0,0.0004736,22658.9
223,train,math_olympiad,159,B,2048,0.0,0.0007108,34950.9
223,train,math_olympiad,159,B,4096,0.0,0.000692,24860.2
223,train,math_olympiad,159,C,512,0.0,0.0001143,3136.0
223,train,math_olympiad,159,C,1024,0.0,0.0002167,7280.8
223,train,math_olympiad,159,C,2048,0.0,0.0004215,5912.4
223,train,math_olympiad,159,C,4096,0.0,0.0008311,13837.6
223,train,math_olympiad,159,D,512,0.0,0.0001393,11326.8
223,train,math_olympiad,159,D,1024,0.0,0.0002673,14901.6
223,train,math_olympiad,159,D,2048,0.0,0.0005233,57990.0
223,train,math_olympiad,159,D,4096,0.0,0.0010353,50698.5
223,train,math_olympiad,159,E,512,0.0,0.0006109,3834.0
223,train,math_olympiad,159,E,1024,0.0,0.0011741,50076.9
223,train,math_olympiad,159,E,2048,0.0,0.0023005,19400.0
223,train,math_olympiad,159,E,4096,0.0,0.0045533,30514.4
224,train,knowledge,283,A,512,0.0,0.0001457,4822.5
224,train,knowledge,283,A,1024,0.0,0.000165,3705.4
224,train,knowledge,283,A,2048,0.0,0.0001347,2989.3
224,train,knowledge,283,A,4096,1.0,0.0001902,4384.7
224,train,knowledge,283,B,512,0.0,0.0002534,11246.8
224,train,knowledge,283,B,1024,0.0,0.0004834,15085.8
224,train,knowledge,283,B,2048,0.0,0.000555,16584.4
224,train,knowledge,283,B,4096,0.0,0.0010391,50068.5
224,train,knowledge,283,C,512,0.0,0.0001238,3107.1
224,train,knowledge,283,C,1024,1.0,0.0001926,2620.6
224,train,knowledge,283,C,2048,1.0,0.0003432,9377.0
224,train,knowledge,283,C,4096,0.0,0.0008406,12668.5
224,train,knowledge,283,D,512,0.0,0.0001492,5650.1
224,train,knowledge,283,D,1024,1.0,5.62e-05,3245.8
224,train,knowledge,283,D,2048,1.0,0.0001855,8312.1
224,train,knowledge,283,D,4096,1.0,5.87e-05,3567.5
224,train,knowledge,283,E,512,0.0,0.0006418,5130.4
224,train,knowledge,283,E,1024,0.0,0.001205,9706.2
224,train,knowledge,283,E,2048,1.0,0.0012174,4068.8
224,train,knowledge,283,E,4096,1.0,0.0015724,10328.8
225,train,coding,157,A,512,1.0,0.0001045,2407.9
225,train,coding,157,A,1024,0.0,8.62e-05,1926.0
225,train,coding,157,A,2048,0.0,9.02e-05,2020.2
225,train,coding,157,A,4096,1.0,0.0001242,2859.1
225,train,coding,157,B,512,1.0,7.56e-05,1999.4
225,train,coding,157,B,1024,1.0,7.63e-05,3320.2
225,train,coding,157,B,2048,1.0,7.56e-05,2490.5
225,train,coding,157,B,4096,1.0,7.56e-05,2516.0
225,train,coding,157,C,512,1.0,5.6e-05,718.3
225,train,coding,157,C,1024,0.0,0.0002174,6257.2
225,train,coding,157,C,2048,1.0,0.0002368,6724.8
225,train,coding,157,C,4096,1.0,5.3e-05,861.3
225,train,coding,157,D,512,1.0,0.0001188,9777.9
225,train,coding,157,D,1024,1.0,0.0001156,5925.3
225,train,coding,157,D,2048,1.0,0.000313,15224.9
225,train,coding,157,D,4096,1.0,0.0004156,20548.5
225,train,coding,157,E,512,0.0,0.0006112,51107.1
225,train,coding,157,E,1024,1.0,0.0010105,57594.4
225,train,coding,157,E,2048,1.0,0.0012294,60897.5
225,train,coding,157,E,4096,1.0,0.0008807,7380.2
226,train,multihop_qa,2332,A,512,0.0,0.0002704,3607.9
226,train,multihop_qa,2332,A,1024,0.0,0.0003984,6545.9
226,train,multihop_qa,2332,A,2048,0.0,0.0006544,19088.9
226,train,multihop_qa,2332,A,4096,0.15385,0.0011664,25395.5
226,train,multihop_qa,2332,B,512,1.0,0.0002127,1754.0
226,train,multihop_qa,2332,B,1024,1.0,0.0002127,1654.8
226,train,multihop_qa,2332,B,2048,1.0,0.0002127,1788.3
226,train,multihop_qa,2332,B,4096,1.0,0.0002119,1215.7
226,train,multihop_qa,2332,C,512,0.0,0.0001885,207.8
226,train,multihop_qa,2332,C,1024,0.0,0.0001885,262.4
226,train,multihop_qa,2332,C,2048,0.0,0.0005975,12448.0
226,train,multihop_qa,2332,C,4096,0.0,0.0001885,270.5
226,train,multihop_qa,2332,D,512,0.0,0.0003003,6717.6
226,train,multihop_qa,2332,D,1024,0.0,0.0004283,6932.6
226,train,multihop_qa,2332,D,2048,1.0,0.000217,8809.6
226,train,multihop_qa,2332,D,4096,1.0,0.0003758,4882.4
226,train,multihop_qa,2332,E,512,0.0,0.0012487,2219.8
226,train,multihop_qa,2332,E,1024,0.0,0.0018116,9947.0
226,train,multihop_qa,2332,E,2048,0.0,0.002938,14442.3
226,train,multihop_qa,2332,E,4096,1.0,0.004874,26885.5
227,train,math_comp,230,A,512,1.0,8.4e-05,1910.9
227,train,math_comp,230,A,1024,1.0,9.03e-05,2081.9
227,train,math_comp,230,A,2048,1.0,7.35e-05,1708.3
227,train,math_comp,230,A,4096,1.0,7.88e-05,1819.3
227,train,math_comp,230,B,512,0.0,0.000249,11127.7
227,train,math_comp,230,B,1024,1.0,0.0002553,11565.9
227,train,math_comp,230,B,2048,1.0,0.0002563,6798.3
227,train,math_comp,230,B,4096,1.0,0.0002553,11620.4
227,train,math_comp,230,C,512,0.0,0.0001202,3528.0
227,train,math_comp,230,C,1024,1.0,0.0001536,4655.0
227,train,math_comp,230,C,2048,1.0,8.54e-05,825.3
227,train,math_comp,230,C,4096,1.0,0.0001468,4190.9
227,train,math_comp,230,D,512,1.0,2.53e-05,2366.8
227,train,math_comp,230,D,1024,0.0,0.0002728,11026.6
227,train,math_comp,230,D,2048,1.0,0.0001348,5964.8
227,train,math_comp,230,D,4096,1.0,4.58e-05,3447.4
227,train,math_comp,230,E,512,0.0,0.0006322,5134.4
227,train,math_comp,230,E,1024,1.0,0.0009314,7479.8
227,train,math_comp,230,E,2048,1.0,0.0010659,3015.9
227,train,math_comp,230,E,4096,1.0,0.0009325,7238.8
228,train,math_comp,138,A,512,0.0,0.0001363,3258.0
228,train,math_comp,138,A,1024,0.0,0.0002643,9347.9
228,train,math_comp,138,A,2048,1.0,0.0002275,8403.5
228,train,math_comp,138,A,4096,1.0,0.0002088,5059.6
228,train,math_comp,138,B,512,0.0,0.000241,6587.5
228,train,math_comp,138,B,1024,1.0,0.0002742,12494.1
228,train,math_comp,138,B,2048,1.0,0.000339,16469.8
228,train,math_comp,138,B,4096,1.0,0.0003282,15482.7
228,train,math_comp,138,C,512,0.0,0.0001135,2028.0
228,train,math_comp,138,C,1024,0.0,0.0002159,6366.7
228,train,math_comp,138,C,2048,1.0,0.0003467,10378.9
228,train,math_comp,138,C,4096,1.0,0.0001341,1632.6
228,train,math_comp,138,D,512,1.0,4.86e-05,3247.0
228,train,math_comp,138,D,1024,0.0,0.0002661,17403.5
228,train,math_comp,138,D,2048,1.0,7.61e-05,5621.1
228,train,math_comp,138,D,4096,1.0,0.0002906,15077.9
228,train,math_comp,138,E,512,0.0,0.0006082,37423.0
228,train,math_comp,138,E,1024,0.0,0.0011714,10173.1
228,train,math_comp,138,E,2048,0.0,0.0022978,19078.6
228,train,math_comp,138,E,4096,1.0,0.0016532,9756.5
229,train,knowledge,139,A,512,0.0,0.0001359,3203.6
229,train,knowledge,139,A,1024,0.0,0.0002639,6368.1
229,train,knowledge,139,A,2048,0.0,0.0005199,12441.3
229,train,knowledge,139,A,4096,0.0,0.0010319,25108.8
229,train,knowledge,139,B,512,0.0,0.0002424,6333.5
229,train,knowledge,139,B,1024,1.0,0.0004398,20869.5
229,train,knowledge,139,B,2048,1.0,0.0003922,10580.7
229,train,knowledge,139,B,4096,1.0,0.000375,17890.0
229,train,knowledge,139,C,512,0.0,0.0001148,3421.1
229,train,knowledge,139,C,1024,1.0,6.9e-05,795.5
229,train,knowledge,139,C,2048,0.0,0.000422,5996.4
229,train,knowledge,139,C,4096,0.0,0.0001592,2333.2
229,train,knowledge,139,D,512,0.0,0.0001374,11600.7
229,train,knowledge,139,D,1024,1.0,0.0001422,11673.9
229,train,knowledge,139,D,2048,1.0,0.0002789,18328.6
229,train,knowledge,139,D,4096,1.0,0.0003804,25799.3
229,train,knowledge,139,E,512,0.0,0.0006049,3145.1
229,train,knowledge,139,E,1024,0.0,0.0011681,6692.2
229,train,knowledge,139,E,2048,1.0,0.0021691,18182.7
229,train,knowledge,139,E,4096,1.0,0.0037289,117159.9
230,train,math_comp,134,A,512,0.0,0.000136,3138.1
230,train,math_comp,134,A,1024,0.0,0.000264,9322.7
230,train,math_comp,134,A,2048,0.0,0.0001455,3399.3
230,train,math_comp,134,A,4096,0.0,0.0003015,7215.6
230,train,math_comp,134,B,512,0.0,0.0002409,12033.5
230,train,math_comp,134,B,1024,0.0,0.000471,11429.7
230,train,math_comp,134,B,2048,0.0,0.0008452,39751.6
230,train,math_comp,134,B,4096,0.0,0.0007945,19280.8
230,train,math_comp,134,C,512,0.0,0.0001132,1838.5
230,train,math_comp,134,C,1024,0.0,0.0002156,3262.5
230,train,math_comp,134,C,2048,0.0,0.0004204,6705.2
230,train,math_comp,134,C,4096,1.0,0.0006206,17371.6
230,train,math_comp,134,D,512,0.0,0.0001378,8513.7
230,train,math_comp,134,D,1024,0.0,0.0002658,14995.1
230,train,math_comp,134,D,2048,0.0,0.0005218,21024.5
230,train,math_comp,134,D,4096,0.0,0.0010338,42929.7
230,train,math_comp,134,E,512,0.0,0.000607,2665.7
230,train,math_comp,134,E,1024,0.0,0.0011699,32391.3
230,train,math_comp,134,E,2048,0.0,0.0022963,18662.4
230,train,math_comp,134,E,4096,0.0,0.0041729,25508.7
231,train,math_olympiad,142,A,512,0.0,0.0001365,3291.2
231,train,math_olympiad,142,A,1024,0.0,0.0002645,9088.2
231,train,math_olympiad,142,A,2048,0.0,0.0001137,2817.2
231,train,math_olympiad,142,A,4096,1.0,0.0003592,12372.1
231,train,math_olympiad,142,B,512,0.0,0.0002418,10963.5
231,train,math_olympiad,142,B,1024,0.0,0.0004718,13114.9
231,train,math_olympiad,142,B,2048,1.0,0.0005037,23582.0
231,train,math_olympiad,142,B,4096,0.0,0.0010518,50819.7
231,train,math_olympiad,142,C,512,0.0,0.0001139,1369.3
231,train,math_olympiad,142,C,1024,0.0,0.0002163,3591.5
231,train,math_olympiad,142,C,2048,0.0,0.0004211,5127.6
231,train,math_olympiad,142,C,4096,0.0,0.0008307,21371.9
231,train,math_olympiad,142,D,512,0.0,0.0001384,3547.5
231,train,math_olympiad,142,D,1024,0.0,0.0002664,10199.8
231,train,math_olympiad,142,D,2048,1.0,0.0004048,17750.5
231,train,math_olympiad,142,D,4096,1.0,0.0006349,23037.7
231,train,math_olympiad,142,E,512,0.0,0.0006076,15291.5
231,train,math_olympiad,142,E,1024,0.0,0.0011711,3364.6
231,train,math_olympiad,142,E,2048,0.0,0.0022972,19068.0
231,train,math_olympiad,142,E,4096,1.0,0.0040374,24395.3
232,train,knowledge,508,A,512,0.0,0.0001585,3291.0
232,train,knowledge,508,A,1024,0.0,0.0002865,6772.4
232,train,knowledge,508,A,2048,0.0,0.0005425,18840.2
232,train,knowledge,508,A,4096,0.0,0.0010545,40423.8
232,train,knowledge,508,B,512,0.0,0.0002773,11089.9
232,train,knowledge,508,B,1024,0.0,0.0005077,22038.7
232,train,knowledge,508,B,2048,0.0,0.0008444,19822.9
232,train,knowledge,508,B,4096,1.0,0.0006932,16140.6
232,train,knowledge,508,C,512,0.0,0.0001442,1729.4
232,train,knowledge,508,C,1024,0.0,0.0002466,3924.8
232,train,knowledge,508,C,2048,0.0,0.0004514,8389.2
232,train,knowledge,508,C,4096,0.0,0.000861,15047.6
232,train,knowledge,508,D,512,0.0,0.0001638,19049.5
232,train,knowledge,508,D,1024,0.0,0.0002918,15470.3
232,train,knowledge,508,D,2048,0.0,0.0005478,43367.8
232,train,knowledge,508,D,4096,1.0,0.0003974,20983.7
232,train,knowledge,508,E,512,0.0,0.0006991,4960.5
232,train,knowledge,508,E,1024,0.0,0.0012623,9705.5
232,train,knowledge,508,E,2048,0.0,0.002389,9635.6
232,train,knowledge,508,E,4096,0.0,0.0046415,31594.1
233,train,math_olympiad,146,A,512,0.0,0.0001367,3344.2
233,train,math_olympiad,146,A,1024,0.0,0.0002647,6214.3
233,train,math_olympiad,146,A,2048,0.0,0.0005207,12353.0
233,train,math_olympiad,146,A,4096,0.0,0.0010327,24793.8
233,train,math_olympiad,146,B,512,0.0,0.0002421,5600.8
233,train,math_olympiad,146,B,1024,0.0,0.0004725,11208.4
233,train,math_olympiad,146,B,2048,1.0,0.0004288,10226.3
233,train,math_olympiad,146,B,4096,1.0,0.0005606,28321.4
233,train,math_olympiad,146,C,512,0.0,0.0001145,2907.7
233,train,math_olympiad,146,C,1024,0.0,0.0002169,5901.8
233,train,math_olympiad,146,C,2048,1.0,0.0003855,4352.2
233,train,math_olympiad,146,C,4096,1.0,0.0004411,6024.2
233,train,math_olympiad,146,D,512,0.0,0.0001386,6860.1
233,train,math_olympiad,146,D,1024,0.0,0.0002666,17963.0
233,train,math_olympiad,146,D,2048,1.0,0.0001521,35040.9
233,train,math_olympiad,146,D,4096,1.0,0.0001031,12855.7
233,train,math_olympiad,146,E,512,0.0,0.0006097,9219.7
233,train,math_olympiad,146,E,1024,0.0,0.0011732,4271.4
233,train,math_olympiad,146,E,2048,1.0,0.0013228,4178.6
233,train,math_olympiad,146,E,4096,1.0,0.0011729,9427.2
234,train,coding,223,A,512,0.0,0.0001416,3329.8
234,train,coding,223,A,1024,1.0,0.0001924,4512.6
234,train,coding,223,A,2048,0.0,0.0001121,2526.4
234,train,coding,223,A,4096,1.0,0.0001776,6316.6
234,train,coding,223,B,512,1.0,0.0001246,5294.5
234,train,coding,223,B,1024,1.0,0.0001214,5597.4
234,train,coding,223,B,2048,1.0,0.0001214,5265.2
234,train,coding,223,B,4096,1.0,0.0001214,5376.5
234,train,coding,223,C,512,0.0,7.42e-05,958.8
234,train,coding,223,C,1024,0.0,0.0002226,6180.4
234,train,coding,223,C,2048,1.0,0.0002896,7634.0
234,train,coding,223,C,4096,1.0,5.88e-05,2730.7
234,train,coding,223,D,512,0.0,0.0001436,7182.1
234,train,coding,223,D,1024,0.0,0.0002716,13038.1
234,train,coding,223,D,2048,1.0,0.0004111,17681.3
234,train,coding,223,D,4096,1.0,2.94e-05,1519.6
234,train,coding,223,E,512,0.0,0.0006298,4807.0
234,train,coding,223,E,1024,0.0,0.0011933,4568.0
234,train,coding,223,E,2048,1.0,0.0021973,18039.0
234,train,coding,223,E,4096,1.0,0.0024041,74927.7
235,test,knowledge,219,A,512,0.0,0.0001416,4984.1
235,test,knowledge,219,A,1024,0.0,0.0002696,6408.7
235,test,knowledge,219,A,2048,0.0,0.0005256,20305.2
235,test,knowledge,219,A,4096,0.0,0.0010376,24964.2
235,test,knowledge,219,B,512,0.0,0.0002471,5645.4
235,test,knowledge,219,B,1024,0.0,0.0002875,16442.8
235,test,knowledge,219,B,2048,0.0,0.0002204,12376.1
235,test,knowledge,219,B,4096,0.0,0.0002663,15269.9
235,test,knowledge,219,C,512,0.0,0.0001199,2761.3
235,test,knowledge,219,C,1024,0.0,0.0002223,5250.4
235,test,knowledge,219,C,2048,0.0,8.55e-05,2228.1
235,test,knowledge,219,C,4096,1.0,0.0002309,5994.1
235,test,knowledge,219,D,512,1.0,3e-05,1602.5
235,test,knowledge,219,D,1024,1.0,0.0002285,16107.1
235,test,knowledge,219,D,2048,1.0,0.0001288,6339.1
235,test,knowledge,219,D,4096,1.0,0.0001758,11478.7
235,test,knowledge,219,E,512,0.0,0.0006316,6040.3
235,test,knowledge,219,E,1024,0.0,0.0011948,55982.5
235,test,knowledge,219,E,2048,1.0,0.0009869,7894.6
235,test,knowledge,219,E,4096,1.0,0.0010595,9540.1
236,train,multihop_qa,2180,A,512,0.0,0.0002588,5333.5
236,train,multihop_qa,2180,A,1024,1.0,0.000291,4245.3
236,train,multihop_qa,2180,A,2048,1.0,0.0002473,2999.1
236,train,multihop_qa,2180,A,4096,1.0,0.0002263,2540.8
236,train,multihop_qa,2180,B,512,1.0,0.0002013,1334.6
236,train,multihop_qa,2180,B,1024,1.0,0.0002022,1875.1
236,train,multihop_qa,2180,B,2048,1.0,0.0002013,1923.1
236,train,multihop_qa,2180,B,4096,1.0,0.0002013,1654.9
236,train,multihop_qa,2180,C,512,0.0,0.0002828,2675.0
236,train,multihop_qa,2180,C,1024,1.0,0.0001822,383.8
236,train,multihop_qa,2180,C,2048,1.0,0.00031,3042.6
236,train,multihop_qa,2180,C,4096,1.0,0.0001822,343.6
236,train,multihop_qa,2180,D,512,1.0,0.0001981,3694.7
236,train,multihop_qa,2180,D,1024,1.0,0.0001921,2219.4
236,train,multihop_qa,2180,D,2048,1.0,0.0001996,2775.5
236,train,multihop_qa,2180,D,4096,1.0,0.0001918,2365.8
236,train,multihop_qa,2180,E,512,1.0,0.0008578,1395.0
236,train,multihop_qa,2180,E,1024,1.0,0.0008578,1276.5
236,train,multihop_qa,2180,E,2048,1.0,0.0008567,1369.2
236,train,multihop_qa,2180,E,4096,1.0,0.0008578,1346.8
237,train,knowledge,883,A,512,0.0,0.000181,5214.2
237,train,knowledge,883,A,1024,0.0,0.0001147,1680.7
237,train,knowledge,883,A,2048,0.0,0.000565,12680.7
237,train,knowledge,883,A,4096,0.0,0.0002815,5647.1
237,train,knowledge,883,B,512,0.0,0.0003085,11163.5
237,train,knowledge,883,B,1024,0.0,0.0005389,21774.8
237,train,knowledge,883,B,2048,0.0,0.0007715,33350.1
237,train,knowledge,883,B,4096,0.0,0.0006959,29290.0
237,train,knowledge,883,C,512,0.0,0.0001778,2526.0
237,train,knowledge,883,C,1024,0.0,0.0002802,3348.7
237,train,knowledge,883,C,2048,0.0,0.000485,6553.4
237,train,knowledge,883,C,4096,0.0,0.0008946,11761.7
237,train,knowledge,883,D,512,0.0,0.0001925,9064.4
237,train,knowledge,883,D,1024,0.0,0.0003205,14793.1
237,train,knowledge,883,D,2048,0.0,0.0005765,32510.8
237,train,knowledge,883,D,4096,0.0,0.0010885,110829.7
237,train,knowledge,883,E,512,0.0,0.0008104,5094.9
237,train,knowledge,883,E,1024,0.0,0.0013736,7745.6
237,train,knowledge,883,E,2048,0.0,0.0025,14668.3
237,train,knowledge,883,E,4096,0.0,0.0047528,37830.9
238,test,math_olympiad,124,A,512,0.0,0.0001354,3184.5
238,test,math_olympiad,124,A,1024,0.0,0.0002634,10120.8
238,test,math_olympiad,124,A,2048,0.0,0.0005194,12339.3
238,test,math_olympiad,124,A,4096,0.0,0.0010314,40977.4
238,test,math_olympiad,124,B,512,0.0,0.0002403,11369.9
238,test,math_olympiad,124,B,1024,1.0,0.0003596,17498.1
238,test,math_olympiad,124,B,2048,0.0,0.0009315,45973.3
238,test,math_olympiad,124,B,4096,1.0,0.000914,45422.1
238,test,math_olympiad,124,C,512,0.0,0.0001124,3194.8
238,test,math_olympiad,124,C,1024,1.0,0.0001296,1930.3
238,test,math_olympiad,124,C,2048,1.0,0.0004188,9899.2
238,test,math_olympiad,124,C,4096,1.0,0.0006078,16989.1
238,test,math_olympiad,124,D,512,0.0,0.0001369,6652.5
238,test,math_olympiad,124,D,1024,1.0,0.0002244,9890.0
238,test,math_olympiad,124,D,2048,1.0,8.69e-05,6048.3
238,test,math_olympiad,124,D,4096,1.0,7.32e-05,4807.0
238,test,math_olympiad,124,E,512,0.0,0.0006028,3911.5
238,test,math_olympiad,124,E,1024,0.0,0.001166,6979.1
238,test,math_olympiad,124,E,2048,1.0,0.0014402,4238.8
238,test,math_olympiad,124,E,4096,1.0,0.0015224,47799.6
239,test,math_olympiad,118,A,512,0.0,0.0001353,5386.1
239,test,math_olympiad,118,A,1024,0.0,0.0002633,10409.6
239,test,math_olympiad,118,A,2048,0.0,0.0005193,12401.4
239,test,math_olympiad,118,A,4096,0.0,0.0010313,41945.9
239,test,math_olympiad,118,B,512,0.0,0.0002398,10778.4
239,test,math_olympiad,118,B,1024,0.0,0.0004243,19853.4
239,test,math_olympiad,118,B,2048,0.0,0.0005273,25602.7
239,test,math_olympiad,118,B,4096,0.0,0.0004982,11807.1
239,test,math_olympiad,118,C,512,0.0,0.0001118,2578.3
239,test,math_olympiad,118,C,1024,0.0,9.34e-05,1527.7
239,test,math_olympiad,118,C,2048,0.0,0.0001046,1692.8
239,test,math_olympiad,118,C,4096,0.0,0.0008286,17980.1
239,test,math_olympiad,118,D,512,0.0,0.0001368,7694.9
239,test,math_olympiad,118,D,1024,0.0,0.0002648,18458.3
239,test,math_olympiad,118,D,2048,0.0,0.0005208,67526.5
239,test,math_olympiad,118,D,4096,0.0,0.0010328,57768.1
239,test,math_olympiad,118,E,512,0.0,0.0006016,4860.6
239,test,math_olympiad,118,E,1024,0.0,0.0011648,7892.9
239,test,math_olympiad,118,E,2048,0.0,0.0022912,59303.2
239,test,math_olympiad,118,E,4096,0.0,0.004544,28655.4
240,train,coding,193,A,512,1.0,4.9e-05,1001.8
240,train,coding,193,A,1024,1.0,4.9e-05,974.4
240,train,coding,193,A,2048,1.0,4.9e-05,967.5
240,train,coding,193,A,4096,1.0,4.9e-05,1104.3
240,train,coding,193,B,512,1.0,9.12e-05,3614.8
240,train,coding,193,B,1024,1.0,9.12e-05,3698.6
240,train,coding,193,B,2048,1.0,9.12e-05,3558.6
240,train,coding,193,B,4096,1.0,9.12e-05,4240.6
240,train,coding,193,C,512,1.0,4.5e-05,325.2
240,train,coding,193,C,1024,1.0,4.5e-05,462.5
240,train,coding,193,C,2048,1.0,4.5e-05,343.3
240,train,coding,193,C,4096,1.0,4.5e-05,497.5
240,train,coding,193,D,512,1.0,0.0001152,4906.4
240,train,coding,193,D,1024,1.0,9.52e-05,3235.5
240,train,coding,193,D,2048,1.0,0.0001262,4835.7
240,train,coding,193,D,4096,1.0,0.000118,7356.9
240,train,coding,193,E,512,0.0,0.0006214,27345.3
240,train,coding,193,E,1024,1.0,0.0007424,28711.0
240,train,coding,193,E,2048,1.0,0.0007424,28607.8
240,train,coding,193,E,4096,1.0,0.0008095,4281.2
241,test,knowledge,311,A,512,0.0,9.63e-05,1992.4
241,test,knowledge,311,A,1024,1.0,7.81e-05,1540.3
241,test,knowledge,311,A,2048,1.0,7.08e-05,1371.1
241,test,knowledge,311,A,4096,1.0,6.43e-05,2076.7
241,test,knowledge,311,B,512,0.0,0.0002553,12331.6
241,test,knowledge,311,B,1024,0.0,0.0001938,4202.3
241,test,knowledge,311,B,2048,0.0,0.0002058,9792.2
241,test,knowledge,311,B,4096,0.0,0.0002053,10446.2
241,test,knowledge,311,C,512,0.0,8.59e-05,930.7
241,test,knowledge,311,C,1024,0.0,8.73e-05,801.9
241,test,knowledge,311,C,2048,0.0,8.73e-05,1221.2
241,test,knowledge,311,C,4096,0.0,8.51e-05,842.9
241,test,knowledge,311,D,512,0.0,0.000151,5355.4
241,test,knowledge,311,D,1024,0.0,0.000143,6190.0
241,test,knowledge,311,D,2048,0.0,0.0001528,6512.4
241,test,knowledge,311,D,4096,0.0,0.0001498,6452.3
241,test,knowledge,311,E,512,0.0,0.0006559,4744.2
241,test,knowledge,311,E,1024,0.0,0.0009375,7590.4
241,test,knowledge,311,E,2048,0.0,0.000676,1672.5
241,test,knowledge,311,E,4096,0.0,0.000657,2966.9
242,train,math_olympiad,193,A,512,0.0,0.0001397,3345.5
242,train,math_olympiad,193,A,1024,0.0,0.0002677,6578.8
242,train,math_olympiad,193,A,2048,0.0,0.0005237,13013.9
242,train,math_olympiad,193,A,4096,0.0,0.0003224,12538.3
242,train,math_olympiad,193,B,512,0.0,0.0002462,11347.8
242,train,math_olympiad,193,B,1024,0.0,0.0004762,11084.2
242,train,math_olympiad,193,B,2048,0.0,0.0009374,45724.3
242,train,math_olympiad,193,B,4096,0.0,0.0010251,49555.4
242,train,math_olympiad,193,C,512,0.0,0.0001177,2951.8
242,train,math_olympiad,193,C,1024,0.0,0.0002201,2604.7
242,train,math_olympiad,193,C,2048,0.0,0.0004249,4626.7
242,train,math_olympiad,193,C,4096,0.0,0.0008345,22569.1
242,train,math_olympiad,193,D,512,0.0,0.0001423,12313.0
242,train,math_olympiad,193,D,1024,0.0,0.0002703,11642.6
242,train,math_olympiad,193,D,2048,1.0,0.0001796,14831.8
242,train,math_olympiad,193,D,4096,0.0,0.0010383,47172.6
242,train,math_olympiad,193,E,512,0.0,0.0006211,15926.0
242,train,math_olympiad,193,E,1024,0.0,0.0011843,24441.3
242,train,math_olympiad,193,E,2048,0.0,0.002311,7387.9
242,train,math_olympiad,193,E,4096,1.0,0.003436,17621.6
243,train,coding,205,A,512,1.0,0.0001065,3119.8
243,train,coding,205,A,1024,1.0,7.8e-05,1727.0
243,train,coding,205,A,2048,1.0,7.8e-05,1763.9
243,train,coding,205,A,4096,1.0,8.35e-05,1969.4
243,train,coding,205,B,512,1.0,0.0001093,4456.6
243,train,coding,205,B,1024,1.0,0.0001093,4867.9
243,train,coding,205,B,2048,1.0,0.0001093,4912.6
243,train,coding,205,B,4096,1.0,0.0001143,2906.8
243,train,coding,205,C,512,1.0,4.98e-05,464.2
243,train,coding,205,C,1024,1.0,4.98e-05,416.5
243,train,coding,205,C,2048,1.0,0.000264,7145.4
243,train,coding,205,C,4096,1.0,0.0001932,5272.9
243,train,coding,205,D,512,0.0,0.0001423,6743.1
243,train,coding,205,D,1024,0.0,0.0002703,11573.1
243,train,coding,205,D,2048,1.0,0.0002173,7456.0
243,train,coding,205,D,4096,1.0,0.0003173,14255.8
243,train,coding,205,E,512,0.0,0.0006247,3410.7
243,train,coding,205,E,1024,1.0,0.0007493,2335.8
243,train,coding,205,E,2048,1.0,0.000925,13317.3
243,train,coding,205,E,4096,1.0,0.0007534,10630.3
244,test,multihop_qa,3745,A,512,1.0,0.0003284,3037.5
244,test,multihop_qa,3745,A,1024,1.0,0.0004424,8987.8
244,test,multihop_qa,3745,A,2048,1.0,0.0003357,3048.6
244,test,multihop_qa,3745,A,4096,1.0,0.0004462,5898.0
244,test,multihop_qa,3745,B,512,0.5,0.0003643,3294.8
244,test,multihop_qa,3745,B,1024,0.5,0.0003526,2611.8
244,test,multihop_qa,3745,B,2048,0.5,0.0003526,2332.2
244,test,multihop_qa,3745,B,4096,0.5,0.0003567,2830.0
244,test,multihop_qa,3745,C,512,0.5,0.0003268,348.7
244,test,multihop_qa,3745,C,1024,0.5,0.0003268,215.6
244,test,multihop_qa,3745,C,2048,0.5,0.0004178,2404.5
244,test,multihop_qa,3745,C,4096,0.5,0.0003268,399.6
244,test,multihop_qa,3745,D,512,1.0,0.0003168,2121.1
244,test,multihop_qa,3745,D,1024,1.0,0.000323,2727.1
244,test,multihop_qa,3745,D,2048,1.0,0.0003188,2208.8
244,test,multihop_qa,3745,D,4096,1.0,0.000333,8556.9
244,test,multihop_qa,3745,E,512,1.0,0.0014414,3249.7
244,test,multihop_qa,3745,E,1024,1.0,0.0014725,1562.5
244,test,multihop_qa,3745,E,2048,1.0,0.0014777,2948.3
244,test,multihop_qa,3745,E,4096,1.0,0.0014469,2825.8
245,test,multihop_qa,2721,A,512,1.0,0.0002415,2093.6
245,test,multihop_qa,2721,A,1024,1.0,0.0002443,3753.0
245,test,multihop_qa,2721,A,2048,1.0,0.0002443,3732.2
245,test,multihop_qa,2721,A,4096,1.0,0.0002323,1927.1
245,test,multihop_qa,2721,B,512,1.0,0.0002952,3236.8
245,test,multihop_qa,2721,B,1024,1.0,0.0002848,2868.2
245,test,multihop_qa,2721,B,2048,1.0,0.0002857,2527.9
245,test,multihop_qa,2721,B,4096,1.0,0.0002857,2417.0
245,test,multihop_qa,2721,C,512,0.0,0.0003451,2744.6
245,test,multihop_qa,2721,C,1024,1.0,0.0002449,209.2
245,test,multihop_qa,2721,C,2048,1.0,0.0004929,5965.5
245,test,multihop_qa,2721,C,4096,1.0,0.0002449,262.8
245,test,multihop_qa,2721,D,512,1.0,0.0002108,1199.9
245,test,multihop_qa,2721,D,1024,1.0,0.000217,4810.3
245,test,multihop_qa,2721,D,2048,1.0,0.000218,4976.7
245,test,multihop_qa,2721,D,4096,1.0,0.0002528,3484.1
245,test,multihop_qa,2721,E,512,0.66667,0.0013669,8816.7
245,test,multihop_qa,2721,E,1024,1.0,0.0012143,1464.2
245,test,multihop_qa,2721,E,2048,1.0,0.0013086,4597.0
245,test,multihop_qa,2721,E,4096,1.0,0.001324,2686.9
246,test,multihop_qa,2920,A,512,0.09836,0.0003077,3347.9
246,test,multihop_qa,2920,A,1024,0.08696,0.0004357,6706.4
246,test,multihop_qa,2920,A,2048,0.07742,0.0006917,20051.6
246,test,multihop_qa,2920,A,4096,0.57143,0.0010597,33716.8
246,test,multihop_qa,2920,B,512,0.6,0.0002908,3701.1
246,test,multihop_qa,2920,B,1024,0.6,0.000289,3500.4
246,test,multihop_qa,2920,B,2048,0.6,0.000289,3484.3
246,test,multihop_qa,2920,B,4096,1.0,0.0003132,4991.2
246,test,multihop_qa,2920,C,512,0.30769,0.0002441,439.7
246,test,multihop_qa,2920,C,1024,0.30769,0.0002441,349.3
246,test,multihop_qa,2920,C,2048,0.0,0.0002429,452.3
246,test,multihop_qa,2920,C,4096,0.30769,0.0002441,373.2
246,test,multihop_qa,2920,D,512,0.42857,0.0003468,7523.5
246,test,multihop_qa,2920,D,1024,0.28571,0.0003841,8764.2
246,test,multihop_qa,2920,D,2048,0.54545,0.0003974,10024.7
246,test,multihop_qa,2920,D,4096,0.26667,0.0003529,6918.9
246,test,multihop_qa,2920,E,512,0.0,0.0014362,8880.0
246,test,multihop_qa,2920,E,1024,0.0,0.0019994,16906.0
246,test,multihop_qa,2920,E,2048,0.27586,0.0023338,61800.7
246,test,multihop_qa,2920,E,4096,0.32258,0.0023286,5607.6
247,train,multihop_qa,2798,A,512,0.0,0.0002959,5135.7
247,train,multihop_qa,2798,A,1024,0.28571,0.0003741,5946.8
247,train,multihop_qa,2798,A,2048,0.0,0.0002599,2663.3
247,train,multihop_qa,2798,A,4096,0.0,0.0002866,3343.1
247,train,multihop_qa,2798,B,512,0.0,0.0002539,1680.2
247,train,multihop_qa,2798,B,1024,0.0,0.0002539,1760.8
247,train,multihop_qa,2798,B,2048,0.0,0.0002539,1793.1
247,train,multihop_qa,2798,B,4096,0.0,0.0002539,1560.6
247,train,multihop_qa,2798,C,512,0.28571,0.0002377,204.6
247,train,multihop_qa,2798,C,1024,0.28571,0.0002377,273.5
247,train,multihop_qa,2798,C,2048,0.0,0.0006459,11411.6
247,train,multihop_qa,2798,C,4096,0.28571,0.0002377,315.1
247,train,multihop_qa,2798,D,512,0.28571,0.0002548,3094.2
247,train,multihop_qa,2798,D,1024,0.28571,0.0002136,3371.1
247,train,multihop_qa,2798,D,2048,0.28571,0.0002441,2597.0
247,train,multihop_qa,2798,D,4096,0.28571,0.0002564,2917.6
247,train,multihop_qa,2798,E,512,0.0,0.0013885,5098.7
247,train,multihop_qa,2798,E,1024,0.28571,0.0014669,2995.9
247,train,multihop_qa,2798,E,2048,0.28571,0.0014666,5569.0
247,train,multihop_qa,2798,E,4096,0.28571,0.0015458,4857.6
248,train,math_comp,109,A,512,0.0,7.13e-05,1757.4
248,train,math_comp,109,A,1024,0.0,5.3e-05,1852.2
248,train,math_comp,109,A,2048,0.0,5.73e-05,2010.5
248,train,math_comp,109,A,4096,0.0,5.73e-05,1475.7
248,train,math_comp,109,B,512,0.0,0.0002386,10726.4
248,train,math_comp,109,B,1024,0.0,0.000469,21682.2
248,train,math_comp,109,B,2048,0.0,0.0005158,24234.8
248,train,math_comp,109,B,4096,0.0,0.0018514,87001.1
248,train,math_comp,109,C,512,0.0,0.0001111,1473.0
248,train,math_comp,109,C,1024,0.0,0.0002135,3361.1
248,train,math_comp,109,C,2048,0.0,0.0004183,4969.8
248,train,math_comp,109,C,4096,0.0,0.0008279,9745.3
248,train,math_comp,109,D,512,0.0,0.0001359,7620.1
248,train,math_comp,109,D,1024,0.0,0.0002639,18366.7
248,train,math_comp,109,D,2048,0.0,0.0005199,24532.0
248,train,math_comp,109,D,4096,1.0,0.0009061,39135.3
248,train,math_comp,109,E,512,0.0,0.0005983,2311.5
248,train,math_comp,109,E,1024,0.0,0.0011615,4101.8
248,train,math_comp,109,E,2048,0.0,0.0022876,55506.8
248,train,math_comp,109,E,4096,0.0,0.0045404,38032.8
249,train,multihop_qa,2500,A,512,0.01053,0.0002798,5108.5
249,train,multihop_qa,2500,A,1024,0.00505,0.0004078,6713.3
249,train,multihop_qa,2500,A,2048,0.0,0.0006305,18385.4
249,train,multihop_qa,2500,A,4096,0.0,0.0008036,16760.8
249,train,multihop_qa,2500,B,512,0.28571,0.0002414,2554.9
249,train,multihop_qa,2500,B,1024,0.33333,0.0002396,2284.1
249,train,multihop_qa,2500,B,2048,0.33333,0.0002392,2258.9
249,train,multihop_qa,2500,B,4096,0.33333,0.0002396,2648.2
249,train,multihop_qa,2500,C,512,0.66667,0.0002058,417.1
249,train,multihop_qa,2500,C,1024,0.66667,0.0002058,205.9
249,train,multihop_qa,2500,C,2048,0.22222,0.0003818,5367.4
249,train,multihop_qa,2500,C,4096,0.33333,0.0004022,6047.9
249,train,multihop_qa,2500,D,512,0.25,0.0001961,881.8
249,train,multihop_qa,2500,D,1024,0.2,0.0002564,4925.6
249,train,multihop_qa,2500,D,2048,0.16667,0.0002854,6088.8
249,train,multihop_qa,2500,D,4096,0.15385,0.0002734,5663.8
249,train,multihop_qa,2500,E,512,0.0,0.0013069,3659.4
249,train,multihop_qa,2500,E,1024,0.15385,0.001605,4998.4
249,train,multihop_qa,2500,E,2048,0.125,0.0017612,5910.8
249,train,multihop_qa,2500,E,4096,0.1,0.0017142,4002.9
250,train,math_comp,136,A,512,0.0,0.0001363,3291.0
250,train,math_comp,136,A,1024,0.0,0.000259,6721.3
250,train,math_comp,136,A,2048,0.0,0.000322,12248.2
250,train,math_comp,136,A,4096,0.0,0.0004393,11098.4
250,train,math_comp,136,B,512,0.0,0.0002413,10642.0
250,train,math_comp,136,B,1024,0.0,0.0003902,18791.7
250,train,math_comp,136,B,2048,1.0,0.0007273,35534.8
250,train,math_comp,136,B,4096,0.0,0.00041,20078.9
250,train,math_comp,136,C,512,0.0,0.0001133,2364.0
250,train,math_comp,136,C,1024,0.0,0.0002157,3169.4
250,train,math_comp,136,C,2048,0.0,0.0002673,3636.1
250,train,math_comp,136,C,4096,0.0,0.0003083,4488.3
250,train,math_comp,136,D,512,1.0,8.2e-05,42318.2
250,train,math_comp,136,D,1024,0.0,0.0002658,10213.4
250,train,math_comp,136,D,2048,0.0,0.0002945,13398.5
250,train,math_comp,136,D,4096,0.0,0.0005022,21120.4
250,train,math_comp,136,E,512,0.0,0.0006067,1851.8
250,train,math_comp,136,E,1024,0.0,0.0011699,3260.2
250,train,math_comp,136,E,2048,0.0,0.0022963,6030.0
250,train,math_comp,136,E,4096,0.0,0.0020188,13457.0
251,train,knowledge,520,A,512,0.0,0.0001604,3513.7
251,train,knowledge,520,A,1024,0.0,0.0002884,6717.8
251,train,knowledge,520,A,2048,0.0,0.0005444,13185.2
251,train,knowledge,520,A,4096,0.0,0.0010564,26934.8
251,train,knowledge,520,B,512,0.0,0.0002733,11905.7
251,train,knowledge,520,B,1024,0.0,0.0005037,23377.2
251,train,knowledge,520,B,2048,0.0,0.0004902,24055.2
251,train,knowledge,520,B,4096,0.0,0.0011233,51729.1
251,train,knowledge,520,C,512,0.0,0.0001427,2963.8
251,train,knowledge,520,C,1024,0.0,0.0002451,4404.8
251,train,knowledge,520,C,2048,0.0,6.83e-05,967.3
251,train,knowledge,520,C,4096,0.0,0.0001271,1834.2
251,train,knowledge,520,D,512,0.0,0.000167,28977.4
251,train,knowledge,520,D,1024,0.0,0.000295,43638.6
251,train,knowledge,520,D,2048,0.0,0.000551,33708.1
251,train,knowledge,520,D,4096,1.0,0.0007527,45477.0
251,train,knowledge,520,E,512,0.0,0.0007117,2317.8
251,train,knowledge,520,E,1024,0.0,0.0012749,4505.5
251,train,knowledge,520,E,2048,0.0,0.002401,19572.9
251,train,knowledge,520,E,4096,1.0,0.0042402,76319.5
252,train,knowledge,234,A,512,0.0,0.000142,3351.3
252,train,knowledge,234,A,1024,0.0,0.00027,6787.3
252,train,knowledge,234,A,2048,0.0,0.000526,13483.6
252,train,knowledge,234,A,4096,0.0,0.001038,26931.9
252,train,knowledge,234,B,512,0.0,0.0002497,13584.3
252,train,knowledge,234,B,1024,0.0,0.0004798,58774.4
252,train,knowledge,234,B,2048,0.0,0.0005674,31887.4
252,train,knowledge,234,B,4096,0.0,0.000734,96005.6
252,train,knowledge,234,C,512,0.0,0.0001217,1483.8
252,train,knowledge,234,C,1024,0.0,0.0002241,3363.8
252,train,knowledge,234,C,2048,1.0,0.0002219,2974.7
252,train,knowledge,234,C,4096,0.0,0.0008385,11416.8
252,train,knowledge,234,D,512,0.0,0.000145,10292.1
252,train,knowledge,234,D,1024,1.0,9.57e-05,36095.2
252,train,knowledge,234,D,2048,0.0,0.000529,37165.9
252,train,knowledge,234,D,4096,1.0,0.0004834,27194.1
252,train,knowledge,234,E,512,0.0,0.0006322,5097.3
252,train,knowledge,234,E,1024,0.0,0.0011957,4696.3
252,train,knowledge,234,E,2048,1.0,0.0019841,12780.2
252,train,knowledge,234,E,4096,1.0,0.0025366,8895.4
253,test,multihop_qa,3361,A,512,0.05882,0.0003297,3733.5
253,test,multihop_qa,3361,A,1024,0.0,0.0004577,7030.4
253,test,multihop_qa,3361,A,2048,1.0,0.0005069,8248.7
253,test,multihop_qa,3361,A,4096,0.0,0.0002524,1871.7
253,test,multihop_qa,3361,B,512,0.0,0.0003405,2645.3
253,test,multihop_qa,3361,B,1024,0.66667,0.0003316,10331.4
253,test,multihop_qa,3361,B,2048,0.0,0.0003346,2549.4
253,test,multihop_qa,3361,B,4096,0.0,0.0003334,4168.8
253,test,multihop_qa,3361,C,512,0.0,0.0003008,251.7
253,test,multihop_qa,3361,C,1024,0.0,0.0003008,328.6
253,test,multihop_qa,3361,C,2048,0.0,0.0003008,298.9
253,test,multihop_qa,3361,C,4096,0.09524,0.0003034,522.4
253,test,multihop_qa,3361,D,512,1.0,0.0002804,2555.2
253,test,multihop_qa,3361,D,1024,1.0,0.0002664,15188.4
253,test,multihop_qa,3361,D,2048,1.0,0.0002832,2859.5
253,test,multihop_qa,3361,D,4096,1.0,0.000291,2905.1
253,test,multihop_qa,3361,E,512,0.0,0.0015613,4038.8
253,test,multihop_qa,3361,E,1024,0.0,0.0021245,18125.6
253,test,multihop_qa,3361,E,2048,1.0,0.0027735,27990.3
253,test,multihop_qa,3361,E,4096,1.0,0.0027889,13282.3
254,train,math_comp,102,A,512,0.0,4.57e-05,1410.5
254,train,math_comp,102,A,1024,0.0,5.49e-05,2039.6
254,train,math_comp,102,A,2048,0.0,4.57e-05,1443.6
254,train,math_comp,102,A,4096,0.0,4.57e-05,1496.3
254,train,math_comp,102,B,512,1.0,0.0001901,9696.6
254,train,math_comp,102,B,1024,1.0,0.000213,10340.5
254,train,math_comp,102,B,2048,1.0,0.0002049,9883.1
254,train,math_comp,102,B,4096,1.0,0.0002756,13074.5
254,train,math_comp,102,C,512,0.0,0.0001106,2641.6
254,train,math_comp,102,C,1024,1.0,7.66e-05,868.3
254,train,math_comp,102,C,2048,1.0,7.7e-05,868.6
254,train,math_comp,102,C,4096,1.0,7.64e-05,835.7
254,train,math_comp,102,D,512,1.0,7.4e-05,5588.9
254,train,math_comp,102,D,1024,0.0,4.24e-05,3159.0
254,train,math_comp,102,D,2048,1.0,8.62e-05,5649.3
254,train,math_comp,102,D,4096,0.0,6.77e-05,5370.5
254,train,math_comp,102,E,512,0.0,0.0005956,8984.7
254,train,math_comp,102,E,1024,1.0,0.0008871,8593.5
254,train,math_comp,102,E,2048,1.0,0.0008816,5981.8
254,train,math_comp,102,E,4096,1.0,0.0009399,6879.8
255,train,knowledge,312,A,512,0.0,0.0001479,5433.2
255,train,knowledge,312,A,1024,0.0,0.0002759,11141.9
255,train,knowledge,312,A,2048,0.0,0.0005319,22692.2
255,train,knowledge,312,A,4096,0.0,0.0010439,45419.3
255,train,knowledge,312,B,512,0.0,0.0002554,10463.3
255,train,knowledge,312,B,1024,0.0,0.0004025,18229.0
255,train,knowledge,312,B,2048,1.0,0.0004318,18821.0
255,train,knowledge,312,B,4096,0.0,0.0004453,19809.7
255,train,knowledge,312,C,512,0.0,0.000127,1907.4
255,train,knowledge,312,C,1024,0.0,0.0002294,3179.0
255,train,knowledge,312,C,2048,0.0,0.0004342,7695.8
255,train,knowledge,312,C,4096,0.0,0.0008438,11540.4
255,train,knowledge,312,D,512,0.0,0.0001524,15486.1
255,train,knowledge,312,D,1024,0.0,0.0002804,18246.4
255,train,knowledge,312,D,2048,0.0,0.0005364,28972.3
255,train,knowledge,312,D,4096,1.0,0.0003486,51975.1
255,train,knowledge,312,E,512,0.0,0.0006556,5578.0
255,train,knowledge,312,E,1024,0.0,0.0012188,6371.4
255,train,knowledge,312,E,2048,0.0,0.0023452,37514.6
255,train,knowledge,312,E,4096,1.0,0.0029109,11132.5
256,train,math_comp,195,A,512,0.0,0.000126,3013.4
256,train,math_comp,195,A,1024,0.0,0.0002677,11526.6
256,train,math_comp,195,A,2048,0.0,0.0001194,2830.0
256,train,math_comp,195,A,4096,0.0,0.0001194,3016.8
256,train,math_comp,195,B,512,0.0,0.0002455,11983.1
256,train,math_comp,195,B,1024,0.0,0.0004759,21559.3
256,train,math_comp,195,B,2048,0.0,0.0008125,36755.9
256,train,math_comp,195,B,4096,0.0,0.0008103,38172.6
256,train,math_comp,195,C,512,0.0,0.0001182,1475.5
256,train,math_comp,195,C,1024,0.0,0.0002206,4508.3
256,train,math_comp,195,C,2048,0.0,0.0004254,5434.8
256,train,math_comp,195,C,4096,0.0,0.000835,12530.2
256,train,math_comp,195,D,512,0.0,0.0001423,16324.0
256,train,math_comp,195,D,1024,0.0,0.0002703,15756.5
256,train,math_comp,195,D,2048,0.0,0.0005263,61658.3
256,train,math_comp,195,D,4096,0.0,0.0010383,109145.9
256,train,math_comp,195,E,512,0.0,0.0006241,2176.4
256,train,math_comp,195,E,1024,0.0,0.001187,6661.2
256,train,math_comp,195,E,2048,0.0,0.0023137,10774.0
256,train,math_comp,195,E,4096,0.0,0.0045662,37846.4
257,train,math_comp,145,A,512,0.0,0.0001368,5941.9
257,train,math_comp,145,A,1024,0.0,0.0002648,6442.5
257,train,math_comp,145,A,2048,0.0,0.0003908,17331.3
257,train,math_comp,145,A,4096,0.0,0.0010328,26256.2
257,train,math_comp,145,B,512,0.0,0.0002419,16120.3
257,train,math_comp,145,B,1024,0.0,0.0004723,21770.5
257,train,math_comp,145,B,2048,1.0,0.0006235,34764.9
257,train,math_comp,145,B,4096,1.0,0.0006249,27542.8
257,train,math_comp,145,C,512,0.0,0.000114,1242.6
257,train,math_comp,145,C,1024,0.0,0.0002164,3109.3
257,train,math_comp,145,C,2048,0.0,0.0004212,5815.2
257,train,math_comp,145,C,4096,1.0,0.0007042,12885.1
257,train,math_comp,145,D,512,0.0,0.0001384,6374.7
257,train,math_comp,145,D,1024,0.0,0.0002664,11830.7
257,train,math_comp,145,D,2048,0.0,0.0005224,20563.0
257,train,math_comp,145,D,4096,1.0,0.0005374,20253.9
257,train,math_comp,145,E,512,0.0,0.0006091,9110.4
257,train,math_comp,145,E,1024,0.0,0.0011723,19754.3
257,train,math_comp,145,E,2048,1.0,0.0020974,18480.1
257,train,math_comp,145,E,4096,1.0,0.002148,18781.5
258,train,coding,164,A,512,1.0,4.81e-05,1056.1
258,train,coding,164,A,1024,1.0,4.81e-05,1084.7
258,train,coding,164,A,2048,1.0,4.81e-05,1412.2
258,train,coding,164,A,4096,1.0,4.81e-05,1137.9
258,train,coding,164,B,512,1.0,7.34e-05,3117.8
258,train,coding,164,B,1024,1.0,7.34e-05,3053.1
258,train,coding,164,B,2048,1.0,7.31e-05,12926.4
258,train,coding,164,B,4096,1.0,7.34e-05,2878.5
258,train,coding,164,C,512,1.0,0.0001041,1835.7
258,train,coding,164,C,1024,1.0,3.09e-05,280.8
258,train,coding,164,C,2048,1.0,3.09e-05,233.4
258,train,coding,164,C,4096,1.0,0.0001117,2379.4
258,train,coding,164,D,512,0.0,0.0001392,6940.3
258,train,coding,164,D,1024,1.0,0.0002142,27124.5
258,train,coding,164,D,2048,1.0,0.0003801,28015.8
258,train,coding,164,D,4096,1.0,0.000342,14889.5
258,train,coding,164,E,512,0.0,0.0006124,3078.6
258,train,coding,164,E,1024,1.0,0.0008709,14532.4
258,train,coding,164,E,2048,1.0,0.0007458,2494.1
258,train,coding,164,E,4096,1.0,0.000872,14464.2
259,train,math_comp,119,A,512,1.0,0.0001004,2525.4
259,train,math_comp,119,A,1024,1.0,0.0001004,2478.3
259,train,math_comp,119,A,2048,1.0,0.0001004,2441.3
259,train,math_comp,119,A,4096,1.0,0.0001591,5005.6
259,train,math_comp,119,B,512,1.0,0.0001516,6600.6
259,train,math_comp,119,B,1024,1.0,0.0001566,6669.7
259,train,math_comp,119,B,2048,1.0,0.0001516,6484.2
259,train,math_comp,119,B,4096,1.0,0.0001566,6553.7
259,train,math_comp,119,C,512,1.0,4.09e-05,672.0
259,train,math_comp,119,C,1024,1.0,4.89e-05,560.8
259,train,math_comp,119,C,2048,1.0,4.89e-05,580.8
259,train,math_comp,119,C,4096,1.0,4.89e-05,638.1
259,train,math_comp,119,D,512,1.0,7.76e-05,5971.9
259,train,math_comp,119,D,1024,1.0,7.36e-05,5207.0
259,train,math_comp,119,D,2048,1.0,2.76e-05,2149.4
259,train,math_comp,119,D,4096,1.0,6.99e-05,5903.8
259,train,math_comp,119,E,512,1.0,0.000405,3549.3
259,train,math_comp,119,E,1024,1.0,0.000405,2108.9
259,train,math_comp,119,E,2048,1.0,0.000405,5718.0
259,train,math_comp,119,E,4096,1.0,0.000405,5649.7
260,train,coding,230,A,512,0.0,6.04e-05,1345.9
260,train,coding,230,A,1024,0.0,6.04e-05,1661.4
260,train,coding,230,A,2048,0.0,6.04e-05,1281.5
260,train,coding,230,A,4096,0.0,6.11e-05,1438.2
260,train,coding,230,B,512,1.0,0.0001071,4093.9
260,train,coding,230,B,1024,1.0,0.0001031,3883.5
260,train,coding,230,B,2048,1.0,0.0001071,3733.1
260,train,coding,230,B,4096,1.0,0.0001071,3584.6
260,train,coding,230,C,512,1.0,5.26e-05,847.6
260,train,coding,230,C,1024,1.0,5.26e-05,803.0
260,train,coding,230,C,2048,0.0,0.000428,9000.2
260,train,coding,230,C,4096,1.0,5.26e-05,581.0
260,train,coding,230,D,512,0.0,0.0001436,8687.0
260,train,coding,230,D,1024,1.0,5.34e-05,5201.1
260,train,coding,230,D,2048,1.0,0.0002624,11860.1
260,train,coding,230,D,4096,1.0,5.34e-05,5122.1
260,train,coding,230,E,512,0.0,0.0006283,7360.2
260,train,coding,230,E,1024,0.0,0.0011912,16396.0
260,train,coding,230,E,2048,1.0,0.0010801,5831.1
260,train,coding,230,E,4096,1.0,0.0015314,10707.8
261,test,knowledge,461,A,512,0.0,0.0001587,3190.5
261,test,knowledge,461,A,1024,0.0,0.0002867,6382.2
261,test,knowledge,461,A,2048,0.0,0.0005427,12816.3
261,test,knowledge,461,A,4096,0.0,0.0010547,35980.5
261,test,knowledge,461,B,512,0.0,0.0002652,8852.8
261,test,knowledge,461,B,1024,0.0,0.0004956,18857.6
261,test,knowledge,461,B,2048,0.0,0.0004475,15882.5
261,test,knowledge,461,B,4096,0.0,0.0003756,60520.4
261,test,knowledge,461,C,512,0.0,0.0001393,1523.7
261,test,knowledge,461,C,1024,0.0,0.0002417,3914.9
261,test,knowledge,461,C,2048,0.0,0.0004465,4994.3
261,test,knowledge,461,C,4096,0.0,0.0008561,16756.2
261,test,knowledge,461,D,512,0.0,0.0001653,8235.5
261,test,knowledge,461,D,1024,0.0,0.0002933,13355.0
261,test,knowledge,461,D,2048,0.0,5.88e-05,3782.1
261,test,knowledge,461,D,4096,0.0,0.0010613,58403.5
261,test,knowledge,461,E,512,0.0,0.0007006,1971.3
261,test,knowledge,461,E,1024,0.0,0.0012635,10096.9
261,test,knowledge,461,E,2048,0.0,0.0023899,19358.5
261,test,knowledge,461,E,4096,0.0,0.0037289,16435.9
262,test,coding,127,A,512,0.0,0.0001359,3231.8
262,test,coding,127,A,1024,0.0,0.0002639,6367.6
262,test,coding,127,A,2048,1.0,5.09e-05,1525.4
262,test,coding,127,A,4096,1.0,6.89e-05,2158.3
262,test,coding,127,B,512,1.0,5.12e-05,6870.5
262,test,coding,127,B,1024,1.0,5.19e-05,1990.7
262,test,coding,127,B,2048,1.0,5.19e-05,2103.1
262,test,coding,127,B,4096,1.0,5.12e-05,6801.3
262,test,coding,127,C,512,0.0,0.0001126,2506.9
262,test,coding,127,C,1024,1.0,2.92e-05,361.0
262,test,coding,127,C,2048,1.0,3.02e-05,442.0
262,test,coding,127,C,4096,1.0,2.92e-05,287.5
262,test,coding,127,D,512,0.0,0.000137,7587.7
262,test,coding,127,D,1024,0.0,0.000265,14296.8
262,test,coding,127,D,2048,0.0,0.000521,25712.0
262,test,coding,127,D,4096,1.0,0.0008392,43842.8
262,test,coding,127,E,512,0.0,0.0006034,8230.4
262,test,coding,127,E,1024,0.0,0.0011669,4697.6
262,test,coding,127,E,2048,1.0,0.0012293,10697.1
262,test,coding,127,E,4096,1.0,0.0011963,10413.5
263,train,knowledge,368,A,512,0.0,0.0001501,3408.4
263,train,knowledge,368,A,1024,0.0,0.0002781,6580.8
263,train,knowledge,368,A,2048,0.0,0.0005341,12504.8
263,train,knowledge,368,A,4096,0.0,0.0001816,5832.6
263,train,knowledge,368,B,512,0.0,0.0002612,11852.1
263,train,knowledge,368,B,1024,0.0,0.0004916,18917.8
263,train,knowledge,368,B,2048,0.0,0.0008646,34157.4
263,train,knowledge,368,B,4096,0.0,0.0006774,26413.8
263,train,knowledge,368,C,512,0.0,0.000132,2336.9
263,train,knowledge,368,C,1024,0.0,0.0001884,2100.2
263,train,knowledge,368,C,2048,0.0,0.0004392,4488.4
263,train,knowledge,368,C,4096,0.0,0.000284,3022.4
263,train,knowledge,368,D,512,0.0,0.0001545,12234.3
263,train,knowledge,368,D,1024,0.0,0.0001857,15880.0
263,train,knowledge,368,D,2048,0.0,0.0005385,34170.5
263,train,knowledge,368,D,4096,0.0,0.0003552,32378.4
263,train,knowledge,368,E,512,0.0,0.0006661,8276.5
263,train,knowledge,368,E,1024,0.0,0.0012293,16567.1
263,train,knowledge,368,E,2048,0.0,0.002356,8717.7
263,train,knowledge,368,E,4096,1.0,0.0028441,42442.4
264,train,coding,122,A,512,0.0,8.3e-05,3485.3
264,train,coding,122,A,1024,0.0,7.62e-05,1733.4
264,train,coding,122,A,2048,0.0,8.3e-05,3464.4
264,train,coding,122,A,4096,0.0,8.2e-05,1917.2
264,train,coding,122,B,512,0.0,7.23e-05,2553.9
264,train,coding,122,B,1024,0.0,7.28e-05,2547.1
264,train,coding,122,B,2048,0.0,7.28e-05,2517.3
264,train,coding,122,B,4096,0.0,7.23e-05,3206.5
264,train,coding,122,C,512,0.0,0.0001118,1502.3
264,train,coding,122,C,1024,0.0,0.0002142,3991.7
264,train,coding,122,C,2048,1.0,0.0002914,5254.9
264,train,coding,122,C,4096,0.0,0.0001594,1849.0
264,train,coding,122,D,512,0.0,0.0001364,8229.9
264,train,coding,122,D,1024,0.0,6.14e-05,5912.6
264,train,coding,122,D,2048,1.0,0.0004126,20723.5
264,train,coding,122,D,4096,1.0,0.0003229,16103.8
264,train,coding,122,E,512,0.0,0.0006016,2065.1
264,train,coding,122,E,1024,0.0,0.0011648,4180.4
264,train,coding,122,E,2048,1.0,0.0019697,29659.6
264,train,coding,122,E,4096,1.0,0.0016661,24832.9
265,train,multihop_qa,1961,A,512,0.0,0.0002457,3316.7
265,train,multihop_qa,1961,A,1024,0.0,0.0003737,12075.4
265,train,multihop_qa,1961,A,2048,0.0,0.0006297,23918.1
265,train,multihop_qa,1961,A,4096,0.0,0.0011137,24295.3
265,train,multihop_qa,1961,B,512,1.0,0.0001942,1899.3
265,train,multihop_qa,1961,B,1024,1.0,0.0002149,2382.7
265,train,multihop_qa,1961,B,2048,1.0,0.0001956,1748.6
265,train,multihop_qa,1961,B,4096,1.0,0.0001906,2320.4
265,train,multihop_qa,1961,C,512,0.0,0.0001594,246.5
265,train,multihop_qa,1961,C,1024,0.0,0.0001594,282.1
265,train,multihop_qa,1961,C,2048,1.0,0.0005106,7487.8
265,train,multihop_qa,1961,C,4096,0.0,0.0001594,272.9
265,train,multihop_qa,1961,D,512,1.0,0.000172,3701.8
265,train,multihop_qa,1961,D,1024,1.0,0.000265,7490.2
265,train,multihop_qa,1961,D,2048,1.0,0.0002668,7139.9
265,train,multihop_qa,1961,D,4096,1.0,0.0003153,8727.8
265,train,multihop_qa,1961,E,512,0.0,0.0011329,5732.6
265,train,multihop_qa,1961,E,1024,0.0,0.0016961,17282.9
265,train,multihop_qa,1961,E,2048,0.0,0.0028225,35579.2
265,train,multihop_qa,1961,E,4096,1.0,0.0027359,10885.2
266,train,math_comp,240,A,512,1.0,7.69e-05,2312.7
266,train,math_comp,240,A,1024,1.0,8.14e-05,1809.1
266,train,math_comp,240,A,2048,0.0,8.34e-05,1866.2
266,train,math_comp,240,A,4096,1.0,7.69e-05,3068.1
266,train,math_comp,240,B,512,1.0,0.0001812,6280.0
266,train,math_comp,240,B,1024,1.0,0.0001812,6347.0
266,train,math_comp,240,B,2048,1.0,0.0001812,6312.8
266,train,math_comp,240,B,4096,1.0,0.0001812,6700.5
266,train,math_comp,240,C,512,1.0,5.86e-05,860.8
266,train,math_comp,240,C,1024,1.0,5.9e-05,755.4
266,train,math_comp,240,C,2048,1.0,6.28e-05,655.8
266,train,math_comp,240,C,4096,1.0,6.46e-05,662.3
266,train,math_comp,240,D,512,1.0,3.14e-05,1791.7
266,train,math_comp,240,D,1024,1.0,2.57e-05,10864.1
266,train,math_comp,240,D,2048,1.0,0.000104,4229.8
266,train,math_comp,240,D,4096,1.0,0.000108,4425.7
266,train,math_comp,240,E,512,0.0,0.0006349,5095.0
266,train,math_comp,240,E,1024,1.0,0.0009432,3609.9
266,train,math_comp,240,E,2048,1.0,0.000746,6076.5
266,train,math_comp,240,E,4096,1.0,0.0009209,4977.4
267,train,math_comp,123,A,512,1.0,5.74e-05,1413.2
267,train,math_comp,123,A,1024,1.0,5.74e-05,1597.3
267,train,math_comp,123,A,2048,1.0,5.81e-05,1889.9
267,train,math_comp,123,A,4096,1.0,5.76e-05,1447.0
267,train,math_comp,123,B,512,1.0,0.0001718,7081.0
267,train,math_comp,123,B,1024,1.0,0.0001718,7026.4
267,train,math_comp,123,B,2048,1.0,0.0001718,7057.0
267,train,math_comp,123,B,4096,1.0,0.0001718,7141.7
267,train,math_comp,123,C,512,1.0,4.04e-05,378.3
267,train,math_comp,123,C,1024,0.0,0.000215,5293.0
267,train,math_comp,123,C,2048,1.0,0.000216,5263.2
267,train,math_comp,123,C,4096,1.0,0.0002198,4345.0
267,train,math_comp,123,D,512,1.0,4.42e-05,2208.4
267,train,math_comp,123,D,1024,1.0,0.000165,6855.5
267,train,math_comp,123,D,2048,1.0,5.08e-05,3657.0
267,train,math_comp,123,D,4096,1.0,5.28e-05,3617.5
267,train,math_comp,123,E,512,0.0,0.0006028,2056.2
267,train,math_comp,123,E,1024,1.0,0.0008426,2699.9
267,train,math_comp,123,E,2048,1.0,0.0009391,14950.3
267,train,math_comp,123,E,4096,1.0,0.000817,4079.6
268,train,knowledge,513,A,512,0.0,0.0001629,3243.6
268,train,knowledge,513,A,1024,1.0,0.0002204,4652.2
268,train,knowledge,513,A,2048,1.0,0.0002164,4703.5
268,train,knowledge,513,A,4096,1.0,0.0001981,4146.0
268,train,knowledge,513,B,512,0.0,0.0002727,10992.6
268,train,knowledge,513,B,1024,1.0,0.0003614,15403.2
268,train,knowledge,513,B,2048,1.0,0.00036,15282.7
268,train,knowledge,513,B,4096,1.0,0.0003605,15594.1
268,train,knowledge,513,C,512,0.0,0.0001406,2731.5
268,train,knowledge,513,C,1024,0.0,0.000243,5067.0
268,train,knowledge,513,C,2048,0.0,0.0004478,4078.9
268,train,knowledge,513,C,4096,1.0,0.0008574,7768.5
268,train,knowledge,513,D,512,1.0,8.47e-05,13944.8
268,train,knowledge,513,D,1024,1.0,7.05e-05,2372.3
268,train,knowledge,513,D,2048,1.0,0.0003747,14957.9
268,train,knowledge,513,D,4096,0.0,9.7e-05,4316.5
268,train,knowledge,513,E,512,0.0,0.0007096,1335.0
268,train,knowledge,513,E,1024,0.0,0.0012725,10108.2
268,train,knowledge,513,E,2048,1.0,0.002144,7597.6
268,train,knowledge,513,E,4096,1.0,0.0025166,20097.6
269,test,coding,152,A,512,1.0,4.57e-05,1908.8
269,test,coding,152,A,1024,1.0,4.22e-05,899.1
269,test,coding,152,A,2048,1.0,4.22e-05,936.1
269,test,coding,152,A,4096,1.0,4.22e-05,961.6
269,test,coding,152,B,512,1.0,7.25e-05,3068.6
269,test,coding,152,B,1024,1.0,7.2e-05,3055.7
269,test,coding,152,B,2048,1.0,7.2e-05,2940.3
269,test,coding,152,B,4096,1.0,7.2e-05,3156.8
269,test,coding,152,C,512,1.0,3.71e-05,277.8
269,test,coding,152,C,1024,1.0,0.0002165,4132.6
269,test,coding,152,C,2048,1.0,3.71e-05,384.0
269,test,coding,152,C,4096,1.0,0.0002101,4480.7
269,test,coding,152,D,512,1.0,4.18e-05,12612.3
269,test,coding,152,D,1024,1.0,4.6e-05,3214.7
269,test,coding,152,D,2048,1.0,3.7e-05,2186.4
269,test,coding,152,D,4096,1.0,4.5e-05,2919.4
269,test,coding,152,E,512,0.0,0.0006094,5096.5
269,test,coding,152,E,1024,1.0,0.0007557,3688.0
269,test,coding,152,E,2048,1.0,0.0006028,5383.8
269,test,coding,152,E,4096,1.0,0.0007403,11842.5
270,test,knowledge,276,A,512,0.0,0.000145,3085.1
270,test,knowledge,276,A,1024,0.0,0.000273,6090.9
270,test,knowledge,276,A,2048,0.0,0.000529,18852.4
270,test,knowledge,276,A,4096,0.0,0.001041,24645.4
270,test,knowledge,276,B,512,0.0,0.0002542,11013.6
270,test,knowledge,276,B,1024,0.0,0.0004846,21671.2
270,test,knowledge,276,B,2048,0.0,0.0004828,25522.6
270,test,knowledge,276,B,4096,0.0,0.0009665,45449.1
270,test,knowledge,276,C,512,0.0,0.0001244,1503.8
270,test,knowledge,276,C,1024,0.0,0.0002,1684.5
270,test,knowledge,276,C,2048,0.0,0.0004316,3861.1
270,test,knowledge,276,C,4096,0.0,0.0008412,16465.7
270,test,knowledge,276,D,512,0.0,0.0001487,16237.9
270,test,knowledge,276,D,1024,0.0,0.0002767,6024.8
270,test,knowledge,276,D,2048,0.0,0.0005327,30112.1
270,test,knowledge,276,D,4096,1.0,0.000502,16978.5
270,test,knowledge,276,E,512,0.0,0.0006433,3153.3
270,test,knowledge,276,E,1024,0.0,0.0012065,6080.8
270,test,knowledge,276,E,2048,0.0,0.0023326,19016.0
270,test,knowledge,276,E,4096,1.0,0.0034282,21112.9
271,train,math_comp,123,A,512,1.0,9.94e-05,3588.4
271,train,math_comp,123,A,1024,1.0,9.41e-05,2352.1
271,train,math_comp,123,A,2048,1.0,9.49e-05,2265.2
271,train,math_comp,123,A,4096,1.0,0.0001484,3566.3
271,train,math_comp,123,B,512,0.0,0.00024,11710.0
271,train,math_comp,123,B,1024,1.0,0.0002787,13444.2
271,train,math_comp,123,B,2048,1.0,0.0002895,14002.8
271,train,math_comp,123,B,4096,1.0,0.0002913,14833.6
271,train,math_comp,123,C,512,1.0,7.08e-05,663.5
271,train,math_comp,123,C,1024,1.0,9.18e-05,842.5
271,train,math_comp,123,C,2048,1.0,7.08e-05,601.8
271,train,math_comp,123,C,4096,1.0,9.46e-05,1098.5
271,train,math_comp,123,D,512,1.0,6.32e-05,3835.6
271,train,math_comp,123,D,1024,1.0,5.97e-05,3947.6
271,train,math_comp,123,D,2048,1.0,0.0001164,7090.5
271,train,math_comp,123,D,4096,0.0,2.39e-05,1611.0
271,train,math_comp,123,E,512,0.0,0.0006025,8747.3
271,train,math_comp,123,E,1024,1.0,0.0006146,2684.1
271,train,math_comp,123,E,2048,1.0,0.0008401,7065.1
271,train,math_comp,123,E,4096,1.0,0.0007466,6388.0
272,test,math_olympiad,119,A,512,0.0,0.0001352,3157.0
272,test,math_olympiad,119,A,1024,0.0,0.0002632,6215.7
272,test,math_olympiad,119,A,2048,0.0,0.0005192,12417.6
272,test,math_olympiad,119,A,4096,1.0,0.0006747,24310.7
272,test,math_olympiad,119,B,512,0.0,0.0002399,10137.1
272,test,math_olympiad,119,B,1024,1.0,0.0003704,15321.8
272,test,math_olympiad,119,B,2048,1.0,0.000361,14829.8
272,test,math_olympiad,119,B,4096,1.0,0.0003578,14830.8
272,test,math_olympiad,119,C,512,0.0,0.0001119,2573.7
272,test,math_olympiad,119,C,1024,1.0,0.0001195,1119.5
272,test,math_olympiad,119,C,2048,1.0,0.0003367,6994.9
272,test,math_olympiad,119,C,4096,1.0,0.0003255,6798.7
272,test,math_olympiad,119,D,512,1.0,0.0001281,8938.5
272,test,math_olympiad,119,D,1024,1.0,3.99e-05,2327.3
272,test,math_olympiad,119,D,2048,1.0,0.0001956,11201.2
272,test,math_olympiad,119,D,4096,1.0,0.0002271,8654.0
272,test,math_olympiad,119,E,512,0.0,0.0006016,2861.8
272,test,math_olympiad,119,E,1024,0.0,0.0011648,6772.1
272,test,math_olympiad,119,E,2048,1.0,0.0008777,7243.6
272,test,math_olympiad,119,E,4096,1.0,0.0008326,5230.5
273,test,multihop_qa,2935,A,512,1.0,0.0002276,2660.1
273,test,multihop_qa,2935,A,1024,1.0,0.0002278,2027.9
273,test,multihop_qa,2935,A,2048,1.0,0.0002361,1742.8
273,test,multihop_qa,2935,A,4096,1.0,0.0002386,1736.7
273,test,multihop_qa,2935,B,512,0.36364,0.0003221,5273.8
273,test,multihop_qa,2935,B,1024,0.30769,0.0002744,2616.5
273,test,multihop_qa,2935,B,2048,0.22222,0.0003028,4217.7
273,test,multihop_qa,2935,B,4096,0.5,0.0002992,3356.6
273,test,multihop_qa,2935,C,512,0.0,0.0003439,1996.3
273,test,multihop_qa,2935,C,1024,1.0,0.0002431,278.8
273,test,multihop_qa,2935,C,2048,1.0,0.0002431,495.8
273,test,multihop_qa,2935,C,4096,1.0,0.0002431,403.5
273,test,multihop_qa,2935,D,512,0.75,0.0002799,3431.8
273,test,multihop_qa,2935,D,1024,0.75,0.0002259,941.9
273,test,multihop_qa,2935,D,2048,0.75,0.0002859,4286.1
273,test,multihop_qa,2935,D,4096,1.0,0.0002961,4330.8
273,test,multihop_qa,2935,E,512,0.0,0.0014332,2658.1
273,test,multihop_qa,2935,E,1024,0.6,0.0016727,6936.2
273,test,multihop_qa,2935,E,2048,0.6,0.0016617,5245.0
273,test,multihop_qa,2935,E,4096,0.6,0.0016749,12169.5
274,train,knowledge,301,A,512,0.0,0.0001472,3192.3
274,train,knowledge,301,A,1024,0.0,0.0002752,9410.7
274,train,knowledge,301,A,2048,0.0,0.0005312,12581.1
274,train,knowledge,301,A,4096,0.0,0.0010432,25114.3
274,train,knowledge,301,B,512,0.0,0.0002554,10774.1
274,train,knowledge,301,B,1024,0.0,0.0004858,21950.0
274,train,knowledge,301,B,2048,0.0,0.0009466,42623.7
274,train,knowledge,301,B,4096,0.0,0.0011154,51105.1
274,train,knowledge,301,C,512,0.0,0.0001265,1192.3
274,train,knowledge,301,C,1024,0.0,0.0002289,1919.0
274,train,knowledge,301,C,2048,0.0,0.0004337,9285.1
274,train,knowledge,301,C,4096,0.0,0.0008433,7691.2
274,train,knowledge,301,D,512,0.0,0.0001506,9438.0
274,train,knowledge,301,D,1024,0.0,0.0002786,19660.8
274,train,knowledge,301,D,2048,0.0,0.0005346,38062.5
274,train,knowledge,301,D,4096,0.0,0.0010466,77628.1
274,train,knowledge,301,E,512,0.0,0.0006496,2566.7
274,train,knowledge,301,E,1024,0.0,0.0012125,9696.3
274,train,knowledge,301,E,2048,0.0,0.0023389,19044.4
274,train,knowledge,301,E,4096,1.0,0.0042683,64397.4
275,train,multihop_qa,2354,A,512,0.0,0.0002692,3244.8
275,train,multihop_qa,2354,A,1024,0.0,0.0003972,9653.8
275,train,multihop_qa,2354,A,2048,0.01626,0.0006532,12685.0
275,train,multihop_qa,2354,A,4096,1.0,0.0008145,24353.2
275,train,multihop_qa,2354,B,512,1.0,0.0002443,3111.5
275,train,multihop_qa,2354,B,1024,1.0,0.0002366,2589.0
275,train,multihop_qa,2354,B,2048,1.0,0.0002501,3390.2
275,train,multihop_qa,2354,B,4096,1.0,0.0002501,3371.1
275,train,multihop_qa,2354,C,512,0.8,0.0001986,253.1
275,train,multihop_qa,2354,C,1024,0.0,0.0004014,4848.9
275,train,multihop_qa,2354,C,2048,0.0,0.0006062,9129.4
275,train,multihop_qa,2354,C,4096,0.8,0.0001986,331.4
275,train,multihop_qa,2354,D,512,1.0,0.0002338,4432.7
275,train,multihop_qa,2354,D,1024,1.0,0.0001932,1710.1
275,train,multihop_qa,2354,D,2048,1.0,0.0001932,1670.4
275,train,multihop_qa,2354,D,4096,0.5,0.0002385,4735.1
275,train,multihop_qa,2354,E,512,0.0,0.0012583,5123.6
275,train,multihop_qa,2354,E,1024,0.0,0.0018218,4868.7
275,train,multihop_qa,2354,E,2048,1.0,0.0018292,17134.7
275,train,multihop_qa,2354,E,4096,1.0,0.0018292,17131.6
276,train,knowledge,438,A,512,0.0,0.0001572,3300.5
276,train,knowledge,438,A,1024,0.0,0.0002484,8987.6
276,train,knowledge,438,A,2048,0.0,0.0005412,12632.7
276,train,knowledge,438,A,4096,0.0,0.0010532,25326.8
276,train,knowledge,438,B,512,0.0,0.0002578,10660.9
276,train,knowledge,438,B,1024,0.0,0.0002848,11669.8
276,train,knowledge,438,B,2048,0.0,0.0002578,13696.8
276,train,knowledge,438,B,4096,0.0,0.0002475,9806.9
276,train,knowledge,438,C,512,0.0,0.0001003,984.2
276,train,knowledge,438,C,1024,0.0,0.0002397,2339.4
276,train,knowledge,438,C,2048,0.0,0.0004445,4140.3
276,train,knowledge,438,C,4096,0.0,0.0008541,8482.2
276,train,knowledge,438,D,512,0.0,0.0001641,30107.5
276,train,knowledge,438,D,1024,0.0,0.0002921,17259.8
276,train,knowledge,438,D,2048,0.0,0.0005481,35639.4
276,train,knowledge,438,D,4096,0.0,0.0001583,16702.1
276,train,knowledge,438,E,512,0.0,0.0006946,3316.7
276,train,knowledge,438,E,1024,0.0,0.0012581,3959.5
276,train,knowledge,438,E,2048,0.0,0.0023842,19270.6
276,train,knowledge,438,E,4096,0.0,0.0023039,12559.5
277,test,coding,356,A,512,1.0,0.00012,4088.9
277,test,coding,356,A,1024,1.0,0.00012,2561.2
277,test,coding,356,A,2048,1.0,0.00012,2619.6
277,test,coding,356,A,4096,1.0,0.00012,4151.0
277,test,coding,356,B,512,1.0,0.0002153,8513.2
277,test,coding,356,B,1024,1.0,0.0002153,8570.4
277,test,coding,356,B,2048,1.0,0.0002153,8849.0
277,test,coding,356,B,4096,1.0,0.0002153,8494.6
277,test,coding,356,C,512,1.0,0.0001023,875.2
277,test,coding,356,C,1024,0.0,0.0002329,4894.0
277,test,coding,356,C,2048,1.0,0.0001023,865.6
277,test,coding,356,C,4096,1.0,0.0002957,6226.8
277,test,coding,356,D,512,0.0,0.0001536,6495.5
277,test,coding,356,D,1024,1.0,5.11e-05,8641.1
277,test,coding,356,D,2048,1.0,0.0002136,9175.6
277,test,coding,356,D,4096,1.0,5.36e-05,8224.8
277,test,coding,356,E,512,0.0,0.0006703,2699.0
277,test,coding,356,E,1024,0.0,0.0012332,9863.4
277,test,coding,356,E,2048,1.0,0.0013201,6896.4
277,test,coding,356,E,4096,1.0,0.0012343,9553.9
278,train,math_comp,135,A,512,0.0,0.0001135,2727.8
278,train,math_comp,135,A,1024,0.0,0.0002643,6254.3
278,train,math_comp,135,A,2048,1.0,0.0001398,4763.4
278,train,math_comp,135,A,4096,0.0,0.0001768,4209.8
278,train,math_comp,135,B,512,0.0,0.0002412,11164.7
278,train,math_comp,135,B,1024,1.0,0.0002902,13347.4
278,train,math_comp,135,B,2048,1.0,0.0002902,13401.5
278,train,math_comp,135,B,4096,1.0,0.0002934,13919.0
278,train,math_comp,135,C,512,0.0,0.0001131,2792.9
278,train,math_comp,135,C,1024,1.0,9.45e-05,982.7
278,train,math_comp,135,C,2048,1.0,0.0002971,6577.1
278,train,math_comp,135,C,4096,1.0,0.0002897,6417.8
278,train,math_comp,135,D,512,0.0,0.000138,7550.9
278,train,math_comp,135,D,1024,1.0,0.0001705,7503.2
278,train,math_comp,135,D,2048,1.0,0.0001737,7293.5
278,train,math_comp,135,D,4096,1.0,3.57e-05,2149.3
278,train,math_comp,135,E,512,0.0,0.0006064,1584.8
278,train,math_comp,135,E,1024,0.0,0.0011696,3831.7
278,train,math_comp,135,E,2048,1.0,0.0013156,7471.7
278,train,math_comp,135,E,4096,1.0,0.0011308,18365.0
279,train,math_olympiad,215,A,512,0.0,0.0001412,3260.8
279,train,math_olympiad,215,A,1024,0.0,0.0002692,6403.9
279,train,math_olympiad,215,A,2048,0.0,0.0005252,13370.2
279,train,math_olympiad,215,A,4096,0.0,0.0010372,27788.0
279,train,math_olympiad,215,B,512,0.0,0.0002476,10169.3
279,train,math_olympiad,215,B,1024,0.0,0.000478,21886.7
279,train,math_olympiad,215,B,2048,0.0,0.0009388,40155.9
279,train,math_olympiad,215,B,4096,0.0,0.0011674,51167.9
279,train,math_olympiad,215,C,512,0.0,0.000119,1849.8
279,train,math_olympiad,215,C,1024,0.0,0.0002214,2539.2
279,train,math_olympiad,215,C,2048,0.0,0.0004262,4268.1
279,train,math_olympiad,215,C,4096,0.0,0.0008358,8998.4
279,train,math_olympiad,215,D,512,0.0,0.0001438,18849.0
279,train,math_olympiad,215,D,1024,0.0,0.0002718,14599.9
279,train,math_olympiad,215,D,2048,0.0,0.0005278,28229.3
279,train,math_olympiad,215,D,4096,1.0,0.0008842,101945.6
279,train,math_olympiad,215,E,512,0.0,0.0006283,3033.7
279,train,math_olympiad,215,E,1024,0.0,0.0011918,5440.5
279,train,math_olympiad,215,E,2048,0.0,0.0023179,11221.9
279,train,math_olympiad,215,E,4096,0.0,0.0045707,38084.3
280,test,multihop_qa,3048,A,512,0.00637,0.0003109,3410.5
280,test,multihop_qa,3048,A,1024,0.0,0.0004389,7252.1
280,test,multihop_qa,3048,A,2048,0.0,0.0006949,14546.3
280,test,multihop_qa,3048,A,4096,1.0,0.0007914,17258.8
280,test,multihop_qa,3048,B,512,0.0,0.0003794,5941.7
280,test,multihop_qa,3048,B,1024,0.0,0.0003592,4985.6
280,test,multihop_qa,3048,B,2048,1.0,0.0003745,6161.3
280,test,multihop_qa,3048,B,4096,1.0,0.0003745,5449.6
280,test,multihop_qa,3048,C,512,0.0,0.000364,1921.4
280,test,multihop_qa,3048,C,1024,0.0,0.000263,235.9
280,test,multihop_qa,3048,C,2048,0.0,0.000263,232.3
280,test,multihop_qa,3048,C,4096,1.0,0.0005132,5833.5
280,test,multihop_qa,3048,D,512,0.0,0.0003533,6736.7
280,test,multihop_qa,3048,D,1024,1.0,0.000356,6587.3
280,test,multihop_qa,3048,D,2048,1.0,0.0003453,6454.4
280,test,multihop_qa,3048,D,4096,0.0,0.0002423,3691.3
280,test,multihop_qa,3048,E,512,0.0,0.0014605,2474.0
280,test,multihop_qa,3048,E,1024,0.0,0.0020234,17682.6
280,test,multihop_qa,3048,E,2048,0.0,0.0031498,33984.3
280,test,multihop_qa,3048,E,4096,1.0,0.0030093,7357.6
281,train,multihop_qa,2472,A,512,0.0,0.0002763,4705.8
281,train,multihop_qa,2472,A,1024,0.0,0.0004043,7277.8
281,train,multihop_qa,2472,A,2048,0.125,0.0006603,14374.5
281,train,multihop_qa,2472,A,4096,1.0,0.0010413,32151.7
281,train,multihop_qa,2472,B,512,0.8,0.0002662,3230.4
281,train,multihop_qa,2472,B,1024,0.8,0.000265,12370.8
281,train,multihop_qa,2472,B,2048,0.8,0.0002614,6382.0
281,train,multihop_qa,2472,B,4096,0.8,0.0002682,6863.1
281,train,multihop_qa,2472,C,512,0.0,0.0003028,2529.7
281,train,multihop_qa,2472,C,1024,0.0,0.0004052,4761.0
281,train,multihop_qa,2472,C,2048,0.0,0.00061,8949.6
281,train,multihop_qa,2472,C,4096,0.0,0.0010196,17489.8
281,train,multihop_qa,2472,D,512,0.83333,0.0003068,7633.5
281,train,multihop_qa,2472,D,1024,0.85714,0.0003445,11380.5
281,train,multihop_qa,2472,D,2048,0.8,0.0001968,1305.0
281,train,multihop_qa,2472,D,4096,0.8,0.000197,2229.7
281,train,multihop_qa,2472,E,512,0.0,0.0012733,5095.1
281,train,multihop_qa,2472,E,1024,0.0,0.0018365,7790.0
281,train,multihop_qa,2472,E,2048,1.0,0.0022559,11009.3
281,train,multihop_qa,2472,E,4096,1.0,0.0022559,10847.6
282,train,multihop_qa,3347,A,512,1.0,0.0003183,4660.1
282,train,multihop_qa,3347,A,1024,1.0,0.0003181,3563.1
282,train,multihop_qa,3347,A,2048,1.0,0.0003193,4543.9
282,train,multihop_qa,3347,A,4096,1.0,0.0003373,4119.6
282,train,multihop_qa,3347,B,512,1.0,0.000299,2287.9
282,train,multihop_qa,3347,B,1024,1.0,0.000299,2258.4
282,train,multihop_qa,3347,B,2048,1.0,0.0002976,2046.3
282,train,multihop_qa,3347,B,4096,1.0,0.0002976,2243.2
282,train,multihop_qa,3347,C,512,0.0,0.0003773,2319.0
282,train,multihop_qa,3347,C,1024,0.0,0.0002757,220.4
282,train,multihop_qa,3347,C,2048,0.0,0.0002757,215.8
282,train,multihop_qa,3347,C,4096,0.0,0.0002757,360.4
282,train,multihop_qa,3347,D,512,1.0,0.0002533,881.7
282,train,multihop_qa,3347,D,1024,1.0,0.0002605,1276.4
282,train,multihop_qa,3347,D,2048,1.0,0.0002883,2575.0
282,train,multihop_qa,3347,D,4096,1.0,0.0002535,857.1
282,train,multihop_qa,3347,E,512,1.0,0.0013112,2110.9
282,train,multihop_qa,3347,E,1024,1.0,0.0013145,5304.1
282,train,multihop_qa,3347,E,2048,1.0,0.0012367,3363.0
282,train,multihop_qa,3347,E,4096,1.0,0.0012367,3310.6
283,train,math_olympiad,127,A,512,0.0,0.0001357,3642.8
283,train,math_olympiad,127,A,1024,0.0,0.0002637,7023.0
283,train,math_olympiad,127,A,2048,0.0,0.0005197,18481.7
283,train,math_olympiad,127,A,4096,0.0,0.0010317,27276.7
283,train,math_olympiad,127,B,512,0.0,0.0002405,18638.4
283,train,math_olympiad,127,B,1024,0.0,0.0004709,33905.6
283,train,math_olympiad,127,B,2048,0.0,0.0006257,29452.8
283,train,math_olympiad,127,B,4096,0.0,0.0018533,93089.1
283,train,math_olympiad,127,C,512,0.0,0.0001126,2305.9
283,train,math_olympiad,127,C,1024,0.0,0.000215,2539.4
283,train,math_olympiad,127,C,2048,0.0,0.0004198,9050.6
283,train,math_olympiad,127,C,4096,0.0,0.0008294,16608.5
283,train,math_olympiad,127,D,512,0.0,0.0001372,8494.4
283,train,math_olympiad,127,D,1024,0.0,0.0002652,18935.3
283,train,math_olympiad,127,D,2048,1.0,0.0003472,17064.4
283,train,math_olympiad,127,D,4096,0.0,0.0002742,12942.7
283,train,math_olympiad,127,E,512,0.0,0.0006037,8544.4
283,train,math_olympiad,127,E,1024,0.0,0.0011672,5757.7
283,train,math_olympiad,127,E,2048,0.0,0.0022936,10643.5
283,train,math_olympiad,127,E,4096,1.0,0.0042249,35358.2
284,test,multihop_qa,3112,A,512,0.0,0.0003147,3693.9
284,test,multihop_qa,3112,A,1024,0.0,0.0004427,7110.9
284,test,multihop_qa,3112,A,2048,0.5,0.0006705,13200.1
284,test,multihop_qa,3112,A,4096,0.28571,0.0010935,24032.5
284,test,multihop_qa,3112,B,512,0.33333,0.0003303,4021.6
284,test,multihop_qa,3112,B,1024,0.2,0.0003546,4540.2
284,test,multihop_qa,3112,B,2048,0.5,0.0003366,3853.7
284,test,multihop_qa,3112,B,4096,0.33333,0.0003226,3306.3
284,test,multihop_qa,3112,C,512,0.0,0.0002551,338.4
284,test,multihop_qa,3112,C,1024,0.0,0.0002551,282.4
284,test,multihop_qa,3112,C,2048,0.54545,0.0004523,3937.5
284,test,multihop_qa,3112,C,4096,0.0,0.0002549,428.5
284,test,multihop_qa,3112,D,512,0.6,0.0003576,6153.6
284,test,multihop_qa,3112,D,1024,0.32,0.0003531,6698.8
284,test,multihop_qa,3112,D,2048,0.25,0.0003203,4451.7
284,test,multihop_qa,3112,D,4096,0.25,0.0003251,7277.1
284,test,multihop_qa,3112,E,512,0.0,0.0014722,8624.7
284,test,multihop_qa,3112,E,1024,0.25,0.0016526,4555.1
284,test,multihop_qa,3112,E,2048,0.33333,0.0017758,5139.0
284,test,multihop_qa,3112,E,4096,0.25,0.0016526,4900.2
285,train,math_comp,108,A,512,0.0,0.0001345,3464.3
285,train,math_comp,108,A,1024,1.0,0.0001552,4154.2
285,train,math_comp,108,A,2048,1.0,0.0004197,13988.0
285,train,math_comp,108,A,4096,1.0,0.0002972,7897.1
285,train,math_comp,108,B,512,0.0,0.000239,11856.8
285,train,math_comp,108,B,1024,1.0,0.000298,13779.5
285,train,math_comp,108,B,2048,1.0,0.0002795,12915.0
285,train,math_comp,108,B,4096,1.0,0.000271,12704.2
285,train,math_comp,108,C,512,0.0,0.0001111,2334.9
285,train,math_comp,108,C,1024,0.0,0.0002135,5968.6
285,train,math_comp,108,C,2048,1.0,0.0001049,1989.1
285,train,math_comp,108,C,4096,1.0,0.0002859,7197.1
285,train,math_comp,108,D,512,1.0,2.85e-05,2250.4
285,train,math_comp,108,D,1024,1.0,0.0001882,8877.1
285,train,math_comp,108,D,2048,1.0,3.75e-05,2304.5
285,train,math_comp,108,D,4096,1.0,0.000164,9350.1
285,train,math_comp,108,E,512,0.0,0.0005983,8211.3
285,train,math_comp,108,E,1024,1.0,0.001076,3918.8
285,train,math_comp,108,E,2048,1.0,0.0011868,7102.0
285,train,math_comp,108,E,4096,1.0,0.001189,9962.5
286,train,knowledge,199,A,512,0.0,0.0001399,4429.7
286,train,knowledge,199,A,1024,0.0,0.0002679,9388.3
286,train,knowledge,199,A,2048,0.0,0.0005239,17339.9
286,train,knowledge,199,A,4096,0.0,0.0010359,37116.3
286,train,knowledge,199,B,512,0.0,0.0002471,10924.9
286,train,knowledge,199,B,1024,0.0,0.0004775,21781.7
286,train,knowledge,199,B,2048,1.0,0.0005423,24857.0
286,train,knowledge,199,B,4096,0.0,0.0009743,44627.4
286,train,knowledge,199,C,512,0.0,0.0001186,2414.9
286,train,knowledge,199,C,1024,0.0,0.0001928,3454.8
286,train,knowledge,199,C,2048,0.0,0.0004258,7916.6
286,train,knowledge,199,C,4096,0.0,0.0008354,14713.3
286,train,knowledge,199,D,512,0.0,8.04e-05,4290.9
286,train,knowledge,199,D,1024,0.0,0.0001172,16428.8
286,train,knowledge,199,D,2048,0.0,0.0005264,31311.1
286,train,knowledge,199,D,4096,0.0,8.22e-05,14377.0
286,train,knowledge,199,E,512,0.0,0.0006214,2762.3
286,train,knowledge,199,E,1024,0.0,0.0011846,5785.9
286,train,knowledge,199,E,2048,0.0,0.002311,12975.9
286,train,knowledge,199,E,4096,0.0,0.0045638,38025.2
287,train,knowledge,229,A,512,0.0,0.0001417,3406.8
287,train,knowledge,229,A,1024,0.0,0.0002697,6469.2
287,train,knowledge,229,A,2048,0.0,0.0003184,11293.9
287,train,knowledge,229,A,4096,0.0,0.0010377,25857.6
287,train,knowledge,229,B,512,0.0,0.0002267,9368.0
287,train,knowledge,229,B,1024,0.0,0.0002276,8446.9
287,train,knowledge,229,B,2048,0.0,0.0002402,9942.2
287,train,knowledge,229,B,4096,0.0,0.0002402,9979.2
287,train,knowledge,229,C,512,0.0,7.08e-05,1047.0
287,train,knowledge,229,C,1024,0.0,0.0001758,3905.9
287,train,knowledge,229,C,2048,0.0,0.0001766,3881.7
287,train,knowledge,229,C,4096,0.0,7.2e-05,1118.6
287,train,knowledge,229,D,512,0.0,0.0001086,5374.8
287,train,knowledge,229,D,1024,0.0,0.0001648,8472.9
287,train,knowledge,229,D,2048,0.0,3.88e-05,1715.9
287,train,knowledge,229,D,4096,0.0,4.16e-05,1849.1
287,train,knowledge,229,E,512,0.0,0.0006091,3091.4
287,train,knowledge,229,E,1024,0.0,0.0005442,2411.6
287,train,knowledge,229,E,2048,0.0,0.0005442,2253.7
287,train,knowledge,229,E,4096,0.0,0.000608,26712.1
288,train,math_olympiad,102,A,512,0.0,0.0001341,3420.0
288,train,math_olympiad,102,A,1024,0.0,0.0002621,8688.4
288,train,math_olympiad,102,A,2048,0.0,0.0003116,10280.0
288,train,math_olympiad,102,A,4096,0.0,0.0010301,25387.4
288,train,math_olympiad,102,B,512,0.0,0.0002385,10576.8
288,train,math_olympiad,102,B,1024,0.0,0.0004689,21512.3
288,train,math_olympiad,102,B,2048,0.0,0.0009297,38997.1
288,train,math_olympiad,102,B,4096,0.0,0.0008833,49339.0
288,train,math_olympiad,102,C,512,0.0,0.0001106,2041.8
288,train,math_olympiad,102,C,1024,1.0,0.0002078,2996.4
288,train,math_olympiad,102,C,2048,1.0,0.0001764,2633.0
288,train,math_olympiad,102,C,4096,0.0,0.0008274,15525.5
288,train,math_olympiad,102,D,512,0.0,0.0001353,8594.0
288,train,math_olympiad,102,D,1024,0.0,0.0002633,6730.4
288,train,math_olympiad,102,D,2048,0.0,0.0005193,23163.9
288,train,math_olympiad,102,D,4096,1.0,0.000182,12003.9
288,train,math_olympiad,102,E,512,0.0,0.0005965,4723.2
288,train,math_olympiad,102,E,1024,0.0,0.0011597,21118.5
288,train,math_olympiad,102,E,2048,0.0,0.0022861,44588.4
288,train,math_olympiad,102,E,4096,1.0,0.0023466,12480.9
289,train,coding,232,A,512,1.0,0.0001073,3276.9
289,train,coding,232,A,1024,1.0,0.0001095,2598.7
289,train,coding,232,A,2048,1.0,0.0001073,3247.3
289,train,coding,232,A,4096,1.0,0.0001053,2505.0
289,train,coding,232,B,512,1.0,0.0001518,6364.5
289,train,coding,232,B,1024,1.0,0.0001482,6171.2
289,train,coding,232,B,2048,1.0,0.0001482,6079.2
289,train,coding,232,B,4096,1.0,0.0001509,6662.4
289,train,coding,232,C,512,0.0,0.0001203,2414.1
289,train,coding,232,C,1024,1.0,6.23e-05,732.7
289,train,coding,232,C,2048,1.0,0.0001685,3121.0
289,train,coding,232,C,4096,1.0,0.0001657,2825.1
289,train,coding,232,D,512,0.0,0.0001444,6023.0
289,train,coding,232,D,1024,0.0,0.0002724,11804.6
289,train,coding,232,D,2048,1.0,4.67e-05,2338.5
289,train,coding,232,D,4096,1.0,3.49e-05,1480.7
289,train,coding,232,E,512,0.0,0.0006331,9091.0
289,train,coding,232,E,1024,1.0,0.0007728,14596.7
289,train,coding,232,E,2048,1.0,0.0009601,3439.8
289,train,coding,232,E,4096,1.0,0.0008399,15528.0
290,train,knowledge,255,A,512,0.0,0.0001443,3374.5
290,train,knowledge,255,A,1024,0.0,0.0002723,6359.9
290,train,knowledge,255,A,2048,0.0,0.0002623,9096.2
290,train,knowledge,255,A,4096,0.0,0.000131,2997.6
290,train,knowledge,255,B,512,0.0,0.0002512,9948.1
290,train,knowledge,255,B,1024,0.0,0.0004231,18282.7
290,train,knowledge,255,B,2048,0.0,0.0005216,20162.4
290,train,knowledge,255,B,4096,0.0,0.0004668,19552.0
290,train,knowledge,255,C,512,0.0,3.56e-05,1029.9
290,train,knowledge,255,C,1024,0.0,0.0002236,4789.3
290,train,knowledge,255,C,2048,0.0,3.88e-05,793.9
290,train,knowledge,255,C,4096,1.0,0.0002064,4407.0
290,train,knowledge,255,D,512,1.0,6.44e-05,3028.1
290,train,knowledge,255,D,1024,1.0,0.0001509,8151.2
290,train,knowledge,255,D,2048,1.0,0.0002049,8413.7
290,train,knowledge,255,D,4096,0.0,7.59e-05,5087.3
290,train,knowledge,255,E,512,0.0,0.000634,3060.8
290,train,knowledge,255,E,1024,0.0,0.0011972,6662.6
290,train,knowledge,255,E,2048,1.0,0.0015646,32569.6
290,train,knowledge,255,E,4096,1.0,0.0017431,5748.0
291,train,coding,407,A,512,0.0,0.000153,3236.3
291,train,coding,407,A,1024,1.0,0.0002575,5695.8
291,train,coding,407,A,2048,1.0,0.0002575,5698.1
291,train,coding,407,A,4096,0.0,0.0002708,6104.1
291,train,coding,407,B,512,0.0,0.0002188,8475.6
291,train,coding,407,B,1024,0.0,0.0002188,8862.5
291,train,coding,407,B,2048,0.0,0.0002188,8522.5
291,train,coding,407,B,4096,0.0,0.0002188,9177.6
291,train,coding,407,C,512,0.0,0.000135,1822.2
291,train,coding,407,C,1024,0.0,0.0002374,3182.5
291,train,coding,407,C,2048,1.0,0.000109,1591.5
291,train,coding,407,C,4096,0.0,0.0008518,13475.4
291,train,coding,407,D,512,0.0,0.0001572,9456.6
291,train,coding,407,D,1024,1.0,0.000199,7043.7
291,train,coding,407,D,2048,1.0,0.0001772,9097.9
291,train,coding,407,D,4096,1.0,0.000225,10954.9
291,train,coding,407,E,512,0.0,0.0006844,3000.9
291,train,coding,407,E,1024,0.0,0.0012479,4130.5
291,train,coding,407,E,2048,0.0,0.002374,14094.8
291,train,coding,407,E,4096,1.0,0.0033332,68260.6
292,test,math_olympiad,245,A,512,0.0,0.0001431,3137.3
292,test,math_olympiad,245,A,1024,0.0,0.0002711,6191.6
292,test,math_olympiad,245,A,2048,0.0,0.0005271,12427.0
292,test,math_olympiad,245,A,4096,0.0,0.0010391,26584.9
292,test,math_olympiad,245,B,512,0.0,0.0002509,11624.0
292,test,math_olympiad,245,B,1024,0.0,0.0004813,21043.9
292,test,math_olympiad,245,B,2048,0.0,0.0009421,40880.0
292,test,math_olympiad,245,B,4096,0.0,0.0009313,40363.0
292,test,math_olympiad,245,C,512,0.0,0.000122,1537.4
292,test,math_olympiad,245,C,1024,0.0,0.0002244,3429.1
292,test,math_olympiad,245,C,2048,0.0,0.0004292,6705.3
292,test,math_olympiad,245,C,4096,0.0,0.0008388,10388.2
292,test,math_olympiad,245,D,512,0.0,0.0001457,7243.1
292,test,math_olympiad,245,D,1024,0.0,0.0002737,10746.8
292,test,math_olympiad,245,D,2048,1.0,0.0002897,39083.6
292,test,math_olympiad,245,D,4096,0.0,0.0010417,52501.5
292,test,math_olympiad,245,E,512,0.0,0.0006358,3848.8
292,test,math_olympiad,245,E,1024,0.0,0.001199,6363.4
292,test,math_olympiad,245,E,2048,0.0,0.0023254,11963.9
292,test,math_olympiad,245,E,4096,0.0,0.0045785,14246.4
293,test,math_comp,164,A,512,0.0,0.0001383,4428.1
293,test,math_comp,164,A,1024,1.0,0.0002016,4840.0
293,test,math_comp,164,A,2048,1.0,0.0002101,6877.6
293,test,math_comp,164,A,4096,1.0,0.0001701,5589.1
293,test,math_comp,164,B,512,0.0,0.0002434,8922.5
293,test,math_comp,164,B,1024,0.0,0.0004738,18219.4
293,test,math_comp,164,B,2048,1.0,0.0003564,13094.7
293,test,math_comp,164,B,4096,1.0,0.0003555,13349.0
293,test,math_comp,164,C,512,0.0,0.0001147,1625.4
293,test,math_comp,164,C,1024,1.0,0.0001667,1998.6
293,test,math_comp,164,C,2048,1.0,0.0001585,2022.7
293,test,math_comp,164,C,4096,1.0,0.0001677,2030.3
293,test,math_comp,164,D,512,0.0,0.0001406,7409.4
293,test,math_comp,164,D,1024,1.0,5.88e-05,3479.7
293,test,math_comp,164,D,2048,1.0,0.0002384,10050.6
293,test,math_comp,164,D,4096,0.0,5.24e-05,11194.5
293,test,math_comp,164,E,512,0.0,0.0006124,1419.5
293,test,math_comp,164,E,1024,1.0,0.0009853,2500.6
293,test,math_comp,164,E,2048,1.0,0.0011016,5348.1
293,test,math_comp,164,E,4096,1.0,0.0009718,4765.8
294,train,multihop_qa,3028,A,512,0.0,0.0003097,4184.8
294,train,multihop_qa,3028,A,1024,0.0,0.0004377,7184.7
294,train,multihop_qa,3028,A,2048,0.0,0.0006937,14226.7
294,train,multihop_qa,3028,A,4096,1.0,0.0008167,17940.6
294,train,multihop_qa,3028,B,512,0.0,0.0003822,6801.7
294,train,multihop_qa,3028,B,1024,1.0,0.0003314,3756.0
294,train,multihop_qa,3028,B,2048,1.0,0.0003336,4320.5
294,train,multihop_qa,3028,B,4096,0.0,0.0003327,3728.5
294,train,multihop_qa,3028,C,512,1.0,0.0002532,957.2
294,train,multihop_qa,3028,C,1024,0.0,0.0004574,3181.8
294,train,multihop_qa,3028,C,2048,1.0,0.0002532,319.2
294,train,multihop_qa,3028,C,4096,1.0,0.0002532,336.6
294,train,multihop_qa,3028,D,512,0.66667,0.0003043,5240.5
294,train,multihop_qa,3028,D,1024,1.0,0.0003093,5299.1
294,train,multihop_qa,3028,D,2048,0.66667,0.0002986,5818.6
294,train,multihop_qa,3028,D,4096,1.0,0.0003091,5978.8
294,train,multihop_qa,3028,E,512,0.0,0.0014533,4438.4
294,train,multihop_qa,3028,E,1024,0.0,0.0020165,7789.0
294,train,multihop_qa,3028,E,2048,1.0,0.0025767,7075.4
294,train,multihop_qa,3028,E,4096,1.0,0.0025767,6997.2
295,test,knowledge,265,A,512,0.0,0.0001439,3691.1
295,test,knowledge,265,A,1024,0.0,0.0002719,7552.6
295,test,knowledge,265,A,2048,0.0,0.0005279,14211.4
295,test,knowledge,265,A,4096,0.0,0.0010399,27933.5
295,test,knowledge,265,B,512,0.0,0.0002534,9476.3
295,test,knowledge,265,B,1024,0.0,0.0004838,18457.6
295,test,knowledge,265,B,2048,0.0,0.0009446,36052.6
295,test,knowledge,265,B,4096,0.0,0.0009711,38512.8
295,test,knowledge,265,C,512,0.0,0.0001236,1734.8
295,test,knowledge,265,C,1024,0.0,0.000226,4222.6
295,test,knowledge,265,C,2048,0.0,0.0004308,5934.5
295,test,knowledge,265,C,4096,1.0,0.0005288,6238.6
295,test,knowledge,265,D,512,0.0,0.0001461,27890.6
295,test,knowledge,265,D,1024,1.0,0.0002451,12296.7
295,test,knowledge,265,D,2048,1.0,8.26e-05,22225.4
295,test,knowledge,265,D,4096,1.0,0.0002148,11904.7
295,test,knowledge,265,E,512,0.0,0.0006394,1333.0
295,test,knowledge,265,E,1024,0.0,0.0012023,9683.8
295,test,knowledge,265,E,2048,1.0,0.0022363,14189.7
295,test,knowledge,265,E,4096,1.0,0.0012056,6330.5
296,train,multihop_qa,2852,A,512,0.0,0.0002399,2104.8
296,train,multihop_qa,2852,A,1024,0.22222,0.0004271,9591.1
296,train,multihop_qa,2852,A,2048,0.0,0.0002426,2739.3
296,train,multihop_qa,2852,A,4096,0.4,0.0006194,13567.1
296,train,multihop_qa,2852,B,512,1.0,0.0002637,2188.3
296,train,multihop_qa,2852,B,1024,1.0,0.0002642,1812.8
296,train,multihop_qa,2852,B,2048,1.0,0.0002642,1795.8
296,train,multihop_qa,2852,B,4096,1.0,0.0002642,1772.8
296,train,multihop_qa,2852,C,512,0.4,0.0002368,221.0
296,train,multihop_qa,2852,C,1024,0.0,0.0004406,5087.8
296,train,multihop_qa,2852,C,2048,1.0,0.0005052,6519.7
296,train,multihop_qa,2852,C,4096,1.0,0.000521,6824.3
296,train,multihop_qa,2852,D,512,0.4,0.0002514,3162.8
296,train,multihop_qa,2852,D,1024,0.4,0.0002501,3446.4
296,train,multihop_qa,2852,D,2048,0.4,0.0002148,808.2
296,train,multihop_qa,2852,D,4096,0.4,0.0002446,2741.2
296,train,multihop_qa,2852,E,512,0.0,0.0014011,3388.5
296,train,multihop_qa,2852,E,1024,0.4,0.0015265,3877.9
296,train,multihop_qa,2852,E,2048,0.4,0.0015265,3885.9
296,train,multihop_qa,2852,E,4096,0.4,0.0014209,10527.6
297,train,multihop_qa,3541,A,512,0.0,0.0003405,3636.0
297,train,multihop_qa,3541,A,1024,0.0,0.0004685,6870.8
297,train,multihop_qa,3541,A,2048,0.0,0.0002907,2174.9
297,train,multihop_qa,3541,A,4096,0.66667,0.0008135,17714.2
297,train,multihop_qa,3541,B,512,0.0,0.0004579,7834.8
297,train,multihop_qa,3541,B,1024,0.66667,0.0004399,6742.7
297,train,multihop_qa,3541,B,2048,0.66667,0.0004399,6597.5
297,train,multihop_qa,3541,B,4096,0.66667,0.0004399,8220.5
297,train,multihop_qa,3541,C,512,0.0,0.0002939,269.6
297,train,multihop_qa,3541,C,1024,0.0,0.0002939,319.8
297,train,multihop_qa,3541,C,2048,0.0,0.0002939,281.1
297,train,multihop_qa,3541,C,4096,0.0,0.0011121,17940.6
297,train,multihop_qa,3541,D,512,0.66667,0.0002708,1273.7
297,train,multihop_qa,3541,D,1024,0.66667,0.0003485,4758.0
297,train,multihop_qa,3541,D,2048,0.66667,0.0003195,4011.7
297,train,multihop_qa,3541,D,4096,0.66667,0.0003958,6945.3
297,train,multihop_qa,3541,E,512,0.0,0.0016135,3417.2
297,train,multihop_qa,3541,E,1024,0.0,0.002177,5950.4
297,train,multihop_qa,3541,E,2048,0.66667,0.0025114,7151.1
297,train,multihop_qa,3541,E,4096,0.66667,0.0025265,34575.3
298,train,knowledge,439,A,512,0.0,0.0001569,3418.6
298,train,knowledge,439,A,1024,0.0,0.0002849,6823.4
298,train,knowledge,439,A,2048,0.0,0.0005409,13952.1
298,train,knowledge,439,A,4096,1.0,0.0007002,18090.0
298,train,knowledge,439,B,512,0.0,0.0002723,11247.8
298,train,knowledge,439,B,1024,0.0,0.0005027,20612.5
298,train,knowledge,439,B,2048,0.0,0.0007727,31689.0
298,train,knowledge,439,B,4096,0.0,0.0006067,24874.3
298,train,knowledge,439,C,512,0.0,0.0001209,1696.6
298,train,knowledge,439,C,1024,1.0,0.0001693,2024.2
298,train,knowledge,439,C,2048,0.0,0.0004437,6037.9
298,train,knowledge,439,C,4096,1.0,0.0001663,2551.8
298,train,knowledge,439,D,512,0.0,0.0001609,7421.4
298,train,knowledge,439,D,1024,0.0,0.0002889,15661.9
298,train,knowledge,439,D,2048,0.0,0.0005449,35677.7
298,train,knowledge,439,D,4096,1.0,0.0004584,27739.8
298,train,knowledge,439,E,512,0.0,0.0006799,3390.0
298,train,knowledge,439,E,1024,0.0,0.0012434,2703.5
298,train,knowledge,439,E,2048,0.0,0.0023695,45145.1
298,train,knowledge,439,E,4096,0.0,0.0046223,38226.6
299,train,knowledge,241,A,512,0.0,0.0001429,4778.0
299,train,knowledge,241,A,1024,0.0,0.0002709,7184.7
299,train,knowledge,241,A,2048,0.0,0.0002634,9140.2
299,train,knowledge,241,A,4096,0.0,0.0003234,10974.7
299,train,knowledge,241,B,512,0.0,0.0002496,30798.0
299,train,knowledge,241,B,1024,0.0,0.00048,56906.8
299,train,knowledge,241,B,2048,0.0,0.000611,61596.2
299,train,knowledge,241,B,4096,0.0,0.0003633,15501.6
299,train,knowledge,241,C,512,0.0,0.0001217,2368.5
299,train,knowledge,241,C,1024,0.0,9.15e-05,1493.6
299,train,knowledge,241,C,2048,0.0,0.0004289,9470.9
299,train,knowledge,241,C,4096,0.0,0.0001109,987.7
299,train,knowledge,241,D,512,0.0,0.0001459,3802.0
299,train,knowledge,241,D,1024,0.0,0.0002239,20692.6
299,train,knowledge,241,D,2048,0.0,0.0002312,13834.5
299,train,knowledge,241,D,4096,0.0,7.82e-05,7555.2
299,train,knowledge,241,E,512,0.0,0.000637,16495.2
299,train,knowledge,241,E,1024,0.0,0.0012002,25228.8
299,train,knowledge,241,E,2048,0.0,0.0013146,26933.3
299,train,knowledge,241,E,4096,0.0,0.0010949,2817.3
300,test,math_olympiad,184,A,512,0.0,0.0001393,3357.1
300,test,math_olympiad,184,A,1024,0.0,0.0002673,6529.1
300,test,math_olympiad,184,A,2048,1.0,0.0003151,9145.7
300,test,math_olympiad,184,A,4096,1.0,0.0003523,8490.7
300,test,math_olympiad,184,B,512,0.0,0.000245,10796.9
300,test,math_olympiad,184,B,1024,1.0,0.000326,14384.3
300,test,math_olympiad,184,B,2048,1.0,0.0003323,15156.7
300,test,math_olympiad,184,B,4096,1.0,0.0003377,14997.1
300,test,math_olympiad,184,C,512,1.0,9.68e-05,1353.4
300,test,math_olympiad,184,C,1024,1.0,8.24e-05,1124.7
300,test,math_olympiad,184,C,2048,1.0,0.000141,1678.1
300,test,math_olympiad,184,C,4096,1.0,7.82e-05,964.8
300,test,math_olympiad,184,D,512,1.0,6.08e-05,8156.7
300,test,math_olympiad,184,D,1024,1.0,0.0001908,9207.2
300,test,math_olympiad,184,D,2048,1.0,0.0001413,6488.3
300,test,math_olympiad,184,D,4096,1.0,0.0001693,8119.7
300,test,math_olympiad,184,E,512,0.0,0.0006214,1522.8
300,test,math_olympiad,184,E,1024,0.0,0.0011846,5758.1
300,test,math_olympiad,184,E,2048,1.0,0.001841,9291.9
300,test,math_olympiad,184,E,4096,1.0,0.0019257,9937.2
301,test,math_comp,106,A,512,0.0,0.0001344,3330.2
301,test,math_comp,106,A,1024,0.0,0.0001554,3573.3
301,test,math_comp,106,A,2048,0.0,8.19e-05,1868.9
301,test,math_comp,106,A,4096,0.0,0.0001706,4092.3
301,test,math_comp,106,B,512,0.0,0.0002384,9707.7
301,test,math_comp,106,B,1024,0.0,0.0004688,18242.9
301,test,math_comp,106,B,2048,0.0,0.0006659,26902.2
301,test,math_comp,106,B,4096,0.0,0.0009161,40450.8
301,test,math_comp,106,C,512,0.0,0.0001109,3140.8
301,test,math_comp,106,C,1024,0.0,0.0002133,4445.5
301,test,math_comp,106,C,2048,0.0,0.0004181,8292.8
301,test,math_comp,106,C,4096,0.0,9.95e-05,2660.0
301,test,math_comp,106,D,512,0.0,0.0001356,7145.6
301,test,math_comp,106,D,1024,0.0,0.0002636,12700.2
301,test,math_comp,106,D,2048,1.0,0.0004836,19853.4
301,test,math_comp,106,D,4096,1.0,0.0004796,20420.5
301,test,math_comp,106,E,512,0.0,0.000598,2655.1
301,test,math_comp,106,E,1024,0.0,0.0011609,9601.8
301,test,math_comp,106,E,2048,0.0,0.0022873,18633.0
301,test,math_comp,106,E,4096,1.0,0.0042541,22672.5
302,test,math_comp,82,A,512,1.0,0.0001157,2809.8
302,test,math_comp,82,A,1024,1.0,0.0001272,4423.3
302,test,math_comp,82,A,2048,1.0,0.0001237,3025.0
302,test,math_comp,82,A,4096,1.0,0.0001272,4441.8
302,test,math_comp,82,B,512,1.0,0.0001893,8575.5
302,test,math_comp,82,B,1024,1.0,0.0001888,8358.9
302,test,math_comp,82,B,2048,1.0,0.0001893,8660.9
302,test,math_comp,82,B,4096,1.0,0.0001893,8566.2
302,test,math_comp,82,C,512,0.0,0.0001092,1615.0
302,test,math_comp,82,C,1024,1.0,0.0001712,3941.8
302,test,math_comp,82,C,2048,1.0,0.0001274,2005.5
302,test,math_comp,82,C,4096,1.0,0.0001732,2998.7
302,test,math_comp,82,D,512,1.0,9.57e-05,5651.9
302,test,math_comp,82,D,1024,1.0,0.0001412,10022.6
302,test,math_comp,82,D,2048,1.0,3.27e-05,2152.0
302,test,math_comp,82,D,4096,1.0,3.42e-05,2237.9
302,test,math_comp,82,E,512,1.0,0.0005086,7448.7
302,test,math_comp,82,E,1024,1.0,0.0006087,8938.9
302,test,math_comp,82,E,2048,1.0,0.0005152,3126.2
302,test,math_comp,82,E,4096,1.0,0.0005086,4173.6
303,train,math_comp,155,A,512,0.0,0.0001254,2968.1
303,train,math_comp,155,A,1024,1.0,0.0001589,5461.2
303,train,math_comp,155,A,2048,1.0,0.0001579,5451.4
303,train,math_comp,155,A,4096,0.0,0.0001132,2741.4
303,train,math_comp,155,B,512,0.0,0.0002422,11234.9
303,train,math_comp,155,B,1024,0.0,0.0004726,21849.9
303,train,math_comp,155,B,2048,1.0,0.0007242,33787.2
303,train,math_comp,155,B,4096,1.0,0.0007476,35163.9
303,train,math_comp,155,C,512,1.0,0.0001027,1416.4
303,train,math_comp,155,C,1024,1.0,0.0001763,3485.3
303,train,math_comp,155,C,2048,1.0,0.0001059,1400.9
303,train,math_comp,155,C,4096,1.0,0.0001993,3368.7
303,train,math_comp,155,D,512,0.0,2.95e-05,2899.5
303,train,math_comp,155,D,1024,0.0,0.0002678,10511.1
303,train,math_comp,155,D,2048,1.0,0.0003743,17220.7
303,train,math_comp,155,D,4096,1.0,0.000328,13599.0
303,train,math_comp,155,E,512,0.0,0.0006097,3257.3
303,train,math_comp,155,E,1024,1.0,0.0010687,2848.4
303,train,math_comp,155,E,2048,1.0,0.001251,18174.2
303,train,math_comp,155,E,4096,1.0,0.0010651,5636.0
304,test,coding,296,A,512,1.0,0.0001222,3745.1
304,test,coding,296,A,1024,0.0,0.0001094,2395.6
304,test,coding,296,A,2048,1.0,0.0001222,3759.0
304,test,coding,296,A,4096,1.0,0.0001222,3792.1
304,test,coding,296,B,512,1.0,0.0001966,8330.0
304,test,coding,296,B,1024,1.0,0.0001966,8229.6
304,test,coding,296,B,2048,1.0,0.0001966,8179.1
304,test,coding,296,B,4096,1.0,0.0001966,8543.3
304,test,coding,296,C,512,1.0,0.0001052,1715.0
304,test,coding,296,C,1024,1.0,0.0001052,1635.3
304,test,coding,296,C,2048,1.0,0.000105,1667.2
304,test,coding,296,C,4096,1.0,0.0001048,1647.7
304,test,coding,296,D,512,0.0,0.0001492,4404.5
304,test,coding,296,D,1024,1.0,4.72e-05,1896.3
304,test,coding,296,D,2048,1.0,4.76e-05,1852.2
304,test,coding,296,D,4096,0.0,0.0006974,29965.0
304,test,coding,296,E,512,0.0,0.000652,4887.1
304,test,coding,296,E,1024,0.0,0.0012152,9386.3
304,test,coding,296,E,2048,0.0,0.0017358,6156.1
304,test,coding,296,E,4096,0.0,0.0016552,8996.9
305,train,coding,228,A,512,1.0,8.11e-05,1657.9
305,train,coding,228,A,1024,1.0,8.04e-05,1704.0
305,train,coding,228,A,2048,1.0,8.04e-05,1629.3
305,train,coding,228,A,4096,1.0,4.56e-05,1237.1
305,train,coding,228,B,512,1.0,0.0001394,5401.3
305,train,coding,228,B,1024,1.0,0.0001516,6369.6
305,train,coding,228,B,2048,1.0,0.0001516,7159.1
305,train,coding,228,B,4096,1.0,0.0001511,6371.9
305,train,coding,228,C,512,0.0,0.0001206,2146.9
305,train,coding,228,C,1024,0.0,0.000223,3644.0
305,train,coding,228,C,2048,1.0,7.68e-05,757.1
305,train,coding,228,C,4096,1.0,6.62e-05,575.3
305,train,coding,228,D,512,1.0,3.7e-05,1780.4
305,train,coding,228,D,1024,0.0,0.000272,11839.1
305,train,coding,228,D,2048,1.0,0.0003602,15607.3
305,train,coding,228,D,4096,1.0,0.0002687,10265.1
305,train,coding,228,E,512,0.0,0.0006313,3290.4
305,train,coding,228,E,1024,1.0,0.0011835,19229.6
305,train,coding,228,E,2048,1.0,0.0010089,3030.1
305,train,coding,228,E,4096,1.0,0.0011189,3108.7
306,train,multihop_qa,1903,A,512,1.0,0.0001821,2177.1
306,train,multihop_qa,1903,A,1024,1.0,0.0001736,2281.7
306,train,multihop_qa,1903,A,2048,1.0,0.0001763,2208.2
306,train,multihop_qa,1903,A,4096,1.0,0.0001653,1301.8
306,train,multihop_qa,1903,B,512,1.0,0.0001767,1936.3
306,train,multihop_qa,1903,B,1024,1.0,0.0001767,1822.9
306,train,multihop_qa,1903,B,2048,1.0,0.0001767,1786.4
306,train,multihop_qa,1903,B,4096,1.0,0.0001767,1786.1
306,train,multihop_qa,1903,C,512,0.0,0.0001536,631.2
306,train,multihop_qa,1903,C,1024,0.0,0.0001536,544.5
306,train,multihop_qa,1903,C,2048,0.0,0.0001536,423.6
306,train,multihop_qa,1903,C,4096,0.0,0.0001536,429.0
306,train,multihop_qa,1903,D,512,1.0,0.0001947,3238.3
306,train,multihop_qa,1903,D,1024,1.0,0.000192,3705.7
306,train,multihop_qa,1903,D,2048,0.75,0.000238,3972.5
306,train,multihop_qa,1903,D,4096,1.0,0.0001982,3100.8
306,train,multihop_qa,1903,E,512,0.0,0.0011116,1895.7
306,train,multihop_qa,1903,E,1024,1.0,0.0011512,1932.2
306,train,multihop_qa,1903,E,2048,1.0,0.0010464,9706.0
306,train,multihop_qa,1903,E,4096,1.0,0.0011531,5384.2
307,train,math_comp,111,A,512,0.0,0.0001347,4705.0
307,train,math_comp,111,A,1024,0.0,0.0002627,6121.0
307,train,math_comp,111,A,2048,0.0,0.0005187,18707.9
307,train,math_comp,111,A,4096,0.0,0.0010307,37999.7
307,train,math_comp,111,B,512,0.0,0.0002391,11102.9
307,train,math_comp,111,B,1024,0.0,0.0004695,20868.8
307,train,math_comp,111,B,2048,1.0,0.0006846,30718.0
307,train,math_comp,111,B,4096,0.0,0.0006891,30910.0
307,train,math_comp,111,C,512,0.0,0.0001113,3206.9
307,train,math_comp,111,C,1024,0.0,0.0002137,5964.6
307,train,math_comp,111,C,2048,1.0,0.0003171,8806.0
307,train,math_comp,111,C,4096,1.0,8.11e-05,1872.8
307,train,math_comp,111,D,512,1.0,5.05e-05,5160.4
307,train,math_comp,111,D,1024,1.0,0.0001538,10744.5
307,train,math_comp,111,D,2048,1.0,0.000147,10577.3
307,train,math_comp,111,D,4096,1.0,0.000331,15571.1
307,train,math_comp,111,E,512,0.0,0.0005992,3002.3
307,train,math_comp,111,E,1024,0.0,0.0011624,7133.8
307,train,math_comp,111,E,2048,0.0,0.0022888,19383.8
307,train,math_comp,111,E,4096,1.0,0.0033756,27380.3
308,train,multihop_qa,2420,A,512,0.34146,0.0002732,4932.8
308,train,multihop_qa,2420,A,1024,0.21538,0.0004012,6320.3
308,train,multihop_qa,2420,A,2048,0.16667,0.0006572,19050.8
308,train,multihop_qa,2420,A,4096,0.0,0.0011692,24949.3
308,train,multihop_qa,2420,B,512,0.4,0.0002281,2039.5
308,train,multihop_qa,2420,B,1024,0.4,0.0002299,1869.9
308,train,multihop_qa,2420,B,2048,0.4,0.0002299,2177.7
308,train,multihop_qa,2420,B,4096,0.4,0.0002299,1841.8
308,train,multihop_qa,2420,C,512,1.0,0.0001998,375.3
308,train,multihop_qa,2420,C,1024,1.0,0.0001998,462.3
308,train,multihop_qa,2420,C,2048,1.0,0.0001998,411.4
308,train,multihop_qa,2420,C,4096,1.0,0.0001998,345.0
308,train,multihop_qa,2420,D,512,0.17241,0.0003064,9388.5
308,train,multihop_qa,2420,D,1024,0.0,0.0004344,14681.6
308,train,multihop_qa,2420,D,2048,0.0,0.0006904,62497.6
308,train,multihop_qa,2420,D,4096,0.0,0.0012023,55634.5
308,train,multihop_qa,2420,E,512,0.0,0.0012712,5593.0
308,train,multihop_qa,2420,E,1024,0.0,0.0018344,6427.6
308,train,multihop_qa,2420,E,2048,0.0,0.0029608,12394.9
308,train,multihop_qa,2420,E,4096,0.0,0.0052136,38075.0
309,train,knowledge,225,A,512,0.0,0.0001436,4720.4
309,train,knowledge,225,A,1024,0.0,0.0001976,6763.1
309,train,knowledge,225,A,2048,0.0,0.0005276,12436.3
309,train,knowledge,225,A,4096,0.0,0.0002146,7402.8
309,train,knowledge,225,B,512,0.0,0.0002484,10648.8
309,train,knowledge,225,B,1024,0.0,0.0004785,64183.3
309,train,knowledge,225,B,2048,1.0,0.0002688,28112.3
309,train,knowledge,225,B,4096,1.0,0.000567,26204.5
309,train,knowledge,225,C,512,1.0,5.32e-05,2658.6
309,train,knowledge,225,C,1024,1.0,3.04e-05,846.2
309,train,knowledge,225,C,2048,0.0,0.0004274,13612.3
309,train,knowledge,225,C,4096,1.0,2.9e-05,695.1
309,train,knowledge,225,D,512,0.0,0.0001471,10457.7
309,train,knowledge,225,D,1024,0.0,0.000275,19559.7
309,train,knowledge,225,D,2048,0.0,0.000531,32249.6
309,train,knowledge,225,D,4096,0.0,0.001043,70234.9
309,train,knowledge,225,E,512,0.0,0.0006304,9291.7
309,train,knowledge,225,E,1024,0.0,0.0011936,6768.5
309,train,knowledge,225,E,2048,0.0,0.00232,34614.9
309,train,knowledge,225,E,4096,0.0,0.0045731,16307.1
310,test,coding,188,A,512,1.0,7.98e-05,2620.9
310,test,coding,188,A,1024,1.0,8e-05,1775.2
310,test,coding,188,A,2048,1.0,7.55e-05,1655.8
310,test,coding,188,A,4096,1.0,7.55e-05,1720.0
310,test,coding,188,B,512,0.0,0.0001204,15935.1
310,test,coding,188,B,1024,0.0,0.0001204,16395.5
310,test,coding,188,B,2048,0.0,0.0001204,12981.8
310,test,coding,188,B,4096,0.0,0.0001204,15691.0
310,test,coding,188,C,512,1.0,4.77e-05,1571.5
310,test,coding,188,C,1024,1.0,4.77e-05,2184.2
310,test,coding,188,C,2048,1.0,4.93e-05,2511.6
310,test,coding,188,C,4096,1.0,5.87e-05,2617.2
310,test,coding,188,D,512,0.0,0.0001412,6567.2
310,test,coding,188,D,1024,1.0,6.67e-05,3615.7
310,test,coding,188,D,2048,1.0,7.74e-05,3971.1
310,test,coding,188,D,4096,1.0,0.0001807,8143.1
310,test,coding,188,E,512,0.0,0.0006199,2604.7
310,test,coding,188,E,1024,1.0,0.0008781,4215.8
310,test,coding,188,E,2048,1.0,0.000852,3358.4
310,test,coding,188,E,4096,1.0,0.0008121,4049.3
311,test,multihop_qa,2411,A,512,1.0,0.0001974,1530.3
311,test,multihop_qa,2411,A,1024,1.0,0.0002089,1783.8
311,test,multihop_qa,2411,A,2048,1.0,0.0001859,1129.5
311,test,multihop_qa,2411,A,4096,1.0,0.0001937,1411.0
311,test,multihop_qa,2411,B,512,1.0,0.0002271,1902.3
311,test,multihop_qa,2411,B,1024,1.0,0.0002271,1753.7
311,test,multihop_qa,2411,B,2048,1.0,0.0002271,2121.2
311,test,multihop_qa,2411,B,4096,1.0,0.0002271,1724.2
311,test,multihop_qa,2411,C,512,1.0,0.0002889,2642.4
311,test,multihop_qa,2411,C,1024,1.0,0.0002013,836.3
311,test,multihop_qa,2411,C,2048,1.0,0.0002967,2820.0
311,test,multihop_qa,2411,C,4096,1.0,0.0002771,2294.3
311,test,multihop_qa,2411,D,512,1.0,0.0001887,1284.5
311,test,multihop_qa,2411,D,1024,1.0,0.0001974,1915.6
311,test,multihop_qa,2411,D,2048,1.0,0.0002209,11632.1
311,test,multihop_qa,2411,D,4096,1.0,0.0002184,2621.2
311,test,multihop_qa,2411,E,512,1.0,0.0010152,1423.1
311,test,multihop_qa,2411,E,1024,1.0,0.0010248,1803.1
311,test,multihop_qa,2411,E,2048,1.0,0.0010248,2889.6
311,test,multihop_qa,2411,E,4096,1.0,0.0010226,1907.1
312,train,knowledge,279,A,512,0.0,0.0001447,3142.6
312,train,knowledge,279,A,1024,0.0,0.0002727,8325.5
312,train,knowledge,279,A,2048,0.0,0.0005287,12729.1
312,train,knowledge,279,A,4096,0.0,0.0010407,25563.8
312,train,knowledge,279,B,512,0.0,0.0002534,10593.2
312,train,knowledge,279,B,1024,0.0,0.0004838,20908.8
312,train,knowledge,279,B,2048,0.0,0.0009446,42581.6
312,train,knowledge,279,B,4096,0.0,0.0009329,42399.9
312,train,knowledge,279,C,512,0.0,0.0001258,5357.9
312,train,knowledge,279,C,1024,0.0,0.0001956,8950.0
312,train,knowledge,279,C,2048,0.0,0.000433,10292.3
312,train,knowledge,279,C,4096,0.0,0.0002182,11075.3
312,train,knowledge,279,D,512,0.0,0.0001483,10649.9
312,train,knowledge,279,D,1024,0.0,0.0002763,18961.8
312,train,knowledge,279,D,2048,0.0,0.0005323,55186.3
312,train,knowledge,279,D,4096,1.0,0.0007088,51296.4
312,train,knowledge,279,E,512,0.0,0.0006466,3140.5
312,train,knowledge,279,E,1024,0.0,0.0012098,6870.7
312,train,knowledge,279,E,2048,0.0,0.0023362,34499.5
312,train,knowledge,279,E,4096,0.0,0.004589,27663.2
313,train,multihop_qa,3067,A,512,0.0,0.000312,3505.3
313,train,multihop_qa,3067,A,1024,0.0,0.00044,9148.5
313,train,multihop_qa,3067,A,2048,0.01932,0.000696,12939.8
313,train,multihop_qa,3067,A,4096,0.0,0.001208,25462.6
313,train,multihop_qa,3067,B,512,1.0,0.0003268,4101.4
313,train,multihop_qa,3067,B,1024,1.0,0.0003232,3942.9
313,train,multihop_qa,3067,B,2048,1.0,0.0003381,5232.2
313,train,multihop_qa,3067,B,4096,1.0,0.0003259,4102.5
313,train,multihop_qa,3067,C,512,0.0,0.0002594,536.5
313,train,multihop_qa,3067,C,1024,0.0,0.0002594,356.1
313,train,multihop_qa,3067,C,2048,0.0,0.0002594,335.7
313,train,multihop_qa,3067,C,4096,0.0,0.0002594,483.5
313,train,multihop_qa,3067,D,512,1.0,0.0002856,4944.3
313,train,multihop_qa,3067,D,1024,0.0,0.0004821,15174.5
313,train,multihop_qa,3067,D,2048,0.0,0.0007381,27999.0
313,train,multihop_qa,3067,D,4096,1.0,0.0008216,32709.6
313,train,multihop_qa,3067,E,512,0.0,0.0014701,3141.1
313,train,multihop_qa,3067,E,1024,0.0,0.0020336,4361.0
313,train,multihop_qa,3067,E,2048,0.0,0.0031597,34646.9
313,train,multihop_qa,3067,E,4096,1.0,0.0042281,10795.4
314,test,math_comp,109,A,512,1.0,4.92e-05,1600.6
314,test,math_comp,109,A,1024,1.0,4.92e-05,1163.2
314,test,math_comp,109,A,2048,1.0,4.92e-05,1611.7
314,test,math_comp,109,A,4096,1.0,4.92e-05,1236.8
314,test,math_comp,109,B,512,0.0,0.0002391,11223.4
314,test,math_comp,109,B,1024,1.0,0.0002571,12109.8
314,test,math_comp,109,B,2048,1.0,0.0002643,12477.5
314,test,math_comp,109,B,4096,1.0,0.0002544,12444.3
314,test,math_comp,109,C,512,0.0,0.000111,3084.2
314,test,math_comp,109,C,1024,1.0,6.06e-05,2859.6
314,test,math_comp,109,C,2048,1.0,0.0001214,3770.2
314,test,math_comp,109,C,4096,1.0,6.22e-05,2638.6
314,test,math_comp,109,D,512,1.0,1.62e-05,1305.2
314,test,math_comp,109,D,1024,1.0,1.44e-05,1212.8
314,test,math_comp,109,D,2048,1.0,4.04e-05,3380.0
314,test,math_comp,109,D,4096,1.0,1.54e-05,921.1
314,test,math_comp,109,E,512,1.0,0.0004849,3408.1
314,test,math_comp,109,E,1024,1.0,0.0004937,4453.4
314,test,math_comp,109,E,2048,1.0,0.000494,1302.1
314,test,math_comp,109,E,4096,1.0,0.0004849,3562.8
315,train,math_olympiad,129,A,512,0.0,0.0001357,4385.3
315,train,math_olympiad,129,A,1024,0.0,0.0002637,8681.8
315,train,math_olympiad,129,A,2048,0.0,0.0005197,12649.4
315,train,math_olympiad,129,A,4096,0.0,0.0010317,35316.5
315,train,math_olympiad,129,B,512,0.0,0.0002407,11383.2
315,train,math_olympiad,129,B,1024,0.0,0.0004711,22138.0
315,train,math_olympiad,129,B,2048,0.0,0.0009319,45715.5
315,train,math_olympiad,129,B,4096,0.0,0.0018535,90549.6
315,train,math_olympiad,129,C,512,0.0,0.0001128,5490.1
315,train,math_olympiad,129,C,1024,0.0,0.0002152,6823.4
315,train,math_olympiad,129,C,2048,0.0,0.00042,18918.0
315,train,math_olympiad,129,C,4096,0.0,0.0008296,21853.7
315,train,math_olympiad,129,D,512,0.0,0.0001373,8071.6
315,train,math_olympiad,129,D,1024,0.0,0.0002653,14808.9
315,train,math_olympiad,129,D,2048,1.0,4.55e-05,8135.5
315,train,math_olympiad,129,D,4096,1.0,0.0005133,23102.6
315,train,math_olympiad,129,E,512,0.0,0.0006043,8853.3
315,train,math_olympiad,129,E,1024,0.0,0.0011675,9821.7
315,train,math_olympiad,129,E,2048,0.0,0.0022939,41458.5
315,train,math_olympiad,129,E,4096,1.0,0.0045291,37621.4
316,train,coding,175,A,512,1.0,4.85e-05,1041.2
316,train,coding,175,A,1024,1.0,4.85e-05,1046.9
316,train,coding,175,A,2048,1.0,4.85e-05,1306.0
316,train,coding,175,A,4096,1.0,4.85e-05,1139.0
316,train,coding,175,B,512,1.0,8.92e-05,3637.4
316,train,coding,175,B,1024,1.0,8.87e-05,3484.7
316,train,coding,175,B,2048,1.0,8.87e-05,3545.7
316,train,coding,175,B,4096,1.0,8.87e-05,3525.2
316,train,coding,175,C,512,1.0,4.18e-05,2177.6
316,train,coding,175,C,1024,1.0,0.0002072,5419.4
316,train,coding,175,C,2048,1.0,4.18e-05,2293.6
316,train,coding,175,C,4096,1.0,4.18e-05,2454.2
316,train,coding,175,D,512,0.0,0.00014,6819.2
316,train,coding,175,D,1024,1.0,2.78e-05,25161.5
316,train,coding,175,D,2048,1.0,0.000245,11310.1
316,train,coding,175,D,4096,1.0,0.0002515,10991.6
316,train,coding,175,E,512,0.0,0.0006163,3105.4
316,train,coding,175,E,1024,1.0,0.0006086,4760.2
316,train,coding,175,E,2048,1.0,0.0007802,3944.1
316,train,coding,175,E,4096,1.0,0.0006067,1989.0
317,train,knowledge,1045,A,512,0.0,0.0001998,3131.0
317,train,knowledge,1045,A,1024,0.0,0.000213,5135.6
317,train,knowledge,1045,A,2048,0.0,0.000215,5139.8
317,train,knowledge,1045,A,4096,0.0,0.0001943,3073.6
317,train,knowledge,1045,B,512,0.0,0.000314,11455.1
317,train,knowledge,1045,B,1024,0.0,0.0005444,24205.8
317,train,knowledge,1045,B,2048,0.0,0.0007469,34532.5
317,train,knowledge,1045,B,4096,0.0,0.0007523,33099.4
317,train,knowledge,1045,C,512,0.0,0.0001812,5840.4
317,train,knowledge,1045,C,1024,0.0,0.0002836,6075.8
317,train,knowledge,1045,C,2048,0.0,0.0004884,18811.4
317,train,knowledge,1045,C,4096,0.0,0.000898,24826.5
317,train,knowledge,1045,D,512,0.0,0.0002156,8483.3
317,train,knowledge,1045,D,1024,1.0,0.0002351,16950.1
317,train,knowledge,1045,D,2048,1.0,0.0001704,5690.8
317,train,knowledge,1045,D,4096,1.0,0.0003558,16792.9
317,train,knowledge,1045,E,512,0.0,0.0008566,3526.2
317,train,knowledge,1045,E,1024,0.0,0.0014201,5672.7
317,train,knowledge,1045,E,2048,0.0,0.0025465,8384.8
317,train,knowledge,1045,E,4096,0.0,0.004799,37288.9
318,train,coding,352,A,512,0.0,0.0001491,4747.7
318,train,coding,352,A,1024,0.0,0.0001774,5827.3
318,train,coding,352,A,2048,0.0,0.0001726,5725.4
318,train,coding,352,A,4096,0.0,0.0001881,4071.6
318,train,coding,352,B,512,1.0,0.0002516,10622.2
318,train,coding,352,B,1024,0.0,0.0002602,11048.8
318,train,coding,352,B,2048,1.0,0.0002485,11483.6
318,train,coding,352,B,4096,0.0,0.0002606,11197.6
318,train,coding,352,C,512,0.0,0.0001314,3848.7
318,train,coding,352,C,1024,1.0,0.0001596,4534.9
318,train,coding,352,C,2048,0.0,0.0004386,13265.4
318,train,coding,352,C,4096,1.0,0.0004436,12321.3
318,train,coding,352,D,512,0.0,0.0001528,6606.4
318,train,coding,352,D,1024,0.0,0.0002808,14442.6
318,train,coding,352,D,2048,0.0,0.0004773,22895.9
318,train,coding,352,D,4096,0.0,6.88e-05,9990.5
318,train,coding,352,E,512,0.0,0.000667,2178.3
318,train,coding,352,E,1024,0.0,0.0012302,4000.7
318,train,coding,352,E,2048,0.0,0.0023563,18781.4
318,train,coding,352,E,4096,0.0,0.0019738,6203.1
319,test,knowledge,1027,A,512,0.0,0.0001811,4706.3
319,test,knowledge,1027,A,1024,0.0,0.0003091,9242.2
319,test,knowledge,1027,A,2048,0.0,0.0005651,13055.5
319,test,knowledge,1027,A,4096,0.0,0.0010771,26257.9
319,test,knowledge,1027,B,512,0.0,0.0003529,13524.5
319,test,knowledge,1027,B,1024,0.0,0.0005833,24481.4
319,test,knowledge,1027,B,2048,0.0,0.0008024,36194.3
319,test,knowledge,1027,B,4096,0.0,0.0007844,35496.9
319,test,knowledge,1027,C,512,0.0,0.0002239,4717.6
319,test,knowledge,1027,C,1024,0.0,0.0003263,9299.4
319,test,knowledge,1027,C,2048,0.0,0.0005311,17792.1
319,test,knowledge,1027,C,4096,0.0,0.0009407,22380.7
319,test,knowledge,1027,D,512,0.0,0.000205,9976.3
319,test,knowledge,1027,D,1024,0.0,0.000333,75190.0
319,test,knowledge,1027,D,2048,0.0,0.000589,31479.2
319,test,knowledge,1027,D,4096,0.0,0.001101,86733.3
319,test,knowledge,1027,E,512,0.0,0.0008026,2747.8
319,test,knowledge,1027,E,1024,0.0,0.0013658,21297.1
319,test,knowledge,1027,E,2048,0.0,0.0024922,19376.6
319,test,knowledge,1027,E,4096,0.0,0.0047453,22462.0
320,train,knowledge,204,A,512,0.0,0.0001402,4299.5
320,train,knowledge,204,A,1024,0.0,0.000192,5984.5
320,train,knowledge,204,A,2048,0.0,0.0005242,13339.5
320,train,knowledge,204,A,4096,0.0,0.0002212,6867.9
320,train,knowledge,204,B,512,0.0,0.0002222,14761.3
320,train,knowledge,204,B,1024,0.0,0.0002276,11259.9
320,train,knowledge,204,B,2048,0.0,0.0002222,14775.3
320,train,knowledge,204,B,4096,0.0,0.000233,11974.5
320,train,knowledge,204,C,512,0.0,6.13e-05,2543.4
320,train,knowledge,204,C,1024,0.0,7.17e-05,2442.0
320,train,knowledge,204,C,2048,0.0,8.19e-05,2781.9
320,train,knowledge,204,C,4096,0.0,7.19e-05,2667.0
320,train,knowledge,204,D,512,0.0,9.38e-05,5425.8
320,train,knowledge,204,D,1024,0.0,0.0001441,8460.3
320,train,knowledge,204,D,2048,0.0,0.0001328,7398.7
320,train,knowledge,204,D,4096,0.0,4.71e-05,6194.1
320,train,knowledge,204,E,512,0.0,0.0006241,2913.8
320,train,knowledge,204,E,1024,0.0,0.0007773,2420.4
320,train,knowledge,204,E,2048,0.0,0.0006472,5295.8
320,train,knowledge,204,E,4096,0.0,0.0007982,2449.8
321,train,multihop_qa,2717,A,512,0.0,0.000291,3626.7
321,train,multihop_qa,2717,A,1024,0.66667,0.000419,6955.4
321,train,multihop_qa,2717,A,2048,0.66667,0.0003518,7225.7
321,train,multihop_qa,2717,A,4096,0.66667,0.0003518,6828.1
321,train,multihop_qa,2717,B,512,0.4,0.0002546,2446.4
321,train,multihop_qa,2717,B,1024,0.4,0.0002604,2359.9
321,train,multihop_qa,2717,B,2048,0.4,0.0002546,2016.1
321,train,multihop_qa,2717,B,4096,0.4,0.0002537,2331.7
321,train,multihop_qa,2717,C,512,0.0,0.000323,3002.6
321,train,multihop_qa,2717,C,1024,0.07692,0.000227,461.1
321,train,multihop_qa,2717,C,2048,0.08,0.000227,794.3
321,train,multihop_qa,2717,C,4096,0.07692,0.000227,937.8
321,train,multihop_qa,2717,D,512,0.22222,0.0002998,5420.2
321,train,multihop_qa,2717,D,1024,0.21053,0.0002648,5263.9
321,train,multihop_qa,2717,D,2048,0.66667,0.000252,2864.6
321,train,multihop_qa,2717,D,4096,0.21053,0.0002778,5528.7
321,train,multihop_qa,2717,E,512,0.0,0.0013612,8959.2
321,train,multihop_qa,2717,E,1024,0.66667,0.0014627,3973.9
321,train,multihop_qa,2717,E,2048,0.66667,0.001843,6813.5
321,train,multihop_qa,2717,E,4096,0.66667,0.001323,3531.9
322,train,coding,185,A,512,1.0,7.88e-05,2670.2
322,train,coding,185,A,1024,1.0,8.75e-05,2374.0
322,train,coding,185,A,2048,1.0,7.88e-05,2659.1
322,train,coding,185,A,4096,1.0,7.9e-05,2007.7
322,train,coding,185,B,512,1.0,0.0001246,5273.1
322,train,coding,185,B,1024,1.0,0.0001246,5293.1
322,train,coding,185,B,2048,1.0,0.0001246,5156.9
322,train,coding,185,B,4096,1.0,0.0001246,5396.3
322,train,coding,185,C,512,0.0,0.000117,3055.2
322,train,coding,185,C,1024,1.0,5.96e-05,1968.2
322,train,coding,185,C,2048,1.0,0.0001608,3678.2
322,train,coding,185,C,4096,1.0,0.0002052,5643.4
322,train,coding,185,D,512,0.0,0.000141,13582.8
322,train,coding,185,D,1024,1.0,0.0002657,20931.4
322,train,coding,185,D,2048,1.0,6.02e-05,3398.5
322,train,coding,185,D,4096,1.0,6.4e-05,4719.5
322,train,coding,185,E,512,0.0,0.0006193,8676.7
322,train,coding,185,E,1024,1.0,0.0007153,2607.9
322,train,coding,185,E,2048,1.0,0.0007227,6003.0
322,train,coding,185,E,4096,1.0,0.0006369,3272.0
323,train,math_comp,154,A,512,0.0,0.0001373,4243.3
323,train,math_comp,154,A,1024,0.0,0.0002653,6544.9
323,train,math_comp,154,A,2048,0.0,0.0005213,13532.3
323,train,math_comp,154,A,4096,0.0,0.0010333,27755.5
323,train,math_comp,154,B,512,0.0,0.0002429,11209.8
323,train,math_comp,154,B,1024,0.0,0.000473,79325.2
323,train,math_comp,154,B,2048,0.0,0.0009341,43358.3
323,train,math_comp,154,B,4096,1.0,0.0007506,128059.9
323,train,math_comp,154,C,512,0.0,0.0001146,3537.1
323,train,math_comp,154,C,1024,0.0,0.000217,5504.0
323,train,math_comp,154,C,2048,0.0,0.0004218,10047.0
323,train,math_comp,154,C,4096,0.0,0.0008314,20953.0
323,train,math_comp,154,D,512,0.0,0.0001391,18887.9
323,train,math_comp,154,D,1024,0.0,0.0002671,11174.8
323,train,math_comp,154,D,2048,1.0,0.0003281,14371.5
323,train,math_comp,154,D,4096,1.0,0.0002766,8113.5
323,train,math_comp,154,E,512,0.0,0.0006106,8700.1
323,train,math_comp,154,E,1024,0.0,0.0011738,10107.1
323,train,math_comp,154,E,2048,0.0,0.0023002,36000.6
323,train,math_comp,154,E,4096,0.0,0.0045533,15191.2
324,train,multihop_qa,2850,A,512,0.0177,0.000299,4370.2
324,train,multihop_qa,2850,A,1024,0.0,0.000427,7133.2
324,train,multihop_qa,2850,A,2048,0.0,0.000683,14075.7
324,train,multihop_qa,2850,A,4096,0.0,0.001195,28109.3
324,train,multihop_qa,2850,B,512,0.0,0.000307,5246.6
324,train,multihop_qa,2850,B,1024,0.0,0.0003484,7571.3
324,train,multihop_qa,2850,B,2048,1.0,0.0003201,5842.6
324,train,multihop_qa,2850,B,4096,0.0,0.0003318,6517.7
324,train,multihop_qa,2850,C,512,1.0,0.0002389,1039.0
324,train,multihop_qa,2850,C,1024,0.0,0.0004425,4965.5
324,train,multihop_qa,2850,C,2048,1.0,0.0002385,368.2
324,train,multihop_qa,2850,C,4096,0.0,0.0010569,23798.0
324,train,multihop_qa,2850,D,512,0.0,0.0003378,8251.0
324,train,multihop_qa,2850,D,1024,1.0,0.0002273,1644.6
324,train,multihop_qa,2850,D,2048,1.0,0.0002523,3211.2
324,train,multihop_qa,2850,D,4096,1.0,0.0003848,10160.9
324,train,multihop_qa,2850,E,512,0.0,0.0014086,5163.7
324,train,multihop_qa,2850,E,1024,0.0,0.0019718,9944.4
324,train,multihop_qa,2850,E,2048,0.0,0.0030982,13024.8
324,train,multihop_qa,2850,E,4096,1.0,0.0031543,13756.0
325,train,math_olympiad,859,A,512,0.0,0.0001803,4159.9
325,train,math_olympiad,859,A,1024,0.0,0.0003083,8172.6
325,train,math_olympiad,859,A,2048,0.0,0.0005643,14198.2
325,train,math_olympiad,859,A,4096,0.0,0.0010763,27941.9
325,train,math_olympiad,859,B,512,0.0,0.0002987,10785.2
325,train,math_olympiad,859,B,1024,0.0,0.0005291,21523.9
325,train,math_olympiad,859,B,2048,0.0,0.0007492,32575.3
325,train,math_olympiad,859,B,4096,0.0,0.0007645,33325.3
325,train,math_olympiad,859,C,512,0.0,7.07e-05,1822.0
325,train,math_olympiad,859,C,1024,0.0,0.0002741,5866.0
325,train,math_olympiad,859,C,2048,0.0,0.0004789,11940.8
325,train,math_olympiad,859,C,4096,0.0,0.0008885,23173.9
325,train,math_olympiad,859,D,512,0.0,0.0001924,10011.3
325,train,math_olympiad,859,D,1024,0.0,0.0003204,16222.5
325,train,math_olympiad,859,D,2048,0.0,0.0005764,27134.7
325,train,math_olympiad,859,D,4096,0.0,0.0010884,51867.9
325,train,math_olympiad,859,E,512,0.0,0.0008191,2396.4
325,train,math_olympiad,859,E,1024,0.0,0.001382,18651.3
325,train,math_olympiad,859,E,2048,0.0,0.0025087,10594.0
325,train,math_olympiad,859,E,4096,0.0,0.0047612,38629.8
326,train,math_olympiad,172,A,512,0.0,0.0001386,3549.6
326,train,math_olympiad,172,A,1024,0.0,0.0002666,7156.5
326,train,math_olympiad,172,A,2048,0.0,0.0005226,13966.8
326,train,math_olympiad,172,A,4096,0.0,0.0010346,27287.0
326,train,math_olympiad,172,B,512,0.0,0.0002442,10856.7
326,train,math_olympiad,172,B,1024,0.0,0.0004746,24202.7
326,train,math_olympiad,172,B,2048,0.0,0.0009354,49377.7
326,train,math_olympiad,172,B,4096,0.0,0.0007599,41194.9
326,train,math_olympiad,172,C,512,0.0,0.000116,3272.6
326,train,math_olympiad,172,C,1024,0.0,0.0002184,6199.3
326,train,math_olympiad,172,C,2048,0.0,0.0004232,11680.9
326,train,math_olympiad,172,C,4096,0.0,0.0008328,27296.1
326,train,math_olympiad,172,D,512,0.0,0.0001407,5470.0
326,train,math_olympiad,172,D,1024,0.0,0.0002687,11380.1
326,train,math_olympiad,172,D,2048,0.0,0.0005247,36866.5
326,train,math_olympiad,172,D,4096,0.0,5.34e-05,2840.8
326,train,math_olympiad,172,E,512,0.0,0.0006163,9035.0
326,train,math_olympiad,172,E,1024,0.0,0.0011795,17437.4
326,train,math_olympiad,172,E,2048,0.0,0.0023059,11676.6
326,train,math_olympiad,172,E,4096,0.0,0.0045587,37666.3
327,train,math_olympiad,151,A,512,0.0,0.000137,3506.4
327,train,math_olympiad,151,A,1024,0.0,0.000265,8616.9
327,train,math_olympiad,151,A,2048,0.0,0.000521,13607.4
327,train,math_olympiad,151,A,4096,0.0,0.001033,26187.0
327,train,math_olympiad,151,B,512,0.0,0.0002426,10716.4
327,train,math_olympiad,151,B,1024,0.0,0.000473,22466.8
327,train,math_olympiad,151,B,2048,0.0,0.0009338,44832.5
327,train,math_olympiad,151,B,4096,0.0,0.000964,46555.9
327,train,math_olympiad,151,C,512,0.0,0.0001145,3249.9
327,train,math_olympiad,151,C,1024,0.0,0.0002169,7179.8
327,train,math_olympiad,151,C,2048,0.0,0.0004217,14128.4
327,train,math_olympiad,151,C,4096,1.0,0.0006827,18422.0
327,train,math_olympiad,151,D,512,0.0,0.0001386,6142.2
327,train,math_olympiad,151,D,1024,0.0,0.0002666,17484.1
327,train,math_olympiad,151,D,2048,0.0,0.0005226,36628.8
327,train,math_olympiad,151,D,4096,0.0,0.0010346,71049.1
327,train,math_olympiad,151,E,512,0.0,0.0006088,4882.5
327,train,math_olympiad,151,E,1024,0.0,0.001172,9619.0
327,train,math_olympiad,151,E,2048,0.0,0.0022984,13285.8
327,train,math_olympiad,151,E,4096,0.0,0.0045512,67236.4
328,test,knowledge,611,A,512,0.0,0.0001675,4601.2
328,test,knowledge,611,A,1024,0.0,0.0002955,9072.5
328,test,knowledge,611,A,2048,0.0,0.0005515,12968.6
328,test,knowledge,611,A,4096,0.0,0.000399,11021.5
328,test,knowledge,611,B,512,0.0,0.0002793,10661.4
328,test,knowledge,611,B,1024,0.0,0.0005097,21938.9
328,test,knowledge,611,B,2048,0.0,0.0009705,42472.5
328,test,knowledge,611,B,4096,0.0,0.0008949,39387.4
328,test,knowledge,611,C,512,0.0,0.0001484,3174.2
328,test,knowledge,611,C,1024,0.0,0.0002508,6373.0
328,test,knowledge,611,C,2048,0.0,0.0004556,11946.0
328,test,knowledge,611,C,4096,1.0,0.0008296,23385.5
328,test,knowledge,611,D,512,0.0,0.0001752,7765.5
328,test,knowledge,611,D,1024,0.0,0.0003033,9076.6
328,test,knowledge,611,D,2048,0.0,0.0005592,22341.7
328,test,knowledge,611,D,4096,0.0,0.0010712,36243.0
328,test,knowledge,611,E,512,0.0,0.0007387,8239.5
328,test,knowledge,611,E,1024,0.0,0.0013022,3751.5
328,test,knowledge,611,E,2048,0.0,0.0024286,8369.1
328,test,knowledge,611,E,4096,1.0,0.0031029,10777.2
329,train,math_comp,216,A,512,0.0,0.0001409,5273.4
329,train,math_comp,216,A,1024,0.0,0.0002689,6626.7
329,train,math_comp,216,A,2048,1.0,0.0003656,9130.2
329,train,math_comp,216,A,4096,0.0,0.0005306,13207.8
329,train,math_comp,216,B,512,0.0,0.0002477,11068.0
329,train,math_comp,216,B,1024,0.0,0.0004778,75770.3
329,train,math_comp,216,B,2048,0.0,0.0009389,43833.9
329,train,math_comp,216,B,4096,1.0,0.0005532,28392.9
329,train,math_comp,216,C,512,0.0,0.0001197,5001.8
329,train,math_comp,216,C,1024,0.0,0.0002221,9833.7
329,train,math_comp,216,C,2048,0.0,0.0004269,16742.4
329,train,math_comp,216,C,4096,1.0,0.0007945,27806.9
329,train,math_comp,216,D,512,0.0,0.0001437,8232.3
329,train,math_comp,216,D,1024,1.0,9.47e-05,7356.7
329,train,math_comp,216,D,2048,1.0,0.0002974,14463.5
329,train,math_comp,216,D,4096,1.0,0.0002932,14578.3
329,train,math_comp,216,E,512,0.0,0.0006298,3245.7
329,train,math_comp,216,E,1024,0.0,0.001193,17356.2
329,train,math_comp,216,E,2048,0.0,0.0023194,11772.1
329,train,math_comp,216,E,4096,1.0,0.0020906,31216.0
330,train,math_olympiad,244,A,512,0.0,0.0001428,5079.4
330,train,math_olympiad,244,A,1024,0.0,0.0002708,9947.5
330,train,math_olympiad,244,A,2048,1.0,0.0005023,12265.7
330,train,math_olympiad,244,A,4096,0.0,0.0010388,40268.1
330,train,math_olympiad,244,B,512,0.0,0.0002496,10953.6
330,train,math_olympiad,244,B,1024,1.0,0.0003513,15356.8
330,train,math_olympiad,244,B,2048,1.0,0.0003878,16712.6
330,train,math_olympiad,244,B,4096,1.0,0.0003882,17868.5
330,train,math_olympiad,244,C,512,0.0,0.0001222,4748.6
330,train,math_olympiad,244,C,1024,0.0,0.0002246,5977.7
330,train,math_olympiad,244,C,2048,0.0,0.0001668,5545.0
330,train,math_olympiad,244,C,4096,0.0,0.00012,4506.1
330,train,math_olympiad,244,D,512,0.0,0.0001462,6639.8
330,train,math_olympiad,244,D,1024,0.0,0.0002742,21044.9
330,train,math_olympiad,244,D,2048,0.0,0.0002845,17849.6
330,train,math_olympiad,244,D,4096,0.0,0.0003715,25307.6
330,train,math_olympiad,244,E,512,0.0,0.0006364,3001.1
330,train,math_olympiad,244,E,1024,0.0,0.0011996,18027.9
330,train,math_olympiad,244,E,2048,1.0,0.002326,10272.5
330,train,math_olympiad,244,E,4096,1.0,0.0034065,10175.1
331,train,coding,284,A,512,1.0,0.000103,2299.0
331,train,coding,284,A,1024,1.0,0.000103,2358.8
331,train,coding,284,A,2048,1.0,0.000103,2815.8
331,train,coding,284,A,4096,1.0,0.000103,2832.9
331,train,coding,284,B,512,1.0,0.0001611,6523.1
331,train,coding,284,B,1024,1.0,0.0001607,6480.6
331,train,coding,284,B,2048,1.0,0.0001611,6571.1
331,train,coding,284,B,4096,1.0,0.0001611,6789.8
331,train,coding,284,C,512,1.0,8.64e-05,1961.9
331,train,coding,284,C,1024,1.0,9e-05,2217.6
331,train,coding,284,C,2048,1.0,8.7e-05,3096.1
331,train,coding,284,C,4096,1.0,9.2e-05,3171.9
331,train,coding,284,D,512,0.0,0.0001483,6738.4
331,train,coding,284,D,1024,1.0,0.0002263,9958.5
331,train,coding,284,D,2048,1.0,0.0004818,33011.4
331,train,coding,284,D,4096,1.0,0.0005108,37330.5
331,train,coding,284,E,512,0.0,0.0006484,3123.7
331,train,coding,284,E,1024,1.0,0.00107,5661.7
331,train,coding,284,E,2048,1.0,0.0012435,17572.1
331,train,coding,284,E,4096,1.0,0.0010356,4199.2
332,train,math_olympiad,166,A,512,0.0,0.0001382,4088.5
332,train,math_olympiad,166,A,1024,0.0,0.0002662,10041.3
332,train,math_olympiad,166,A,2048,0.0,0.0005222,12919.8
332,train,math_olympiad,166,A,4096,0.0,0.0010342,25922.5
332,train,math_olympiad,166,B,512,0.0,0.0002436,14113.1
332,train,math_olympiad,166,B,1024,0.0,0.000474,28876.9
332,train,math_olympiad,166,B,2048,0.0,0.0008808,54518.1
332,train,math_olympiad,166,B,4096,0.0,0.0007688,36200.8
332,train,math_olympiad,166,C,512,0.0,0.0001157,5266.8
332,train,math_olympiad,166,C,1024,0.0,0.0002181,10032.7
332,train,math_olympiad,166,C,2048,0.0,0.0004229,19211.2
332,train,math_olympiad,166,C,4096,0.0,0.0008325,26151.5
332,train,math_olympiad,166,D,512,0.0,0.0001404,9948.4
332,train,math_olympiad,166,D,1024,0.0,0.0002684,16817.3
332,train,math_olympiad,166,D,2048,0.0,0.0005245,26552.9
332,train,math_olympiad,166,D,4096,0.0,0.0010364,49767.3
332,train,math_olympiad,166,E,512,0.0,0.0006154,8742.1
332,train,math_olympiad,166,E,1024,0.0,0.0011786,6262.9
332,train,math_olympiad,166,E,2048,0.0,0.0023053,9524.5
332,train,math_olympiad,166,E,4096,1.0,0.0037845,20695.0
333,train,math_olympiad,216,A,512,0.0,0.000141,3458.9
333,train,math_olympiad,216,A,1024,0.0,0.000269,6623.1
333,train,math_olympiad,216,A,2048,0.0,0.000525,19943.3
333,train,math_olympiad,216,A,4096,0.0,0.001037,37481.4
333,train,math_olympiad,216,B,512,0.0,0.0002474,10809.0
333,train,math_olympiad,216,B,1024,0.0,0.0004778,24509.6
333,train,math_olympiad,216,B,2048,0.0,0.0009386,42557.6
333,train,math_olympiad,216,B,4096,0.0,0.0006902,31191.0
333,train,math_olympiad,216,C,512,0.0,0.0001197,6160.4
333,train,math_olympiad,216,C,1024,0.0,0.0002221,12968.0
333,train,math_olympiad,216,C,2048,0.0,0.0004269,23456.0
333,train,math_olympiad,216,C,4096,0.0,0.0008365,36892.2
333,train,math_olympiad,216,D,512,0.0,0.000144,8428.5
333,train,math_olympiad,216,D,1024,0.0,5.88e-05,13828.6
333,train,math_olympiad,216,D,2048,0.0,0.000528,30765.1
333,train,math_olympiad,216,D,4096,0.0,0.00104,49450.2
333,train,math_olympiad,216,E,512,0.0,0.0006298,5600.5
333,train,math_olympiad,216,E,1024,0.0,0.001193,16678.3
333,train,math_olympiad,216,E,2048,0.0,0.0023194,34272.3
333,train,math_olympiad,216,E,4096,0.0,0.0045722,27369.2
334,train,knowledge,327,A,512,0.0,0.0001486,4831.8
334,train,knowledge,327,A,1024,0.0,0.0002766,9273.6
334,train,knowledge,327,A,2048,0.0,0.0001406,2967.4
334,train,knowledge,327,A,4096,1.0,0.0001991,4428.7
334,train,knowledge,327,B,512,0.0,0.0002566,10576.8
334,train,knowledge,327,B,1024,0.0,0.000487,21466.0
334,train,knowledge,327,B,2048,0.0,0.0007642,32185.3
334,train,knowledge,327,B,4096,0.0,0.0007192,31981.8
334,train,knowledge,327,C,512,0.0,0.000129,6834.0
334,train,knowledge,327,C,1024,0.0,0.0002314,7822.3
334,train,knowledge,327,C,2048,0.0,0.0004362,19199.8
334,train,knowledge,327,C,4096,0.0,0.0008458,35038.7
334,train,knowledge,327,D,512,0.0,0.0001524,8629.5
334,train,knowledge,327,D,1024,0.0,0.0002804,8732.9
334,train,knowledge,327,D,2048,0.0,0.0005365,35553.4
334,train,knowledge,327,D,4096,1.0,0.000889,89312.6
334,train,knowledge,327,E,512,0.0,0.0006613,2687.3
334,train,knowledge,327,E,1024,0.0,0.0012242,10029.8
334,train,knowledge,327,E,2048,0.0,0.0023506,19531.9
334,train,knowledge,327,E,4096,0.0,0.0046037,25362.7
335,train,multihop_qa,3220,A,512,0.03101,0.0003212,5021.4
335,train,multihop_qa,3220,A,1024,1.0,0.0004452,6943.8
335,train,multihop_qa,3220,A,2048,1.0,0.0003209,3628.0
335,train,multihop_qa,3220,A,4096,1.0,0.000457,7223.8
335,train,multihop_qa,3220,B,512,1.0,0.0003236,3417.2
335,train,multihop_qa,3220,B,1024,1.0,0.0003236,3007.0
335,train,multihop_qa,3220,B,2048,1.0,0.0003245,3113.2
335,train,multihop_qa,3220,B,4096,1.0,0.0003191,2649.3
335,train,multihop_qa,3220,C,512,0.0,0.0003744,2753.2
335,train,multihop_qa,3220,C,1024,1.0,0.0004142,3681.4
335,train,multihop_qa,3220,C,2048,1.0,0.0004066,3514.8
335,train,multihop_qa,3220,C,4096,1.0,0.0004238,3832.8
335,train,multihop_qa,3220,D,512,0.0,0.0003661,7915.8
335,train,multihop_qa,3220,D,1024,1.0,0.0004834,11957.3
335,train,multihop_qa,3220,D,2048,1.0,0.0003294,4739.7
335,train,multihop_qa,3220,D,4096,1.0,0.0003691,6240.8
335,train,multihop_qa,3220,E,512,0.0,0.0014965,2514.3
335,train,multihop_qa,3220,E,1024,0.0,0.0020594,10222.4
335,train,multihop_qa,3220,E,2048,1.0,0.0031715,34962.0
335,train,multihop_qa,3220,E,4096,1.0,0.0025041,6146.3
336,test,math_comp,135,A,512,0.0,0.00012,3724.3
336,test,math_comp,135,A,1024,0.0,0.000142,4685.7
336,test,math_comp,135,A,2048,0.0,9.53e-05,3116.8
336,test,math_comp,135,A,4096,1.0,0.0004423,11192.2
336,test,math_comp,135,B,512,0.0,0.0002412,11098.4
336,test,math_comp,135,B,1024,0.0,0.0004716,21643.7
336,test,math_comp,135,B,2048,1.0,0.0008532,38782.1
336,test,math_comp,135,B,4096,1.0,0.0006012,26828.6
336,test,math_comp,135,C,512,0.0,0.0001134,3434.0
336,test,math_comp,135,C,1024,0.0,0.0002158,6901.1
336,test,math_comp,135,C,2048,0.0,0.0004206,14687.6
336,test,math_comp,135,C,4096,0.0,0.0001684,8904.7
336,test,math_comp,135,D,512,0.0,0.0001378,7616.2
336,test,math_comp,135,D,1024,1.0,5.16e-05,14802.1
336,test,math_comp,135,D,2048,0.0,0.0005218,20222.8
336,test,math_comp,135,D,4096,1.0,0.0002943,28615.4
336,test,math_comp,135,E,512,0.0,0.0006067,5380.3
336,test,math_comp,135,E,1024,0.0,0.0011702,3618.4
336,test,math_comp,135,E,2048,0.0,0.0022966,11800.2
336,test,math_comp,135,E,4096,1.0,0.0028595,16101.7
337,train,math_olympiad,150,A,512,0.0,0.0001369,4377.0
337,train,math_olympiad,150,A,1024,0.0,0.0002649,6731.9
337,train,math_olympiad,150,A,2048,0.0,0.0003144,7966.2
337,train,math_olympiad,150,A,4096,0.0,0.0010329,33724.2
337,train,math_olympiad,150,B,512,0.0,0.0002424,10792.5
337,train,math_olympiad,150,B,1024,0.0,0.0004728,23734.4
337,train,math_olympiad,150,B,2048,0.0,0.0007068,36725.4
337,train,math_olympiad,150,B,4096,0.0,0.0008814,47046.6
337,train,math_olympiad,150,C,512,0.0,0.0001144,3520.7
337,train,math_olympiad,150,C,1024,0.0,0.0002168,9008.2
337,train,math_olympiad,150,C,2048,0.0,0.0004216,18807.8
337,train,math_olympiad,150,C,4096,0.0,0.0008312,28582.2
337,train,math_olympiad,150,D,512,0.0,0.0001386,16820.4
337,train,math_olympiad,150,D,1024,0.0,0.0002666,27795.9
337,train,math_olympiad,150,D,2048,1.0,0.0005214,72631.8
337,train,math_olympiad,150,D,4096,0.0,0.0010346,47326.5
337,train,math_olympiad,150,E,512,0.0,0.0006091,3254.8
337,train,math_olympiad,150,E,1024,0.0,0.0011726,4369.5
337,train,math_olympiad,150,E,2048,0.0,0.0022987,19707.0
337,train,math_olympiad,150,E,4096,0.0,0.0045515,68090.3
338,train,multihop_qa,2462,A,512,1.0,0.0002325,2361.7
338,train,multihop_qa,2462,A,1024,0.00753,0.0004037,8560.2
338,train,multihop_qa,2462,A,2048,1.0,0.0006402,13524.2
338,train,multihop_qa,2462,A,4096,0.12121,0.0011717,29541.3
338,train,multihop_qa,2462,B,512,1.0,0.0002443,2530.1
338,train,multihop_qa,2462,B,1024,1.0,0.0002407,2111.1
338,train,multihop_qa,2462,B,2048,1.0,0.0002276,1575.3
338,train,multihop_qa,2462,B,4096,1.0,0.0002276,1564.9
338,train,multihop_qa,2462,C,512,1.0,0.0002035,4096.5
338,train,multihop_qa,2462,C,1024,0.0,0.0004073,6960.8
338,train,multihop_qa,2462,C,2048,0.0,0.0006121,13839.6
338,train,multihop_qa,2462,C,4096,1.0,0.0002035,1319.9
338,train,multihop_qa,2462,D,512,0.0,0.000309,8271.5
338,train,multihop_qa,2462,D,1024,0.0,0.000437,14942.6
338,train,multihop_qa,2462,D,2048,0.0,0.000693,30082.1
338,train,multihop_qa,2462,D,4096,1.0,0.0003733,11722.2
338,train,multihop_qa,2462,E,512,0.0,0.0012877,3267.9
338,train,multihop_qa,2462,E,1024,0.0,0.0018509,10091.1
338,train,multihop_qa,2462,E,2048,0.0,0.0029773,12876.4
338,train,multihop_qa,2462,E,4096,1.0,0.0045294,32303.7
339,train,math_comp,684,A,512,0.0,0.000169,3763.3
339,train,math_comp,684,A,1024,0.0,0.000297,7235.5
339,train,math_comp,684,A,2048,0.0,0.0001533,3376.5
339,train,math_comp,684,A,4096,0.0,0.001065,28521.1
339,train,math_comp,684,B,512,0.0,0.000288,10964.0
339,train,math_comp,684,B,1024,0.0,0.0005184,22588.0
339,train,math_comp,684,B,2048,0.0,0.0008658,39035.9
339,train,math_comp,684,B,4096,0.0,0.0011799,55649.6
339,train,math_comp,684,C,512,0.0,0.0001614,7198.3
339,train,math_comp,684,C,1024,0.0,0.0002638,9581.3
339,train,math_comp,684,C,2048,0.0,0.0004686,13612.4
339,train,math_comp,684,C,4096,0.0,0.0008782,31685.6
339,train,math_comp,684,D,512,0.0,0.0001764,5763.8
339,train,math_comp,684,D,1024,0.0,0.0003044,29903.5
339,train,math_comp,684,D,2048,1.0,0.0002531,10998.1
339,train,math_comp,684,D,4096,1.0,0.0003644,12147.3
339,train,math_comp,684,E,512,0.0,0.0007609,8318.7
339,train,math_comp,684,E,1024,0.0,0.0013244,5199.5
339,train,math_comp,684,E,2048,0.0,0.0024505,12933.1
339,train,math_comp,684,E,4096,0.0,0.0047033,38208.5
340,test,knowledge,196,A,512,0.0,0.0001396,3682.7
340,test,knowledge,196,A,1024,0.0,0.0002676,8402.8
340,test,knowledge,196,A,2048,0.0,0.0005236,14319.2
340,test,knowledge,196,A,4096,0.0,0.0010356,34226.2
340,test,knowledge,196,B,512,0.0,0.0002461,11398.7
340,test,knowledge,196,B,1024,0.0,0.0004765,23143.0
340,test,knowledge,196,B,2048,0.0,0.0009373,44037.4
340,test,knowledge,196,B,4096,0.0,0.0009629,45504.3
340,test,knowledge,196,C,512,0.0,0.0001182,9110.6
340,test,knowledge,196,C,1024,0.0,0.0002206,7050.8
340,test,knowledge,196,C,2048,0.0,0.0004254,19514.3
340,test,knowledge,196,C,4096,0.0,0.000835,39616.8
340,test,knowledge,196,D,512,0.0,0.0001419,13117.4
340,test,knowledge,196,D,1024,0.0,0.0002699,17940.8
340,test,knowledge,196,D,2048,1.0,0.0003441,25735.4
340,test,knowledge,196,D,4096,1.0,0.0005211,36444.8
340,test,knowledge,196,E,512,0.0,0.0006232,3007.6
340,test,knowledge,196,E,1024,0.0,0.0011864,5842.7
340,test,knowledge,196,E,2048,0.0,0.0023125,35090.9
340,test,knowledge,196,E,4096,0.0,0.0045656,25643.5
341,test,math_olympiad,125,A,512,0.0,0.0001358,4529.9
341,test,math_olympiad,125,A,1024,0.0,0.0002638,7035.4
341,test,math_olympiad,125,A,2048,0.0,0.0005198,13858.9
341,test,math_olympiad,125,A,4096,0.0,0.0010318,27665.4
341,test,math_olympiad,125,B,512,0.0,0.0002403,12100.0
341,test,math_olympiad,125,B,1024,0.0,0.0004707,22468.2
341,test,math_olympiad,125,B,2048,0.0,0.0006161,29135.4
341,test,math_olympiad,125,B,4096,0.0,0.0009936,48271.1
341,test,math_olympiad,125,C,512,0.0,0.0001124,4462.0
341,test,math_olympiad,125,C,1024,0.0,0.0002148,6252.2
341,test,math_olympiad,125,C,2048,0.0,0.0004196,12100.7
341,test,math_olympiad,125,C,4096,0.0,0.0008292,29305.6
341,test,math_olympiad,125,D,512,0.0,0.0001374,13919.6
341,test,math_olympiad,125,D,1024,0.0,0.0002654,19030.5
341,test,math_olympiad,125,D,2048,0.0,0.0005214,24651.2
341,test,math_olympiad,125,D,4096,0.0,0.0010334,43058.8
341,test,math_olympiad,125,E,512,0.0,0.0006043,2406.2
341,test,math_olympiad,125,E,1024,0.0,0.0011672,18319.1
341,test,math_olympiad,125,E,2048,0.0,0.0022936,34948.7
341,test,math_olympiad,125,E,4096,0.0,0.0045464,75603.4
342,train,coding,178,A,512,0.0,4.75e-05,1102.5
342,train,coding,178,A,1024,0.0,4.75e-05,1080.3
342,train,coding,178,A,2048,0.0,4.75e-05,2267.0
342,train,coding,178,A,4096,0.0,4.75e-05,1207.6
342,train,coding,178,B,512,0.0,7.9e-05,3111.6
342,train,coding,178,B,1024,0.0,7.9e-05,3630.1
342,train,coding,178,B,2048,0.0,7.83e-05,11482.3
342,train,coding,178,B,4096,0.0,7.9e-05,3212.6
342,train,coding,178,C,512,0.0,4.08e-05,2900.5
342,train,coding,178,C,1024,0.0,4.08e-05,2309.0
342,train,coding,178,C,2048,0.0,4.08e-05,2742.3
342,train,coding,178,C,4096,1.0,0.0002624,10411.5
342,train,coding,178,D,512,0.0,0.0001408,15208.5
342,train,coding,178,D,1024,0.0,0.0002688,11563.9
342,train,coding,178,D,2048,1.0,0.0001633,6810.9
342,train,coding,178,D,4096,1.0,2.53e-05,2798.7
342,train,coding,178,E,512,0.0,0.000619,1607.7
342,train,coding,178,E,1024,1.0,0.0009674,8331.7
342,train,coding,178,E,2048,1.0,0.0012031,3419.9
342,train,coding,178,E,4096,1.0,0.0009985,2864.7
343,train,math_olympiad,136,A,512,1.0,9.04e-05,2354.4
343,train,math_olympiad,136,A,1024,1.0,8.92e-05,2308.3
343,train,math_olympiad,136,A,2048,1.0,0.0001104,3819.8
343,train,math_olympiad,136,A,4096,1.0,0.0001104,3810.6
343,train,math_olympiad,136,B,512,0.0,0.0002413,11317.4
343,train,math_olympiad,136,B,1024,1.0,0.0002291,10601.5
343,train,math_olympiad,136,B,2048,1.0,0.0002291,10548.5
343,train,math_olympiad,136,B,4096,1.0,0.000311,14311.7
343,train,math_olympiad,136,C,512,1.0,9.56e-05,6213.7
343,train,math_olympiad,136,C,1024,0.0,0.0002158,7470.1
343,train,math_olympiad,136,C,2048,1.0,0.0002016,5680.9
343,train,math_olympiad,136,C,4096,1.0,7.34e-05,6111.8
343,train,math_olympiad,136,D,512,0.0,0.0001379,6331.4
343,train,math_olympiad,136,D,1024,1.0,0.0001316,6331.8
343,train,math_olympiad,136,D,2048,1.0,0.0001346,6914.3
343,train,math_olympiad,136,D,4096,1.0,0.0001304,5668.2
343,train,math_olympiad,136,E,512,0.0,0.0006067,8820.5
343,train,math_olympiad,136,E,1024,1.0,0.0008234,4510.9
343,train,math_olympiad,136,E,2048,1.0,0.0006628,3563.9
343,train,math_olympiad,136,E,4096,1.0,0.0005803,3011.9
344,train,coding,219,A,512,0.0,0.0001411,4840.5
344,train,coding,219,A,1024,0.0,0.0002691,7304.6
344,train,coding,219,A,2048,0.0,0.0005251,14450.3
344,train,coding,219,A,4096,0.0,0.0010371,29097.5
344,train,coding,219,B,512,0.0,0.0001201,4740.0
344,train,coding,219,B,1024,0.0,0.0001201,4649.0
344,train,coding,219,B,2048,0.0,0.0001198,15846.5
344,train,coding,219,B,4096,0.0,0.0001157,18886.5
344,train,coding,219,C,512,0.0,0.0001199,3312.0
344,train,coding,219,C,1024,0.0,5.65e-05,2948.5
344,train,coding,219,C,2048,0.0,5.65e-05,3709.5
344,train,coding,219,C,4096,0.0,0.0008367,24414.1
344,train,coding,219,D,512,0.0,0.0001431,8339.2
344,train,coding,219,D,1024,0.0,0.0002711,17955.7
344,train,coding,219,D,2048,0.0,0.0005271,21511.5
344,train,coding,219,D,4096,0.0,5.11e-05,3965.8
344,train,coding,219,E,512,0.0,0.0006295,5133.1
344,train,coding,219,E,1024,0.0,0.0011924,7137.2
344,train,coding,219,E,2048,0.0,0.0023191,12420.6
344,train,coding,219,E,4096,0.0,0.0045719,20694.4
347,test,math_comp,136,A,512,1.0,0.0001282,4436.4
347,test,math_comp,136,A,1024,0.0,0.0001612,5558.0
347,test,math_comp,136,A,2048,1.0,0.0002182,7505.0
347,test,math_comp,136,A,4096,1.0,9.94e-05,2954.7
347,test,math_comp,136,B,512,1.0,0.0001863,9267.8
347,test,math_comp,136,B,1024,1.0,0.000189,9187.5
347,test,math_comp,136,B,2048,1.0,0.0001863,8927.2
347,test,math_comp,136,B,4096,1.0,0.000189,8754.1
347,test,math_comp,136,C,512,1.0,3.23e-05,1971.3
347,test,math_comp,136,C,1024,1.0,5.15e-05,2713.8
347,test,math_comp,136,C,2048,1.0,5.15e-05,2715.7
347,test,math_comp,136,C,4096,1.0,5.29e-05,2552.8
347,test,math_comp,136,D,512,1.0,8.69e-05,4711.5
347,test,math_comp,136,D,1024,1.0,8.54e-05,4718.3
347,test,math_comp,136,D,2048,1.0,9.86e-05,4483.4
347,test,math_comp,136,D,4096,1.0,9.24e-05,1870.6
347,test,math_comp,136,E,512,0.0,0.0006073,3141.9
347,test,math_comp,136,E,1024,1.0,0.0007822,4136.0
347,test,math_comp,136,E,2048,1.0,0.0007184,9944.0
347,test,math_comp,136,E,4096,1.0,0.0006832,9440.6
349,train,math_olympiad,117,A,512,0.0,0.0001353,4588.4
349,train,math_olympiad,117,A,1024,0.0,0.0002633,9276.5
349,train,math_olympiad,117,A,2048,0.0,0.0005193,14593.6
349,train,math_olympiad,117,A,4096,0.0,0.0010313,28841.2
349,train,math_olympiad,117,B,512,0.0,0.0002398,11321.2
349,train,math_olympiad,117,B,1024,0.0,0.0004198,21120.9
349,train,math_olympiad,117,B,2048,0.0,0.0004931,24701.1
349,train,math_olympiad,117,B,4096,0.0,0.0008027,39991.2
349,train,math_olympiad,117,C,512,0.0,0.0001118,4040.6
349,train,math_olympiad,117,C,1024,0.0,0.0002142,10332.2
349,train,math_olympiad,117,C,2048,0.0,0.000419,20439.8
349,train,math_olympiad,117,C,4096,0.0,0.0008286,40154.9
349,train,math_olympiad,117,D,512,0.0,0.0001367,7964.1
349,train,math_olympiad,117,D,1024,0.0,0.0002647,7560.1
349,train,math_olympiad,117,D,2048,1.0,0.000238,13126.5
349,train,math_olympiad,117,D,4096,1.0,0.0003334,8295.3
349,train,math_olympiad,117,E,512,0.0,0.0006013,8237.5
349,train,math_olympiad,117,E,1024,0.0,0.0011645,6815.9
349,train,math_olympiad,117,E,2048,0.0,0.0022909,15185.3
349,train,math_olympiad,117,E,4096,1.0,0.0035405,22362.5
350,train,math_olympiad,159,A,512,0.0,0.0001377,4472.2
350,train,math_olympiad,159,A,1024,0.0,0.0002657,7489.1
350,train,math_olympiad,159,A,2048,0.0,0.0005217,14841.5
350,train,math_olympiad,159,A,4096,0.0,0.0010337,35888.5
350,train,math_olympiad,159,B,512,0.0,0.0002431,10938.2
350,train,math_olympiad,159,B,1024,0.0,0.0004735,21969.6
350,train,math_olympiad,159,B,2048,0.0,0.0008916,42684.2
350,train,math_olympiad,159,B,4096,0.0,0.0010446,50709.0
350,train,math_olympiad,159,C,512,0.0,0.0001108,6378.3
350,train,math_olympiad,159,C,1024,0.0,0.0002172,10272.4
350,train,math_olympiad,159,C,2048,0.0,0.0001016,5442.0
350,train,math_olympiad,159,C,4096,0.0,0.0008316,28083.0
350,train,math_olympiad,159,D,512,0.0,0.0001396,7536.4
350,train,math_olympiad,159,D,1024,0.0,0.0002676,51035.8
350,train,math_olympiad,159,D,2048,0.0,3.16e-05,1929.8
350,train,math_olympiad,159,D,4096,0.0,0.0010356,55599.9
350,train,math_olympiad,159,E,512,0.0,0.0006121,3841.5
350,train,math_olympiad,159,E,1024,0.0,0.0011753,23624.8
350,train,math_olympiad,159,E,2048,0.0,0.0023017,13120.7
350,train,math_olympiad,159,E,4096,0.0,0.0045545,40322.3
352,train,coding,188,A,512,1.0,5.9e-05,1799.8
352,train,coding,188,A,1024,1.0,4.53e-05,1088.3
352,train,coding,188,A,2048,1.0,4.53e-05,1150.2
352,train,coding,188,A,4096,1.0,4.53e-05,1130.7
352,train,coding,188,B,512,0.0,8.32e-05,3255.8
352,train,coding,188,B,1024,0.0,9.81e-05,3938.7
352,train,coding,188,B,2048,0.0,8.32e-05,3303.0
352,train,coding,188,B,4096,0.0,8.32e-05,3423.9
352,train,coding,188,C,512,0.0,0.0001174,3891.8
352,train,coding,188,C,1024,1.0,4e-05,3565.4
352,train,coding,188,C,2048,1.0,4e-05,3524.2
352,train,coding,188,C,4096,1.0,4e-05,3720.2
352,train,coding,188,D,512,0.0,0.000141,6044.7
352,train,coding,188,D,1024,0.0,0.000269,12556.5
352,train,coding,188,D,2048,1.0,0.000228,9237.2
352,train,coding,188,D,4096,1.0,4.17e-05,2350.3
352,train,coding,188,E,512,0.0,0.0006193,2827.0
352,train,coding,188,E,1024,1.0,0.0010538,22509.9
352,train,coding,188,E,2048,1.0,0.0009856,21375.7
352,train,coding,188,E,4096,1.0,0.0009221,3188.8
353,test,math_olympiad,174,A,512,0.0,0.0001386,3721.5
353,test,math_olympiad,174,A,1024,0.0,0.0002666,7083.4
353,test,math_olympiad,174,A,2048,0.0,0.0005226,13523.6
353,test,math_olympiad,174,A,4096,0.0,0.0010346,26772.6
353,test,math_olympiad,174,B,512,0.0,0.000244,11131.5
353,test,math_olympiad,174,B,1024,0.0,0.0004744,21691.0
353,test,math_olympiad,174,B,2048,0.0,0.0005442,25477.5
353,test,math_olympiad,174,B,4096,0.0,0.0005608,26337.3
353,test,math_olympiad,174,C,512,0.0,0.0001163,4572.7
353,test,math_olympiad,174,C,1024,0.0,0.0002187,8606.7
353,test,math_olympiad,174,C,2048,0.0,0.0004235,13842.3
353,test,math_olympiad,174,C,4096,0.0,0.0008331,25381.8
353,test,math_olympiad,174,D,512,0.0,0.0001409,5504.2
353,test,math_olympiad,174,D,1024,0.0,0.0002689,9261.1
353,test,math_olympiad,174,D,2048,0.0,0.0005249,25374.3
353,test,math_olympiad,174,D,4096,0.0,0.0010369,57074.2
353,test,math_olympiad,174,E,512,0.0,0.0006163,10909.0
353,test,math_olympiad,174,E,1024,0.0,0.0011798,6208.8
353,test,math_olympiad,174,E,2048,0.0,0.0023059,13545.9
353,test,math_olympiad,174,E,4096,0.0,0.0045587,73429.2
354,test,coding,181,A,512,1.0,5.11e-05,1134.0
354,test,coding,181,A,1024,1.0,5.11e-05,1648.4
354,test,coding,181,A,2048,1.0,5.11e-05,1256.7
354,test,coding,181,A,4096,1.0,5.11e-05,1245.6
354,test,coding,181,B,512,1.0,9.2e-05,3665.2
354,test,coding,181,B,1024,1.0,9.2e-05,3651.2
354,test,coding,181,B,2048,1.0,9.2e-05,3643.6
354,test,coding,181,B,4096,1.0,9.2e-05,3896.8
354,test,coding,181,C,512,1.0,4.17e-05,980.0
354,test,coding,181,C,1024,1.0,4.89e-05,1727.3
354,test,coding,181,C,2048,1.0,4.17e-05,798.5
354,test,coding,181,C,4096,1.0,4.17e-05,1164.7
354,test,coding,181,D,512,0.0,0.0001405,6193.6
354,test,coding,181,D,1024,1.0,0.0002553,11196.2
354,test,coding,181,D,2048,1.0,0.0002623,38988.7
354,test,coding,181,D,4096,1.0,0.0002108,7981.4
354,test,coding,181,E,512,0.0,0.0006172,9343.9
354,test,coding,181,E,1024,1.0,0.0007437,6318.1
354,test,coding,181,E,2048,1.0,0.0008889,7932.9
354,test,coding,181,E,4096,1.0,0.0008889,7697.8
356,train,math_comp,98,A,512,0.0,8.06e-05,2818.3
356,train,math_comp,98,A,1024,1.0,0.0001004,2552.9
356,train,math_comp,98,A,2048,1.0,0.0001096,2763.9
356,train,math_comp,98,A,4096,1.0,0.0005959,21065.8
356,train,math_comp,98,B,512,0.0,0.0002382,12539.8
356,train,math_comp,98,B,1024,0.0,0.0004686,22518.0
356,train,math_comp,98,B,2048,1.0,0.0004884,23349.5
356,train,math_comp,98,B,4096,1.0,0.0004834,25333.0
356,train,math_comp,98,C,512,0.0,0.0001104,3803.8
356,train,math_comp,98,C,1024,0.0,0.0002128,7454.8
356,train,math_comp,98,C,2048,1.0,1.42e-05,1847.2
356,train,math_comp,98,C,4096,1.0,5.1e-05,3219.0
356,train,math_comp,98,D,512,0.0,0.000135,7959.2
356,train,math_comp,98,D,1024,0.0,0.0002631,16593.4
356,train,math_comp,98,D,2048,1.0,0.0002633,57096.6
356,train,math_comp,98,D,4096,1.0,0.0002246,47696.7
356,train,math_comp,98,E,512,0.0,0.0005959,5436.6
356,train,math_comp,98,E,1024,1.0,0.0011195,9336.3
356,train,math_comp,98,E,2048,1.0,0.0021472,11646.4
356,train,math_comp,98,E,4096,1.0,0.0018796,16872.2
358,train,math_olympiad,138,A,512,0.0,0.0001363,3471.4
358,train,math_olympiad,138,A,1024,0.0,0.0002643,6715.4
358,train,math_olympiad,138,A,2048,0.0,0.0005203,13093.6
358,train,math_olympiad,138,A,4096,0.0,0.0010323,27576.0
358,train,math_olympiad,138,B,512,0.0,0.0002414,10983.6
358,train,math_olympiad,138,B,1024,0.0,0.0004718,22113.7
358,train,math_olympiad,138,B,2048,0.0,0.0008421,40151.8
358,train,math_olympiad,138,B,4096,0.0,0.0008822,44468.4
358,train,math_olympiad,138,C,512,0.0,0.0001135,5284.0
358,train,math_olympiad,138,C,1024,0.0,0.0002159,7760.0
358,train,math_olympiad,138,C,2048,0.0,0.0004207,14541.5
358,train,math_olympiad,138,C,4096,0.0,0.0008303,33616.8
358,train,math_olympiad,138,D,512,0.0,0.0001381,9397.8
358,train,math_olympiad,138,D,1024,0.0,0.000266,40111.0
358,train,math_olympiad,138,D,2048,0.0,0.000522,46513.4
358,train,math_olympiad,138,D,4096,0.0,0.001034,51361.0
358,train,math_olympiad,138,E,512,0.0,0.000607,8808.6
358,train,math_olympiad,138,E,1024,0.0,0.0011702,6246.4
358,train,math_olympiad,138,E,2048,0.0,0.0022969,7820.8
358,train,math_olympiad,138,E,4096,0.0,0.0045494,71255.4
359,train,math_comp,115,A,512,0.0,0.0001349,4270.5
359,train,math_comp,115,A,1024,0.0,0.0002629,8110.3
359,train,math_comp,115,A,2048,0.0,0.0005189,14346.4
359,train,math_comp,115,A,4096,1.0,0.0009062,25036.8
359,train,math_comp,115,B,512,1.0,0.0001621,8072.9
359,train,math_comp,115,B,1024,1.0,0.0001369,6953.1
359,train,math_comp,115,B,2048,1.0,0.0001639,8091.9
359,train,math_comp,115,B,4096,1.0,0.0001621,8020.9
359,train,math_comp,115,C,512,0.0,0.0001118,3317.1
359,train,math_comp,115,C,1024,1.0,5.58e-05,1736.6
359,train,math_comp,115,C,2048,0.0,0.000419,12280.0
359,train,math_comp,115,C,4096,1.0,8.46e-05,4410.8
359,train,math_comp,115,D,512,0.0,2.03e-05,983.6
359,train,math_comp,115,D,1024,1.0,8.98e-05,4723.7
359,train,math_comp,115,D,2048,1.0,9.26e-05,5204.8
359,train,math_comp,115,D,4096,1.0,1.76e-05,1532.3
359,train,math_comp,115,E,512,0.0,0.0006013,2679.3
359,train,math_comp,115,E,1024,0.0,0.0011645,12172.7
359,train,math_comp,115,E,2048,1.0,0.0014832,12567.3
359,train,math_comp,115,E,4096,1.0,0.001778,15479.6
360,train,math_olympiad,197,A,512,1.0,0.0001398,4186.6
360,train,math_olympiad,197,A,1024,0.0,0.0002678,7498.7
360,train,math_olympiad,197,A,2048,0.0,0.0005238,16977.8
360,train,math_olympiad,197,A,4096,1.0,0.0010358,34722.8
360,train,math_olympiad,197,B,512,0.0,0.0002462,11698.1
360,train,math_olympiad,197,B,1024,0.0,0.0004766,22279.4
360,train,math_olympiad,197,B,2048,0.0,0.0006238,29507.6
360,train,math_olympiad,197,B,4096,0.0,0.000793,37331.2
360,train,math_olympiad,197,C,512,0.0,0.0001179,3116.3
360,train,math_olympiad,197,C,1024,0.0,0.0002203,8189.6
360,train,math_olympiad,197,C,2048,1.0,0.0004251,17605.9
360,train,math_olympiad,197,C,4096,0.0,0.0008347,27199.8
360,train,math_olympiad,197,D,512,0.0,7.31e-05,19209.8
360,train,math_olympiad,197,D,1024,0.0,0.0002701,16410.7
360,train,math_olympiad,197,D,2048,0.0,0.0005261,18049.8
360,train,math_olympiad,197,D,4096,0.0,0.0010381,49294.5
360,train,math_olympiad,197,E,512,0.0,0.0006226,5088.5
360,train,math_olympiad,197,E,1024,0.0,0.0011861,6352.7
360,train,math_olympiad,197,E,2048,0.0,0.0023122,37423.2
360,train,math_olympiad,197,E,4096,0.0,0.0045653,20325.3
361,train,coding,154,A,512,1.0,5.3e-05,1545.8
361,train,coding,154,A,1024,1.0,5.3e-05,1368.7
361,train,coding,154,A,2048,1.0,5.3e-05,1530.2
361,train,coding,154,A,4096,1.0,5.3e-05,1361.5
361,train,coding,154,B,512,1.0,9.61e-05,4211.8
361,train,coding,154,B,1024,1.0,8.13e-05,3286.6
361,train,coding,154,B,2048,1.0,8.13e-05,3547.2
361,train,coding,154,B,4096,1.0,8.13e-05,3416.9
361,train,coding,154,C,512,0.0,0.0001147,3802.8
361,train,coding,154,C,1024,0.0,0.0002171,7340.9
361,train,coding,154,C,2048,0.0,0.0004219,16481.8
361,train,coding,154,C,4096,1.0,3.09e-05,2134.0
361,train,coding,154,D,512,0.0,0.0001387,16518.4
361,train,coding,154,D,1024,1.0,4.6e-05,10508.7
361,train,coding,154,D,2048,0.0,0.0005227,23292.0
361,train,coding,154,D,4096,0.0,0.0010347,61946.1
361,train,coding,154,E,512,0.0,0.0006106,2325.3
361,train,coding,154,E,1024,0.0,0.0011738,5158.2
361,train,coding,154,E,2048,0.0,0.0022999,12979.0
361,train,coding,154,E,4096,0.0,0.0045527,26713.2
362,train,coding,292,A,512,1.0,9.73e-05,2888.5
362,train,coding,292,A,1024,1.0,9.73e-05,2155.5
362,train,coding,292,A,2048,1.0,9.73e-05,2130.5
362,train,coding,292,A,4096,1.0,9.73e-05,2176.3
362,train,coding,292,B,512,1.0,0.0001639,6552.6
362,train,coding,292,B,1024,1.0,0.0001639,6731.5
362,train,coding,292,B,2048,1.0,0.0001639,6581.1
362,train,coding,292,B,4096,1.0,0.0001639,6559.9
362,train,coding,292,C,512,1.0,8.24e-05,2288.4
362,train,coding,292,C,1024,1.0,8.28e-05,2251.4
362,train,coding,292,C,2048,1.0,0.0002758,10596.5
362,train,coding,292,C,4096,1.0,8.38e-05,3162.3
362,train,coding,292,D,512,0.0,0.0001489,5047.6
362,train,coding,292,D,1024,1.0,0.0001872,17930.4
362,train,coding,292,D,2048,1.0,0.0004007,14828.2
362,train,coding,292,D,4096,1.0,0.0002319,21382.8
362,train,coding,292,E,512,0.0,0.0006508,5451.0
362,train,coding,292,E,1024,1.0,0.0008224,12274.6
362,train,coding,292,E,2048,1.0,0.0009071,7830.5
362,train,coding,292,E,4096,1.0,0.0008906,7655.8
363,train,math_olympiad,137,A,512,0.0,0.0001363,3664.7
363,train,math_olympiad,137,A,1024,0.0,0.0002643,8915.3
363,train,math_olympiad,137,A,2048,0.0,0.0005203,14197.4
363,train,math_olympiad,137,A,4096,0.0,0.0010323,28522.5
363,train,math_olympiad,137,B,512,0.0,0.0002414,13486.9
363,train,math_olympiad,137,B,1024,0.0,0.0004718,26882.1
363,train,math_olympiad,137,B,2048,0.0,0.0009326,43196.4
363,train,math_olympiad,137,B,4096,0.0,0.0018542,86306.8
363,train,math_olympiad,137,C,512,0.0,0.0001133,4824.9
363,train,math_olympiad,137,C,1024,0.0,0.0002157,6519.2
363,train,math_olympiad,137,C,2048,0.0,0.0004205,15496.0
363,train,math_olympiad,137,C,4096,0.0,0.0008301,27055.0
363,train,math_olympiad,137,D,512,0.0,0.0001378,6892.4
363,train,math_olympiad,137,D,1024,0.0,0.0002658,12775.0
363,train,math_olympiad,137,D,2048,0.0,0.0005218,20487.6
363,train,math_olympiad,137,D,4096,0.0,0.0010338,89418.8
363,train,math_olympiad,137,E,512,0.0,0.0006067,3474.5
363,train,math_olympiad,137,E,1024,0.0,0.0011699,10303.2
363,train,math_olympiad,137,E,2048,0.0,0.0022963,33860.0
363,train,math_olympiad,137,E,4096,0.0,0.0045491,70025.1
364,test,math_comp,99,A,512,1.0,3.16e-05,821.6
364,test,math_comp,99,A,1024,1.0,3.19e-05,888.6
364,test,math_comp,99,A,2048,1.0,3.19e-05,903.5
364,test,math_comp,99,A,4096,1.0,3.19e-05,967.3
364,test,math_comp,99,B,512,1.0,0.0001078,4721.2
364,test,math_comp,99,B,1024,1.0,0.0001195,5235.8
364,test,math_comp,99,B,2048,1.0,0.0001078,4720.9
364,test,math_comp,99,B,4096,1.0,0.0001078,4728.4
364,test,math_comp,99,C,512,1.0,8.49e-05,3131.8
364,test,math_comp,99,C,1024,1.0,2.95e-05,1436.5
364,test,math_comp,99,C,2048,1.0,9.95e-05,3584.4
364,test,math_comp,99,C,4096,1.0,9.95e-05,3699.4
364,test,math_comp,99,D,512,1.0,7.76e-05,3509.4
364,test,math_comp,99,D,1024,1.0,7.55e-05,4109.3
364,test,math_comp,99,D,2048,1.0,7.46e-05,3816.4
364,test,math_comp,99,D,4096,1.0,7.55e-05,3726.3
364,test,math_comp,99,E,512,0.0,0.000498,7550.6
364,test,math_comp,99,E,1024,0.0,0.0005016,1757.5
364,test,math_comp,99,E,2048,0.0,0.000498,2760.3
364,test,math_comp,99,E,4096,0.0,0.0005398,4505.0
365,train,math_olympiad,117,A,512,0.0,0.000135,3658.9
365,train,math_olympiad,117,A,1024,1.0,0.0002292,6283.4
365,train,math_olympiad,117,A,2048,1.0,0.0002687,7418.0
365,train,math_olympiad,117,A,4096,1.0,0.0004452,13182.9
365,train,math_olympiad,117,B,512,0.0,0.0002398,11073.1
365,train,math_olympiad,117,B,1024,0.0,0.0004702,22223.0
365,train,math_olympiad,117,B,2048,0.0,0.0006965,33601.5
365,train,math_olympiad,117,B,4096,0.0,0.0012181,59096.3
365,train,math_olympiad,117,C,512,0.0,0.0001118,3779.2
365,train,math_olympiad,117,C,1024,0.0,0.0002142,7275.1
365,train,math_olympiad,117,C,2048,0.0,0.000419,13268.7
365,train,math_olympiad,117,C,4096,1.0,0.0004414,13699.7
365,train,math_olympiad,117,D,512,0.0,0.0001363,7470.0
365,train,math_olympiad,117,D,1024,0.0,5.13e-05,3887.7
365,train,math_olympiad,117,D,2048,1.0,0.0003681,15189.1
365,train,math_olympiad,117,D,4096,1.0,0.0003643,15321.8
365,train,math_olympiad,117,E,512,0.0,0.0006001,1783.4
365,train,math_olympiad,117,E,1024,0.0,0.0011633,3390.2
365,train,math_olympiad,117,E,2048,1.0,0.0021992,31550.6
365,train,math_olympiad,117,E,4096,1.0,0.002769,24910.9
367,train,coding,168,A,512,1.0,4.7e-05,1173.1
367,train,coding,168,A,1024,1.0,4.7e-05,1162.3
367,train,coding,168,A,2048,1.0,4.7e-05,1177.6
367,train,coding,168,A,4096,1.0,4.7e-05,1242.3
367,train,coding,168,B,512,1.0,8.32e-05,3838.1
367,train,coding,168,B,1024,1.0,8.32e-05,3840.8
367,train,coding,168,B,2048,1.0,8.32e-05,3732.7
367,train,coding,168,B,4096,1.0,8.32e-05,3787.9
367,train,coding,168,C,512,1.0,4.1e-05,1030.2
367,train,coding,168,C,1024,1.0,0.0001396,4658.1
367,train,coding,168,C,2048,1.0,4.1e-05,1087.8
367,train,coding,168,C,4096,1.0,4.1e-05,1004.2
367,train,coding,168,D,512,0.0,0.0001396,5249.2
367,train,coding,168,D,1024,0.0,0.0002676,33959.9
367,train,coding,168,D,2048,1.0,4.5e-05,1876.7
367,train,coding,168,D,4096,1.0,4.5e-05,1476.4
367,train,coding,168,E,512,0.0,0.0006136,8277.9
367,train,coding,168,E,1024,1.0,0.0007874,4031.3
367,train,coding,168,E,2048,1.0,0.000761,6884.0
367,train,coding,168,E,4096,1.0,0.0008185,2505.5
368,train,coding,202,A,512,0.0,0.0001398,3968.7
368,train,coding,202,A,1024,1.0,0.0001573,4415.3
368,train,coding,202,A,2048,1.0,0.0002016,5650.1
368,train,coding,202,A,4096,1.0,0.0001353,3830.0
368,train,coding,202,B,512,1.0,0.0001264,5162.0
368,train,coding,202,B,1024,1.0,0.0001264,5053.8
368,train,coding,202,B,2048,1.0,0.0001264,5168.5
368,train,coding,202,B,4096,1.0,0.0001264,5233.4
368,train,coding,202,C,512,1.0,7.39e-05,5023.4
368,train,coding,202,C,1024,1.0,7.67e-05,5512.6
368,train,coding,202,C,2048,0.0,0.0004259,15137.9
368,train,coding,202,C,4096,1.0,7.17e-05,4478.8
368,train,coding,202,D,512,1.0,3.23e-05,1526.3
368,train,coding,202,D,1024,1.0,0.0002278,10277.3
368,train,coding,202,D,2048,1.0,0.0004943,42675.6
368,train,coding,202,D,4096,1.0,0.0004203,44767.4
368,train,coding,202,E,512,0.0,0.0006238,2963.0
368,train,coding,202,E,1024,0.0,0.0011867,16460.5
368,train,coding,202,E,2048,1.0,0.0011881,4441.8
368,train,coding,202,E,4096,1.0,0.0013099,7642.0
369,test,math_comp,115,A,512,0.0,0.000135,4109.5
369,test,math_comp,115,A,1024,1.0,0.0002477,6771.1
369,test,math_comp,115,A,2048,1.0,0.0002527,6864.4
369,test,math_comp,115,A,4096,0.0,0.0003232,8954.4
369,test,math_comp,115,B,512,0.0,0.0002396,14262.6
369,test,math_comp,115,B,1024,1.0,0.0003188,19164.4
369,test,math_comp,115,B,2048,1.0,0.0003274,19581.1
369,test,math_comp,115,B,4096,1.0,0.0005825,32350.3
369,test,math_comp,115,C,512,0.0,0.0001115,4140.7
369,test,math_comp,115,C,1024,0.0,0.0002139,7663.7
369,test,math_comp,115,C,2048,1.0,0.0003127,10814.0
369,test,math_comp,115,C,4096,1.0,0.0003829,12997.6
369,test,math_comp,115,D,512,0.0,0.0001362,7055.5
369,test,math_comp,115,D,1024,1.0,4.22e-05,2724.5
369,test,math_comp,115,D,2048,1.0,0.000256,11300.8
369,test,math_comp,115,D,4096,1.0,0.0002952,35577.7
369,test,math_comp,115,E,512,0.0,0.0006007,1886.0
369,test,math_comp,115,E,1024,0.0,0.0011639,3698.1
369,test,math_comp,115,E,2048,0.0,0.0022903,6707.7
369,test,math_comp,115,E,4096,1.0,0.0032264,9067.3
371,train,coding,176,A,512,1.0,4.39e-05,1214.8
371,train,coding,176,A,1024,1.0,4.39e-05,1111.8
371,train,coding,176,A,2048,1.0,4.39e-05,1084.5
371,train,coding,176,A,4096,1.0,4.39e-05,1195.1
371,train,coding,176,B,512,1.0,8.33e-05,3384.7
371,train,coding,176,B,1024,1.0,8.33e-05,3355.8
371,train,coding,176,B,2048,1.0,8.33e-05,3376.5
371,train,coding,176,B,4096,1.0,8.33e-05,3271.8
371,train,coding,176,C,512,0.0,0.0001165,3562.0
371,train,coding,176,C,1024,1.0,2.35e-05,2594.1
371,train,coding,176,C,2048,1.0,3.81e-05,2506.0
371,train,coding,176,C,4096,1.0,0.0001287,3725.9
371,train,coding,176,D,512,0.0,0.0001403,18055.8
371,train,coding,176,D,1024,1.0,3.98e-05,2432.9
371,train,coding,176,D,2048,1.0,0.0001963,23976.8
371,train,coding,176,D,4096,1.0,3.98e-05,2011.6
371,train,coding,176,E,512,0.0,0.000616,4921.6
371,train,coding,176,E,1024,1.0,0.0005489,5090.6
371,train,coding,176,E,2048,1.0,0.0005071,2731.9
371,train,coding,176,E,4096,1.0,0.0004862,2633.1
376,train,coding,162,A,512,0.0,8.1e-05,2145.9
376,train,coding,162,A,1024,0.0,7.73e-05,2127.5
376,train,coding,162,A,2048,0.0,7.73e-05,2036.4
376,train,coding,162,A,4096,0.0,7.73e-05,2137.3
376,train,coding,162,B,512,1.0,8.37e-05,14994.6
376,train,coding,162,B,1024,1.0,8.5e-05,3531.1
376,train,coding,162,B,2048,1.0,8.5e-05,3520.2
376,train,coding,162,B,4096,1.0,8.5e-05,3542.3
376,train,coding,162,C,512,0.0,0.0001154,3887.7
376,train,coding,162,C,1024,0.0,4.26e-05,2885.7
376,train,coding,162,C,2048,1.0,5.22e-05,3275.1
376,train,coding,162,C,4096,1.0,0.000231,6828.1
376,train,coding,162,D,512,0.0,0.0001396,8579.3
376,train,coding,162,D,1024,1.0,0.0001099,7092.6
376,train,coding,162,D,2048,1.0,0.0002196,20591.0
376,train,coding,162,D,4096,1.0,0.0001461,7103.1
376,train,coding,162,E,512,0.0,0.0006124,2688.3
376,train,coding,162,E,1024,1.0,0.001172,9566.4
376,train,coding,162,E,2048,1.0,0.0010114,6194.5
376,train,coding,162,E,4096,1.0,0.0011346,9650.1
377,train,coding,397,A,512,1.0,0.00014,3206.5
377,train,coding,397,A,1024,1.0,0.000142,3934.4
377,train,coding,397,A,2048,1.0,0.00014,3161.9
377,train,coding,397,A,4096,1.0,0.0001397,3403.3
377,train,coding,397,B,512,1.0,0.0002427,9474.6
377,train,coding,397,B,1024,1.0,0.0002427,9450.5
377,train,coding,397,B,2048,1.0,0.0002427,9464.4
377,train,coding,397,B,4096,1.0,0.0002427,9519.5
377,train,coding,397,C,512,0.0,0.0001337,3897.7
377,train,coding,397,C,1024,0.0,0.0002361,5977.2
377,train,coding,397,C,2048,1.0,0.0001121,4031.7
377,train,coding,397,C,4096,1.0,0.0001161,4261.1
377,train,coding,397,D,512,0.0,0.0001565,6592.8
377,train,coding,397,D,1024,1.0,4.25e-05,1452.0
377,train,coding,397,D,2048,1.0,0.000473,48475.9
377,train,coding,397,D,4096,1.0,4.25e-05,4922.5
377,train,coding,397,E,512,0.0,0.0006823,2455.6
377,train,coding,397,E,1024,1.0,0.001075,5905.3
377,train,coding,397,E,2048,1.0,0.000822,5266.0
377,train,coding,397,E,4096,1.0,0.0010879,8106.9
379,train,math_olympiad,146,A,512,0.0,0.0001369,3625.3
379,train,math_olympiad,146,A,1024,0.0,0.0002649,7272.8
379,train,math_olympiad,146,A,2048,0.0,0.0005209,14764.3
379,train,math_olympiad,146,A,4096,0.0,0.0010329,29226.7
379,train,math_olympiad,146,B,512,0.0,0.0002418,11336.7
379,train,math_olympiad,146,B,1024,0.0,0.0004722,22820.7
379,train,math_olympiad,146,B,2048,0.0,0.000933,45998.6
379,train,math_olympiad,146,B,4096,0.0,0.0010684,52926.7
379,train,math_olympiad,146,C,512,0.0,0.0001141,4441.3
379,train,math_olympiad,146,C,1024,0.0,0.0002165,6082.6
379,train,math_olympiad,146,C,2048,0.0,0.0004213,17327.5
379,train,math_olympiad,146,C,4096,0.0,0.0008309,28744.9
379,train,math_olympiad,146,D,512,0.0,0.0001386,8145.5
379,train,math_olympiad,146,D,1024,0.0,0.0002666,19971.7
379,train,math_olympiad,146,D,2048,0.0,0.0005226,28213.1
379,train,math_olympiad,146,D,4096,0.0,0.0010346,70517.2
379,train,math_olympiad,146,E,512,0.0,0.0006079,2828.3
379,train,math_olympiad,146,E,1024,0.0,0.0011708,5735.7
379,train,math_olympiad,146,E,2048,0.0,0.0022972,34638.2
379,train,math_olympiad,146,E,4096,0.0,0.00455,68960.0
383,train,coding,126,A,512,1.0,2.36e-05,565.5
383,train,coding,126,A,1024,1.0,2.36e-05,571.5
383,train,coding,126,A,2048,1.0,2.36e-05,616.9
383,train,coding,126,A,4096,1.0,2.44e-05,645.1
383,train,coding,126,B,512,1.0,3.77e-05,3958.5
383,train,coding,126,B,1024,1.0,3.77e-05,5493.8
383,train,coding,126,B,2048,1.0,3.77e-05,4155.0
383,train,coding,126,B,4096,1.0,3.77e-05,5106.6
383,train,coding,126,C,512,1.0,2.19e-05,1276.7
383,train,coding,126,C,1024,1.0,2.19e-05,2428.8
383,train,coding,126,C,2048,1.0,2.19e-05,2447.2
383,train,coding,126,C,4096,1.0,2.19e-05,1863.6
383,train,coding,126,D,512,1.0,2.38e-05,8107.7
383,train,coding,126,D,1024,1.0,6.73e-05,3577.4
383,train,coding,126,D,2048,1.0,4.21e-05,2136.9
383,train,coding,126,D,4096,1.0,0.0001028,10554.2
383,train,coding,126,E,512,1.0,0.000439,1207.9
383,train,coding,126,E,1024,1.0,0.0004255,6417.9
383,train,coding,126,E,2048,1.0,0.0004827,2673.7
383,train,coding,126,E,4096,1.0,0.0004827,7289.7
384,train,coding,200,A,512,1.0,6.42e-05,1964.1
384,train,coding,200,A,1024,1.0,6.42e-05,1630.8
384,train,coding,200,A,2048,1.0,6.42e-05,1586.0
384,train,coding,200,A,4096,1.0,6.42e-05,1726.0
384,train,coding,200,B,512,1.0,0.0001096,4402.4
384,train,coding,200,B,1024,1.0,0.0001092,4468.3
384,train,coding,200,B,2048,1.0,0.0001092,4509.1
384,train,coding,200,B,4096,1.0,0.0001092,4605.9
384,train,coding,200,C,512,1.0,5.32e-05,2945.0
384,train,coding,200,C,1024,1.0,5.32e-05,3115.3
384,train,coding,200,C,2048,1.0,0.0001794,5657.3
384,train,coding,200,C,4096,1.0,0.0002452,8411.1
384,train,coding,200,D,512,1.0,2.89e-05,3362.4
384,train,coding,200,D,1024,1.0,0.0001362,5121.4
384,train,coding,200,D,2048,1.0,0.0001422,11436.1
384,train,coding,200,D,4096,1.0,0.0002767,12082.1
384,train,coding,200,E,512,0.0,0.0006244,4745.8
384,train,coding,200,E,1024,1.0,0.000818,4097.2
384,train,coding,200,E,2048,1.0,0.0008414,2722.4
384,train,coding,200,E,4096,1.0,0.0007234,3368.1
385,train,math_olympiad,140,A,512,0.0,0.0001368,3787.9
385,train,math_olympiad,140,A,1024,0.0,0.0002648,7645.7
385,train,math_olympiad,140,A,2048,0.0,0.0005208,14362.1
385,train,math_olympiad,140,A,4096,1.0,0.0001733,6024.7
385,train,math_olympiad,140,B,512,0.0,0.0002412,11212.9
385,train,math_olympiad,140,B,1024,1.0,0.0003924,18444.5
385,train,math_olympiad,140,B,2048,1.0,0.0004262,19578.6
385,train,math_olympiad,140,B,4096,1.0,0.0004244,20203.9
385,train,math_olympiad,140,C,512,0.0,0.0001136,3759.1
385,train,math_olympiad,140,C,1024,0.0,0.000216,7307.6
385,train,math_olympiad,140,C,2048,1.0,0.0003414,12027.4
385,train,math_olympiad,140,C,4096,1.0,0.0003094,11412.3
385,train,math_olympiad,140,D,512,1.0,6.18e-05,4607.6
385,train,math_olympiad,140,D,1024,1.0,0.0002188,19926.8
385,train,math_olympiad,140,D,2048,1.0,0.0002122,18353.0
385,train,math_olympiad,140,D,4096,1.0,0.0002052,9735.2
385,train,math_olympiad,140,E,512,0.0,0.0006052,2547.7
385,train,math_olympiad,140,E,1024,1.0,0.0011343,5603.3
385,train,math_olympiad,140,E,2048,1.0,0.0011101,5499.4
385,train,math_olympiad,140,E,4096,1.0,0.001084,2886.9
386,train,coding,210,A,512,0.0,8e-05,1957.5
386,train,coding,210,A,1024,0.0,9.1e-05,2334.0
386,train,coding,210,A,2048,0.0,8.23e-05,2045.0
386,train,coding,210,A,4096,1.0,8.73e-05,2892.6
386,train,coding,210,B,512,1.0,0.0001105,4290.9
386,train,coding,210,B,1024,1.0,0.0001105,4282.9
386,train,coding,210,B,2048,1.0,0.0001105,4419.4
386,train,coding,210,B,4096,1.0,0.0001105,4586.3
386,train,coding,210,C,512,0.0,0.0001192,3848.0
386,train,coding,210,C,1024,1.0,5.66e-05,2661.8
386,train,coding,210,C,2048,1.0,5.66e-05,3105.4
386,train,coding,210,C,4096,1.0,0.0004278,11062.7
386,train,coding,210,D,512,0.0,0.0001427,7496.8
386,train,coding,210,D,1024,1.0,0.0001352,6435.5
386,train,coding,210,D,2048,0.0,0.0005267,41048.0
386,train,coding,210,D,4096,1.0,2.3e-05,1936.8
386,train,coding,210,E,512,0.0,0.0006262,8334.9
386,train,coding,210,E,1024,1.0,0.0010585,14831.2
386,train,coding,210,E,2048,1.0,0.0011369,3977.8
386,train,coding,210,E,4096,1.0,0.0008627,6716.3
387,test,coding,198,A,512,0.0,8.3e-05,2046.0
387,test,coding,198,A,1024,0.0,8.12e-05,1981.3
387,test,coding,198,A,2048,0.0,8.07e-05,1962.5
387,test,coding,198,A,4096,0.0,8.07e-05,2342.0
387,test,coding,198,B,512,0.0,0.000106,4637.6
387,test,coding,198,B,1024,0.0,0.000106,4572.7
387,test,coding,198,B,2048,0.0,0.000106,4644.5
387,test,coding,198,B,4096,0.0,0.000106,4578.7
387,test,coding,198,C,512,0.0,0.0001178,3668.7
387,test,coding,198,C,1024,0.0,0.0002202,7208.0
387,test,coding,198,C,2048,0.0,5.56e-05,2660.8
387,test,coding,198,C,4096,0.0,0.0008346,28920.2
387,test,coding,198,D,512,0.0,0.0001417,11148.2
387,test,coding,198,D,1024,0.0,0.0002697,25302.6
387,test,coding,198,D,2048,1.0,0.0003957,30711.0
387,test,coding,198,D,4096,1.0,0.0005525,20568.3
387,test,coding,198,E,512,0.0,0.0006223,8435.9
387,test,coding,198,E,1024,0.0,0.0011855,6667.4
387,test,coding,198,E,2048,0.0,0.0023122,11862.7
387,test,coding,198,E,4096,0.0,0.004565,18999.6
390,test,math_olympiad,275,A,512,0.0,0.0001455,3542.2
390,test,math_olympiad,275,A,1024,0.0,0.0002735,7029.0
390,test,math_olympiad,275,A,2048,0.0,0.0005295,18529.4
390,test,math_olympiad,275,A,4096,0.0,0.0010415,28930.7
390,test,math_olympiad,275,B,512,0.0,0.0002522,10529.2
390,test,math_olympiad,275,B,1024,0.0,0.0004826,22042.7
390,test,math_olympiad,275,B,2048,0.0,0.0009434,43262.0
390,test,math_olympiad,275,B,4096,0.0,0.001865,87674.3
390,test,math_olympiad,275,C,512,0.0,0.0001239,5261.4
390,test,math_olympiad,275,C,1024,0.0,0.0002263,6987.8
390,test,math_olympiad,275,C,2048,0.0,0.0004311,18802.2
390,test,math_olympiad,275,C,4096,0.0,0.0008407,25922.9
390,test,math_olympiad,275,D,512,0.0,0.0001,6333.4
390,test,math_olympiad,275,D,1024,0.0,0.0002773,14408.8
390,test,math_olympiad,275,D,2048,0.0,0.0002768,29096.2
390,test,math_olympiad,275,D,4096,0.0,0.0010453,58255.7
390,test,math_olympiad,275,E,512,0.0,0.0006457,3230.7
390,test,math_olympiad,275,E,1024,0.0,0.0012089,6314.7
390,test,math_olympiad,275,E,2048,0.0,0.0023353,36663.5
390,test,math_olympiad,275,E,4096,0.0,0.0045884,18148.5
393,train,math_olympiad,142,A,512,0.0,0.0001365,3625.6
393,train,math_olympiad,142,A,1024,0.0,0.0002645,7241.6
393,train,math_olympiad,142,A,2048,0.0,0.0005205,14338.7
393,train,math_olympiad,142,A,4096,0.0,0.0010325,39069.7
393,train,math_olympiad,142,B,512,0.0,0.0002418,10771.7
393,train,math_olympiad,142,B,1024,0.0,0.0004722,21117.1
393,train,math_olympiad,142,B,2048,0.0,0.0007611,35232.1
393,train,math_olympiad,142,B,4096,0.0,0.0008749,40837.4
393,train,math_olympiad,142,C,512,0.0,0.0001135,5705.9
393,train,math_olympiad,142,C,1024,0.0,0.0002159,6273.5
393,train,math_olympiad,142,C,2048,0.0,0.0004207,17128.8
393,train,math_olympiad,142,C,4096,0.0,0.0008303,32586.1
393,train,math_olympiad,142,D,512,0.0,0.0001378,14211.6
393,train,math_olympiad,142,D,1024,0.0,0.0002658,22508.8
393,train,math_olympiad,142,D,2048,0.0,0.0005218,29857.7
393,train,math_olympiad,142,D,4096,1.0,0.0009973,95441.4
393,train,math_olympiad,142,E,512,0.0,0.0006061,9125.9
393,train,math_olympiad,142,E,1024,0.0,0.0011693,9641.6
393,train,math_olympiad,142,E,2048,0.0,0.002296,7862.1
393,train,math_olympiad,142,E,4096,1.0,0.0040799,64308.4
396,train,math_olympiad,316,A,512,0.0,0.0001471,3704.0
396,train,math_olympiad,316,A,1024,0.0,0.0002751,10083.9
396,train,math_olympiad,316,A,2048,0.0,0.0005311,14788.1
396,train,math_olympiad,316,A,4096,0.0,0.0010431,28601.5
396,train,math_olympiad,316,B,512,0.0,0.0002564,11708.4
396,train,math_olympiad,316,B,1024,0.0,0.0004868,26151.1
396,train,math_olympiad,316,B,2048,0.0,0.0009476,48313.5
396,train,math_olympiad,316,B,4096,0.0,0.0018692,112830.9
396,train,math_olympiad,316,C,512,0.0,4.65e-05,3213.5
396,train,math_olympiad,316,C,1024,0.0,0.0002299,7488.6
396,train,math_olympiad,316,C,2048,0.0,5.83e-05,3507.9
396,train,math_olympiad,316,C,4096,0.0,7.07e-05,3928.4
396,train,math_olympiad,316,D,512,0.0,0.0001506,5047.4
396,train,math_olympiad,316,D,1024,0.0,0.0002786,12348.7
396,train,math_olympiad,316,D,2048,0.0,0.0005346,64368.8
396,train,math_olympiad,316,D,4096,0.0,0.0010467,48639.9
396,train,math_olympiad,316,E,512,0.0,0.000658,2110.6
396,train,math_olympiad,316,E,1024,0.0,0.0012209,7161.1
396,train,math_olympiad,316,E,2048,0.0,0.0023473,12794.3
396,train,math_olympiad,316,E,4096,0.0,0.0046004,18404.1
397,train,math_olympiad,205,A,512,0.0,0.0001404,3730.9
397,train,math_olympiad,205,A,1024,0.0,0.0002684,7602.0
397,train,math_olympiad,205,A,2048,0.0,0.0005244,14572.9
397,train,math_olympiad,205,A,4096,1.0,0.0010364,39085.5
397,train,math_olympiad,205,B,512,0.0,0.0002468,11142.9
397,train,math_olympiad,205,B,1024,0.0,0.0004056,18648.1
397,train,math_olympiad,205,B,2048,0.0,0.0005978,28891.6
397,train,math_olympiad,205,B,4096,0.0,0.0004457,20498.9
397,train,math_olympiad,205,C,512,0.0,0.0001188,3663.8
397,train,math_olympiad,205,C,1024,0.0,0.0002212,7021.3
397,train,math_olympiad,205,C,2048,0.0,0.000426,14502.4
397,train,math_olympiad,205,C,4096,0.0,0.0008356,31356.9
397,train,math_olympiad,205,D,512,0.0,0.0001432,7009.2
397,train,math_olympiad,205,D,1024,0.0,0.0001617,17322.4
397,train,math_olympiad,205,D,2048,1.0,0.0003427,15622.7
397,train,math_olympiad,205,D,4096,1.0,0.0003177,16854.9
397,train,math_olympiad,205,E,512,0.0,0.0006271,2402.0
397,train,math_olympiad,205,E,1024,0.0,0.00119,16916.7
397,train,math_olympiad,205,E,2048,0.0,0.0023167,7528.9
397,train,math_olympiad,205,E,4096,1.0,0.0022174,32153.3
